case_id	MIMAT0000760	MIMAT0000763	MIMAT0026736	MIMAT0027613	MIMAT0026607	MIMAT0018090	MIMAT0015032	MIMAT0015037	MIMAT0003264	MIMAT0003287	MIMAT0027580	MIMAT0019057	MIMAT0026720	MIMAT0005458	MIMAT0005452	MIMAT0000445	MIMAT0000447	MIMAT0004810	MIMAT0004819	MIMAT0004494	MIMAT0026473	MIMAT0026479	MIMAT0004499	MIMAT0022289	MIMAT0019734	MIMAT0019844	MIMAT0018985	MIMAT0000459	MIMAT0000456	MIMAT0000455	MIMAT0022293	MIMAT0022292	MIMAT0019724	MIMAT0019722	MIMAT0021080	MIMAT0021082	MIMAT0002174	MIMAT0005870	MIMAT0019859	MIMAT0015036	MIMAT0000737	MIMAT0000735	MIMAT0002828	MIMAT0027103	MIMAT0000462	MIMAT0019220	MIMAT0026718	MIMAT0018112	MIMAT0019880	MIMAT0019884	MIMAT0027442	MIMAT0030021	MIMAT0026640	MIMAT0003885	MIMAT0019231	MIMAT0019233	MIMAT0031120	MIMAT0018121	MIMAT0019897	MIMAT0005924	MIMAT0005925	MIMAT0005920	MIMAT0005929	MIMAT0021045	MIMAT0000264	MIMAT0027653	MIMAT0027656	MIMAT0027657	MIMAT0000067	MIMAT0000065	MIMAT0000069	MIMAT0004614	MIMAT0014977	MIMAT0018952	MIMAT0005936	MIMAT0021030	MIMAT0021033	MIMAT0027646	MIMAT0000415	MIMAT0027649	MIMAT0010133	MIMAT0028231	MIMAT0000073	MIMAT0000072	MIMAT0000076	MIMAT0000095	MIMAT0004979	MIMAT0004971	MIMAT0022945	MIMAT0019767	MIMAT0019940	MIMAT0025476	MIMAT0028222	MIMAT0028223	MIMAT0028226	MIMAT0028224	MIMAT0021021	MIMAT0021024	MIMAT0027526	MIMAT0027527	MIMAT0005583	MIMAT0005589	MIMAT0004749	MIMAT0000428	MIMAT0000429	MIMAT0000425	MIMAT0000422	MIMAT0004565	MIMAT0004564	MIMAT0019752	MIMAT0027539	MIMAT0019978	MIMAT0017392	MIMAT0027403	MIMAT0027406	MIMAT0027628	MIMAT0000255	MIMAT0000257	MIMAT0019021	MIMAT0005576	MIMAT0005573	MIMAT0005572	MIMAT0019026	MIMAT0004776	MIMAT0000435	MIMAT0000433	MIMAT0022929	MIMAT0003338	MIMAT0002840	MIMAT0018184	MIMAT0000685	MIMAT0027506	MIMAT0027509	MIMAT0019033	MIMAT0019031	MIMAT0004945	MIMAT0004948	MIMAT0016866	MIMAT0022862	MIMAT0022468	MIMAT0006790	MIMAT0002853	MIMAT0002852	MIMAT0027427	MIMAT0030422	MIMAT0027600	MIMAT0022270	MIMAT0004976	MIMAT0026620	MIMAT0031002	MIMAT0006764	MIMAT0021129	MIMAT0019836	MIMAT0004678	MIMAT0025841	MIMAT0001620	MIMAT0001627	MIMAT0021118	MIMAT0027568	MIMAT0027561	MIMAT0027562	MIMAT0019019	MIMAT0004924	MIMAT0015045	MIMAT0022486	MIMAT0019792	MIMAT0019794	MIMAT0019795	MIMAT0017991	MIMAT0019807	MIMAT0005953	MIMAT0019938	MIMAT0009198	MIMAT0027570	MIMAT0004913	MIMAT0027398	MIMAT0027396	MIMAT0027395	MIMAT0026624	MIMAT0004683	MIMAT0025852	MIMAT0025850	MIMAT0015055	MIMAT0022492	MIMAT0022490	MIMAT0019785	MIMAT0019923	MIMAT0019929	MIMAT0019817	MIMAT0027547	MIMAT0027541	MIMAT0027548	MIMAT0000771	MIMAT0019071	MIMAT0026637	MIMAT0004696	MIMAT0022710	MIMAT0022711	MIMAT0014992	MIMAT0014991
TCGA-BH-A1F5	6.19488798544	9.53522275058	0.0	0.0	0.0	0.0	0.0	0.0	0.0	1.46037247554	0.0	0.0	3.00120501918	0.907562208616	1.67339796813	11.2216710609	7.93362750077	6.35011253359	2.64499574687	10.58492865	0.0	0.524	3.77613107097	0.0	0.0	0.0	0.0	4.40221417901	8.35622367925	5.45669157977	0.0	0.0	0.0	0.0	0.0	0.0	7.3567482357	0.0	0.0	0.0	3.86545039512	0.0	0.0	0.0	0.0	0.0	1.21021971702	0.0	0.907562208616	0.0	0.0	1.21021971702	0.0	3.86549862195	0.0	0.0	0.0	0.0	0.0	0.9075	0.0	3.57873220488	0.524	0.0	14.0849262364	0.0	0.0	0.0	12.6031344799	7.27342778473	8.76776020682	8.98279453083	0.0	0.0	0.0	0.0	0.0	0.0	8.29315404016	1.2103	0.907562208616	0.0	4.40221930447	2.42742067183	17.1574111229	5.17128787166	0.0	0.0	0.0	0.0	0.0	0.0	0.524	0.0	0.0	0.0	0.524	0.0	0.0	0.0	0.907562208616	0.9075	1.2103	5.77783646458	0.524	6.80471704839	0.0	0.907562208616	4.24452245959	0.0	0.0	0.0	0.0	0.0	0.0	0.0	6.98011853735	7.18070058605	0.0	0.0	0.0	0.0	0.0	3.00122186953	14.650801606	4.7461881489	1.67343455255	4.74621409672	0.0	0.524	0.907562208616	0.0	0.0	0.0	0.0	5.30516532476	0.0	0.0	0.0	0.0	5.44223375165	0.0	1.21027015116	0.0	0.0	0.0	0.0	0.0	0.0	0.0	0.524	0.0	0.0	6.93950227437	0.0	10.7002736437	0.9075	0.0	0.0	0.0	0.0	0.0	0.0	1.46037247554	0.0	0.0	0.0	0.524	0.0	0.0	0.0	0.0	0.0	0.0	0.0	0.0	0.0	0.907562208616	0.0	1.21027015116	0.0	0.0	0.0	0.0	0.0	0.0	0.0	0.0	0.0	0.0	0.524	0.0	0.0	0.524	0.0	0.0	1.85899085118	0.0	0.0	0.0
TCGA-AQ-A0Y5	3.4244997615	7.94461913801	0.0	0.0	0.0	0.0	0.7217	0.0	0.0	0.7217	0.0	0.0	0.0	3.93361494721	0.0	8.03303977841	8.61621724183	8.09602110855	1.55940233683	13.006139638	0.0	1.20053465567	1.2005	0.0	0.0	0.0	0.0	4.78727568296	5.51687687737	5.19770081048	0.0	0.0	0.0	0.0	0.0	0.0	5.70815438068	0.0	0.0	0.0	4.7177728764	0.0	0.0	0.0	0.7217	0.0	0.7217	0.0	0.0	0.0	0.0	0.7217	0.0	0.7217	0.0	0.0	0.0	0.0	0.0	0.0	0.0	5.31998312644	0.0	0.0	13.1902777837	0.0	0.0	0.0	12.4965040774	5.72594622493	7.11490423873	10.3627226679	0.0	0.0	0.0	0.0	0.0	0.0	9.10703551244	0.0	1.20053465567	0.0	2.90516576313	0.0	18.5589048095	4.10663175806	0.0	0.0	0.0	0.0	0.0	0.0	1.20053465567	0.0	0.0	0.0	0.0	0.0	0.0	0.7217	0.0	0.0	1.55940233683	0.0	0.0	4.64480652435	0.0	0.0	3.93359714523	0.0	0.0	0.0	0.0	0.0	0.0	0.0	6.88854815282	8.46273546439	0.0	0.0	0.0	0.0	0.0	0.0	15.0951998229	2.63064135514	3.50910645887	4.82082806856	0.0	0.0	0.0	0.0	0.0	0.0	0.0	3.02507677795	0.0	0.0	1.55940233683	0.0	4.78730479066	0.0	0.0	0.0	0.0	0.0	0.7217	0.0	0.0	0.0	0.0	0.0	0.0	7.18090496914	0.0	9.37020305377	1.5594	0.0	0.0	0.0	0.0	0.0	0.0	0.7217	0.0	0.0	0.0	0.0	0.0	0.0	0.0	0.0	0.0	0.0	0.0	0.0	0.0	0.0	0.0	0.7217	0.0	0.0	0.0	0.0	0.0	0.0	0.0	0.0	0.0	0.0	0.0	0.0	0.0	0.0	0.0	0.0	0.7217	0.0	0.0	0.0
TCGA-GI-A2C8	2.93432187436	6.31662300413	0.0	0.0	0.511751363436	0.0	0.0	0.0	0.0	0.2269	0.0	0.0	0.674673225927	1.07539658375	0.0	10.0887332639	8.35228362491	5.48206975033	1.6060528255	11.7694360249	0.0	0.422916543609	0.3283	0.0	0.0	0.0	0.0	2.19451377919	6.64964491257	5.67721609836	0.0	0.2269	0.1179	0.0	0.0	0.1179	5.33460181146	0.0	0.0	0.0	4.48409471648	0.1179	0.0	0.0	0.821	0.0	0.595449561871	0.1179	1.13255079325	0.423	0.0	1.47960320583	0.0	1.34096865903	0.0	0.0	0.0	0.0	0.0	0.595449561871	0.0	4.41088710345	0.953784941359	0.0	8.36091924719	0.0	0.0	0.1179	13.8325583493	6.638622085	8.05475126969	8.05704076274	0.0	0.0	0.0	0.0	0.0	0.0	8.48645238599	0.2269	1.18750454681	0.0	1.64587105899	0.5119	18.6623561984	2.99721875901	0.0	0.0	0.0	0.0	0.0	0.0	1.13255861252	0.0	0.0	0.0	0.1179	0.0	0.0	0.0	0.674627204646	0.0	1.96203072143	0.0	0.1179	4.1101380747	0.2269	0.953791916545	4.26510966123	0.0	0.0	0.0	0.0	0.1179	0.0	0.0	6.38728674575	9.68782677449	0.0	0.0	0.0	0.0	0.1179	2.02373058164	15.4315929225	4.29674587775	4.4281592412	4.32153881712	0.0	0.0	0.1179	0.0	0.0	0.0	0.0	2.68956844894	0.0	0.0	0.511751363436	0.1179	4.16590550988	0.0	0.0	0.0	0.0	0.0	0.0	0.0	0.0	0.0	1.0158193894	0.0	0.0	5.66758312666	0.0	2.67043477695	1.13254253562	0.0	0.0	0.0	0.0	0.0	0.0	0.6747	0.0	0.0	0.0	0.0	0.821	0.0	0.0	0.0	0.328229474877	0.0	0.0	0.0	0.0	0.0	0.0	0.511839159072	0.0	0.0	0.0	0.0	0.0	0.0	0.0	0.0	0.0	0.0	0.1179	0.0	0.0	0.0	0.0	0.0	1.0158149467	0.1179	0.0	0.0
TCGA-EW-A2FW	5.29345848613	7.60827338327	0.1951	0.0	0.1951	0.1951	0.1951	0.0	0.0	1.10971888192	0.0	0.0	0.785676093854	0.0	0.901885909258	12.8862502823	9.10396196922	8.52407280557	2.99076056299	10.8262930746	0.0	0.65909933483	1.29139535717	0.0	0.0	0.0	0.0	5.05043847572	7.45245141426	5.53783506524	0.1951	1.37432068966	0.0	0.0	0.0	0.0	6.91209226903	0.0	0.0	0.0	4.96605666075	0.1951	0.0	0.0	0.0	0.1951	1.20343049911	0.52045798291	2.76354496877	0.0	0.0	2.11417495366	0.0	3.60253963694	0.0	0.0	0.0	0.0	0.0	0.901967494954	0.0	3.73391940505	1.00962680506	0.0	12.283694372	0.0	0.1951	0.0	13.0757506793	7.74599385609	10.1100384635	9.7485273263	0.0	0.0	0.0	0.0	0.0	0.0	8.58734861141	0.1951	0.1951	0.0	4.17654380846	2.70071324867	17.075253524	3.18698368446	0.0	0.0	0.0	0.0	0.0	0.0	0.0	0.0	0.0	0.0	0.90200717743	0.1951	0.0	0.0	0.785676703151	0.0	3.20972087171	0.0	0.1951	5.24474744184	0.3669315014	1.29148655103	5.45457514344	0.0	0.0	0.0	0.0	0.0	0.0	0.0	7.84836151294	7.43690304453	0.0	0.0	0.0	0.0	0.3669315014	2.53040525389	15.9282676057	5.55122673431	3.29729631019	3.96544398641	0.0	0.3668	0.3669315014	0.0	0.0	0.0	0.0	4.78851074983	1.20348924171	0.0	0.3668	0.0	7.09889573853	0.0	0.0	0.0	0.0	0.0	1.37431459624	0.0	0.0	0.0	0.901947505495	0.0	0.0	6.60819589158	0.1951	9.15313433256	1.59769097311	0.0	0.0	0.0	0.0	0.0	0.0	2.79395747499	0.0	0.0	0.0	0.0	0.901967494954	0.1951	0.0	0.0	1.20345526045	0.0	0.0	0.0	0.0	0.0	0.0	1.37430040113	0.0	0.0	0.0	0.659206719711	0.0	0.0	0.0	0.0	0.0	0.0	1.10971888192	0.1951	0.0	0.3669315014	0.0	0.0	1.59783319756	0.1951	0.0	0.0
TCGA-C8-A1HO	6.05859919594	8.62542153604	0.0	0.0	0.0	0.0	0.4078	0.0	0.0	2.47840101785	0.0	0.0	1.8532817713	2.29854448559	0.0	12.2845584639	8.28516108172	6.89377604369	3.24681592387	10.380835033	0.0	0.4078	4.47449655649	0.4078	0.0	0.0	0.0	5.43080123176	9.71219285656	6.12761572971	0.0	0.4078	0.0	0.0	0.0	0.0	7.10017532451	0.0	0.0	0.0	4.24527457637	0.0	0.0	0.4078	0.4078	0.4078	0.7253	0.4078	1.39676590424	0.0	0.0	0.985431643169	0.0	5.94080274204	0.4078	0.725368103109	0.0	0.0	0.0	1.71652080918	0.0	4.26987308621	2.29851901595	0.0	10.5909222696	0.0	0.0	0.0	13.7939008206	8.96984056047	11.0214868871	8.5393741331	0.0	0.0	0.0	0.0	0.0	0.0	8.8359799378	0.4078	1.71653987224	0.0	5.56628480646	3.67339355897	16.618023784	7.49180614666	0.0	0.0	0.0	0.0	0.0	0.0	0.4078	0.0	0.0	0.0	0.0	0.0	0.0	0.0	0.4078	0.0	1.85322055373	1.3968086644	0.0	6.23788254979	4.77911934501	1.56546845924	5.45250260146	0.0	0.0	0.0	0.4078	0.0	0.0	0.0	8.81833304569	5.99352402614	0.0	0.0	0.4078	0.4078	0.4078	4.16873587219	14.9668702996	6.32862958439	2.09300747192	4.38712998973	0.0	0.985431643169	1.39683245661	0.0	0.0	0.0	0.0	6.11408483303	0.0	0.0	0.985488510285	0.0	6.26261060769	0.0	0.0	0.0	0.0	0.0	0.0	0.4078	0.0	0.0	2.19944136822	0.0	0.0	6.51020536066	0.4078	9.80992560712	0.4078	0.0	0.7253	0.0	0.0	0.0	0.0	1.5655	0.0	0.0	0.0	0.0	0.7253	0.4078	0.0	0.0	0.4078	0.0	0.0	0.0	0.0	0.0	0.0	0.985431643169	0.0	0.0	0.0	1.20574708096	0.0	0.0	0.0	0.0	0.0	0.0	1.56550650056	0.0	0.0	0.4078	0.0	0.0	1.71660839013	0.4078	0.0	0.0
TCGA-C8-A1HI	5.32758053289	7.62306946174	0.0	0.0	0.0	0.0	0.0	0.0	0.0	0.4359	0.0	0.0	0.0	0.4359	0.4359	11.2970295685	8.38681887578	6.80438711256	3.24278932422	12.5155744337	0.0	0.0	3.39569187315	0.0	0.0	0.4359	0.0	4.92027128273	8.29253902308	5.12376521406	0.0	0.0	0.0	0.0	0.0	0.0	6.91397152197	0.0	0.0	0.0	3.98332276686	0.0	0.0	0.0	0.7702	0.4359	1.0415	0.0	1.46669125661	0.0	0.0	1.46663592262	0.0	3.29561131667	0.0	0.0	0.0	0.0	0.0	2.17876623907	0.0	5.92167000936	0.4359	0.0	12.3728115429	0.0	0.0	0.0	13.5069168974	7.78411029437	8.2210258039	8.0852146139	0.0	0.0	0.0	0.0	0.0	0.0	8.44784183191	0.0	0.4359	0.0	3.1880213885	1.46668907468	18.1499008808	4.16453993574	0.0	0.0	0.4359	0.0	0.0	0.0	0.7702	0.0	0.0	0.0	0.0	0.0	0.0	0.0	0.7702	0.0	1.46669125661	1.0415	0.0	5.60359551235	0.0	0.77020230382	4.79758088125	0.0	0.0	0.4359	0.0	0.0	0.0	0.0	7.09982203766	7.60489731903	0.0	0.0	0.0	0.0	0.4359	2.28706115626	15.7628868903	4.77912955573	2.80676592911	3.39573129432	0.0	0.0	0.7702	0.0	0.0	0.0	0.0	3.77608286181	0.0	0.0	1.26964070113	0.77020230382	4.44718120345	0.0	0.0	0.0	0.0	0.0	0.0	0.0	0.0	0.0	1.26964233081	0.0	0.0	4.98599760858	0.0	8.86514045527	0.0	0.0	0.0	0.0	0.0	0.0	0.0	2.28704610309	0.0	0.0	0.0	0.0	0.0	0.0	0.0	0.0	0.0	0.0	0.0	0.0	0.0	0.4359	0.0	1.04142760876	0.0	0.0	0.4359	0.77020230382	0.0	0.0	0.0	0.0	0.0	0.0	0.4359	0.0	0.0	0.0	0.4359	0.0	0.4359	0.4359	0.77020230382	0.0
TCGA-A7-A0DA	5.91596115495	6.3802113407	0.0	0.0	0.0	0.0	0.0	0.0	0.0	0.0	0.0	0.0	1.40985413229	1.25147986204	1.80142824589	11.2890629967	10.1403464922	6.90726498406	2.82287714458	11.6154260813	0.0	1.55254881452	4.22304636371	0.0	0.0	0.0	0.0	4.98436532882	9.2401171129	5.13937474376	0.0	0.6345	0.0	0.0	0.0	0.3518	7.53944267429	0.0	0.0	0.0	5.71063687736	0.0	0.0	0.0	0.0	0.8707	2.57800196199	0.3518	0.634410830293	0.0	0.0	0.634410830293	0.0	3.68657131671	0.0	0.0	0.0	0.0	0.0	2.36244752529	0.0	3.74715066274	0.634410830293	0.0	13.1370389856	0.0	0.634410830293	0.0	11.5932805592	9.22818445709	9.79185586413	8.82280046389	0.0	0.0	0.0	0.870701244383	0.0	0.0	8.9635098465	1.0736	1.40978865855	0.0	5.948566996	5.70302499686	18.0411285539	5.10505979756	0.0	0.0	0.0	0.0	0.0	0.0	0.3518	0.0	0.0	0.0	0.0	0.3518	0.3518	0.0	1.91139205869	0.634410830293	2.0135899269	0.6345	1.4097499378	7.87264849757	0.3518	1.40978865855	7.04637743678	0.0	0.0	0.0	0.0	0.0	0.0	0.0	8.63813645794	8.36840790136	0.0	0.0	0.0	0.0	0.3518	4.82480616591	15.690890053	6.04221045587	3.48777010696	5.87578864542	0.0	1.0735511181	1.25147890632	0.0	0.3518	0.0	0.0	5.29971066534	0.0	0.0	2.36250782906	0.634410830293	7.09093308105	0.0	0.0	0.0	0.0	0.6345	0.3518	0.0	0.0	0.0	2.19857914603	0.0	0.0	6.78252287823	0.0	9.32585265782	1.68226178204	0.0	0.3518	0.0	0.0	0.0	0.0	3.33821882958	0.0	0.0	0.0	0.0	1.07361580678	0.0	0.0	0.0	1.40985413229	0.0	0.0	0.0	0.0	0.3518	0.0	2.10906169987	0.0	0.0	0.0	2.10909340761	0.0	0.0	0.0	0.0	0.0	0.0	0.6345	0.0	0.0	0.0	0.0	0.0	1.4097499378	1.80142824589	0.634410830293	0.3518
TCGA-B6-A1KC	4.80693002435	11.3384824167	0.0	0.0	0.0	0.0	0.4648	0.0	0.0	1.53639167319	0.0	0.8158	1.87225170942	4.78717957215	0.4648	9.76307988238	7.93028522581	9.10811300442	2.8242167474	10.3859146546	0.0	0.815782004794	0.0	0.0	0.0	0.0	0.0	3.71863279464	6.67418098271	6.85088026431	0.0	0.4648	0.0	0.0	0.0	0.0	5.19910770937	0.0	0.0	0.0	3.54155220543	0.0	0.0	0.4648	1.3338	0.0	0.4648	1.33372484343	2.74468679398	0.0	0.0	3.33967008778	0.0	2.3733706443	0.0	0.0	0.0	0.0	0.0	1.09788043302	0.0	5.3680020199	0.0	0.0	5.31384599056	0.0	0.0	0.0	12.5865387364	5.48276392232	8.88965139507	9.73176722398	0.0	0.0	0.0	0.0	0.0	0.0	8.0405971229	1.0979	0.4648	0.0	3.10488502915	1.0978656337	16.5807142957	4.0185075484	0.0	0.0	0.0	0.0	0.0	0.0	4.37629296372	0.0	0.0	0.0	0.0	0.0	0.0	0.0	0.4648	0.0	1.53644254228	0.8158	0.0	4.47821585965	4.23777540085	0.0	2.2635	0.0	0.0	0.0	0.0	0.0	0.0	0.0	5.82997231336	7.49227239093	0.0	0.0	0.0	0.0	0.0	0.4648	14.7034909235	2.82424157873	2.57091472773	5.40725256217	0.0	0.0	0.0	0.0	0.0	0.0	0.0	5.61175068545	0.0	0.0	0.0	0.0	2.14449396831	0.0	0.0	0.0	0.0	0.0	0.0	0.0	0.0	0.0	1.09788043302	0.0	0.0	7.61768454532	0.0	8.87223144121	0.0	0.0	0.0	0.0	0.0	0.0	0.0	0.0	0.0	0.0	0.0	0.0	1.0979	0.4648	0.0	0.0	0.815782004794	0.0	0.0	0.0	0.0	0.0	0.0	2.01477780296	0.0	0.0	0.0	0.4648	0.0	0.0	0.0	0.0	0.0	0.0	0.0	0.0	0.0	0.0	0.0	0.0	0.8158	0.0	0.0	0.0
TCGA-GM-A2DO	4.94596984904	7.53022493162	0.4942	0.0	0.0	0.0	0.2682	0.0	0.0	0.4942	0.0	0.0	1.15423387445	0.2682	0.0	9.57121146766	7.28013901848	7.61383873332	2.0936841109	10.7640407047	0.0	0.0	0.4942	0.0	0.0	0.0	0.0	3.95454664099	8.40809578704	7.23784441073	0.2682	0.2682	0.2682	0.0	0.0	0.861676023238	6.47975165802	0.0	0.0	0.0	3.513276671	0.2682	0.0	0.8616	0.2682	0.0	0.494270840402	0.2682	3.06242473843	0.2682	0.0	1.01534289994	0.0	3.34941075331	0.0	0.2682	0.0	0.0	0.0	1.2809881181	0.0	3.32019910971	0.4942	0.0	10.4852323211	0.0	0.0	0.0	14.9331309844	8.31674281774	9.99458295741	8.42186248245	0.689606723842	0.0	0.0	0.0	0.0	0.0	9.54066587865	0.689606723842	2.02294671898	0.0	4.63806382592	4.37955703358	18.3382864817	5.46275995784	0.0	0.0	0.0	0.0	0.0	0.0	0.0	0.0	0.0	0.0	0.689668590846	0.0	0.0	0.0	0.861676023238	0.0	2.56135220184	0.2682	0.0	4.5274289835	0.0	1.39741347841	3.916048854	0.0	0.0	0.0	0.0	0.0	0.0	0.0	7.14093557771	8.67360134866	0.2682	0.0	0.2682	0.0	1.60540384105	2.65789092342	16.0145489212	9.84458968335	3.22888296509	5.92240419544	0.0	0.0	0.494270840402	0.0	0.0	0.0	0.0	7.08122152179	0.0	0.0	0.4942	0.2682	0.494270840402	0.0	0.0	0.0	0.0	0.4942	0.0	0.0	0.0	0.0	0.689606723842	0.494270840402	0.0	6.19999985642	0.0	9.11473958944	0.4942	0.0	0.2682	0.0	0.0	0.0	0.2682	0.0	0.0	0.0	0.0	0.0	1.15423387445	0.2682	0.0	0.0	0.689668590846	0.0	0.0	0.0	0.0	0.0	0.0	2.79163015363	0.0	0.0	0.0	0.0	0.0	0.0	0.0	0.0	0.0	0.0	0.0	0.0	0.0	0.494270840402	0.0	0.0	2.2255730482	0.494270840402	0.0	0.0
TCGA-C8-A274	5.28105392844	5.87662208723	0.2714	0.0	0.0	0.0	0.0	0.0	0.0	0.870263224713	0.0	0.0	1.96272775117	0.2714	0.0	9.64504342255	6.66384655109	6.70169885142	1.96277299003	10.1135453701	0.0	0.0	0.4998	0.0	0.0	0.2714	0.0	3.70115371123	6.89474100262	5.52752936786	0.0	0.0	0.0	0.0	0.0	0.0	6.08451861982	0.0	0.0	0.0	2.67406178121	0.0	0.0	0.0	3.21417974446	0.0	0.2714	0.2714	1.40924279447	0.0	0.0	1.61823324226	0.0	2.41873718525	0.0	0.0	0.0	0.0	0.0	2.10834548059	0.0	2.80798600327	0.0	0.0	11.9590711802	0.0	0.0	0.0	14.7169513848	7.58233876462	8.93216834889	9.32243265026	0.0	0.0	0.0	0.0	0.0	0.0	7.53963802311	0.0	2.67405266348	0.0	1.71242368568	0.870263224713	17.2166464494	5.1609848154	0.0	0.0	0.0	0.0	0.0	0.0	0.0	0.0	0.0	0.2714	0.0	0.0	0.0	0.0	0.4998	0.0	1.40927624849	0.4998	0.0	3.11421185456	0.0	0.0	1.96275307772	0.0	0.0	0.0	0.0	0.0	0.0	0.0	6.19464550663	8.58244103963	0.0	0.0	0.0	0.0	0.0	3.04355921104	15.4922838941	4.46689118184	2.72011064039	3.85349433835	0.0	0.0	0.2714	0.0	0.0	0.0	0.0	4.59599597155	0.0	0.0	0.0	0.0	3.11422170507	0.0	0.0	0.0	0.0	0.0	0.0	0.0	0.0	0.0	1.61822594465	0.0	0.0	6.29695288582	0.2714	9.6160509068	0.0	0.0	0.0	0.0	0.0	0.0	0.0	1.4092501414	0.0	0.0	0.0	0.0	0.870198255305	0.2714	0.0	0.0	2.24061935302	0.0	0.0	0.0	0.2714	0.0	0.0	0.696826734808	0.0	0.0	0.0	0.0	0.0	0.0	0.0	0.0	0.0	0.0	0.69688056926	0.0	0.0	0.4998	0.0	0.0	0.69688056926	0.0	0.0	0.0
TCGA-AC-A2QH	4.11793729196	9.88367333225	0.0	0.0	0.4562	0.0	0.948386028076	0.0	0.0	2.67631155811	0.0	0.0	1.08102096897	0.456100657949	0.0	9.08830664175	12.0732314048	7.87255634115	1.41867143135	11.0612832426	0.0	1.31468192659	0.8022	0.0	0.0	0.246	0.0	3.46476987255	8.15728836387	6.70056143804	0.0	0.0	0.0	0.0	0.0	0.948315401843	5.68864796428	0.0	0.0	0.0	8.47784104538	3.38993998148	0.0	0.802195254879	0.0	0.0	0.0	0.8022	2.29419344829	0.0	0.0	3.64713938956	0.0	3.04466302287	0.0	0.0	0.0	0.0	0.0	2.8351078405	0.0	1.41871037734	0.0	0.0	5.29659532941	0.0	0.0	0.0	13.9323863267	7.34500729723	8.69923979967	8.01006689897	0.246	0.0	0.0	0.802117096601	0.0	0.0	8.94927294781	0.0	1.60658206927	0.0	4.49627068499	4.99394097777	18.2479860121	1.84926053786	0.0	0.0	0.0	0.0	0.0	0.0	2.34788394388	0.246	0.0	0.0	1.0810542388	0.0	0.0	0.246	1.08109813278	0.0	1.41865939951	0.0	5.06779897081	7.39688713159	0.0	0.4562	7.13203508894	0.0	0.0	0.0	0.0	0.0	0.0	0.0	5.48807190056	10.1378897168	0.0	0.0	0.0	0.0	0.246	1.99096476982	16.1913499998	4.08669650897	6.95315031746	5.87386311546	0.0	0.0	0.0	0.0	0.0	0.0	0.0	7.41114841292	0.0	0.0	1.69205349706	0.639545181419	2.44954504606	0.6395	0.4562	0.0	0.0	0.6395	0.802273408924	0.0	0.0	0.0	0.948315401843	0.0	0.0	7.57204913199	0.0	1.08108538866	4.63230677836	0.0	0.246	0.0	0.0	0.0	0.246	1.60661679558	0.0	0.0	0.0	0.0	0.246	0.0	0.246	0.0	0.456100657949	0.0	0.0	0.0	0.246	0.0	0.0	1.9218149352	0.0	0.0	0.0	0.456100657949	0.0	0.0	0.0	0.0	0.0	0.0	0.0	0.0	0.0	0.0	0.0	1.08105814994	1.08102096897	0.246	0.246	0.0
TCGA-E2-A1L7	7.19870903089	7.41417854784	0.0	0.0	0.0	0.7288	1.57131719333	0.0	0.0	0.7288	0.0	0.0	2.78977235523	1.57131719333	0.7288	12.1810697371	8.88537378868	7.69149291664	1.85958803494	11.3521330124	0.7288	0.0	5.05333153636	0.0	0.0	0.0	0.0	4.2782031492	10.5432960037	6.06013014797	0.0	1.2107	0.0	0.0	0.0	0.0	7.3164362726	0.0	0.0	0.0	4.41781941158	1.2107	0.0	0.0	0.0	0.7288	1.21071308903	0.7288	3.04078004219	0.0	0.0	1.85957968707	0.0	5.49295618625	0.0	0.0	0.0	0.0	0.0	0.7288	0.0	4.96496657431	0.0	0.0	11.524894467	0.0	0.0	0.7288	10.4227185897	7.83543616553	11.943410644	7.51612567858	0.7288	0.0	0.0	0.0	0.0	0.0	8.4265741333	0.0	0.0	0.0	7.40859608978	6.03140850927	17.1232778498	5.534448418	0.0	0.0	0.0	0.0	0.0	0.0	3.04083833744	0.0	0.0	0.0	0.0	0.0	0.0	0.0	1.85957968707	0.0	3.44075426904	2.30547967259	1.8595	6.99083990911	2.30554429831	1.57131719333	4.77024995402	0.0	0.0	0.7288	0.0	0.0	0.0	0.0	7.48469049615	7.75429973642	0.0	0.0	0.0	0.0	0.0	4.96498540728	14.6649355388	7.68691184483	1.85957133915	3.95041680157	0.0	0.7288	0.7288	0.0	0.0	0.0	0.0	5.2653516655	0.0	0.0	1.85957968707	0.0	5.24052223504	0.0	0.0	0.0	0.0	1.21071308903	0.0	0.0	0.0	0.0	0.7288	0.0	0.0	7.59670309661	0.0	9.87882308658	1.85957133915	0.7288	0.0	0.0	0.0	0.0	0.0	4.58518078489	0.0	0.0	0.0	0.0	1.21071308903	0.7288	0.0	0.0	2.09972584141	0.0	0.0	0.0	0.7288	0.7288	0.0	1.57132738748	0.0	0.0	0.0	1.5713	0.0	0.0	0.0	0.0	0.0	0.0	1.2107	0.0	0.0	0.7288	0.7288	0.0	2.64570234353	0.0	0.0	0.0
TCGA-D8-A1XU	5.14736594978	6.50891756118	0.0	0.0	0.3065	0.0	0.0	0.0	0.0	0.0	0.0	0.0	0.438415991297	0.559195724235	0.0	12.0367079686	9.84926071145	5.94203468399	2.18609257926	10.6535187095	0.0	0.870678971394	2.66133670726	0.0	0.0	0.0	0.0	4.32589961245	7.22665329668	4.5538397059	0.1614	0.6706	0.0	0.0	0.0	0.1614	6.64138217085	0.0	0.0	0.0	5.12305939047	0.6706	0.0	0.1614	0.0	0.0	0.870682416862	0.0	1.12670557221	0.0	0.1614	0.670640481205	0.0	2.42740620622	0.0	0.3065	0.0	0.0	0.0	1.04628663029	0.0	2.93126832875	0.0	0.0	10.8735390077	0.0	0.1614	0.0	11.8819124324	8.28342234752	8.55619967342	8.30572285409	0.0	0.0	0.3065	0.1614	0.0	0.0	7.91444667128	0.1614	0.55923486682	0.0	3.03911743791	1.98509474801	17.3688329194	5.69086578506	0.0	0.0	0.0	0.0	0.0	0.0	0.5592	0.0	0.0	0.0	0.0	0.0	0.0	0.0	1.04628050453	0.0	1.75154527791	1.20285443572	0.0	5.31971058192	0.0	1.59073379153	6.01781962047	0.0	0.0	0.0	0.0	0.0	0.0	0.0	7.90951702002	7.28365435068	0.0	0.0	0.0	0.0	0.3065	2.76540954711	14.287946928	4.3595960623	3.7084233389	4.39251034339	0.0	0.438373429483	0.774145076279	0.0	0.0	0.0	0.0	4.45609683739	0.0	0.0	0.670699332832	0.0	4.71858399533	0.0	0.1614	0.0	0.0	0.0	0.0	0.0	0.0	0.0	1.20289065996	0.0	0.0	5.09838987315	0.3065	8.75663274861	1.34408740315	0.0	0.0	0.0	0.0	0.0	0.0	1.6999455021	0.0	0.0	0.0	0.0	0.6706	0.3065	0.0	0.0	0.1614	0.0	0.0	0.0	0.0	0.5592	0.0	0.870702107648	0.0	0.0	0.0	0.438415991297	0.0	0.0	0.0	0.0	0.0	0.0	0.670663100614	0.0	0.0	0.3065	0.0	0.0	0.961164049733	0.0	0.0	0.0
TCGA-E9-A247	5.54990612419	10.2569740147	0.0	0.0	0.2217	0.0	0.0	0.0	0.0	0.2217	0.0	0.0	0.734985085485	0.0	0.872332111333	11.7562888022	8.88805139449	6.77880997857	3.6200845474	11.3657605087	0.0	0.2217	1.58173361497	0.0	0.0	0.0	0.0	3.96515907551	7.37171753246	5.34704599752	0.0	0.5834	0.0	0.0	0.0	0.0	6.41312239176	0.0	0.0	0.0	3.83687322146	0.0	0.0	0.2217	0.0	1.93511424546	1.31903979427	0.0	1.93508650456	0.2217	0.0	0.872246214574	0.0	3.88630820353	0.0	0.0	0.0	0.0	0.0	0.583346333679	0.0	3.73254456833	0.735074286951	0.0	13.8960816629	0.0	0.0	0.0	10.8465831846	7.96389734707	8.95574610478	8.54919463592	0.0	0.0	0.2217	0.0	0.0	0.0	7.86871233235	0.4138	0.997558026544	0.0	4.32935777933	2.93444299231	16.6217923864	6.43272109621	0.0	0.0	0.0	0.0	0.0	0.0	0.0	0.0	0.0	0.0	0.2217	0.0	0.0	0.0	0.734985085485	0.0	2.73292332074	2.90276816549	0.0	7.29448174442	0.2217	0.997540982894	4.66786449495	0.0	0.0	0.5834	0.0	0.0	0.0	0.0	6.1416710646	8.74791351816	0.0	0.0	0.0	0.0	0.2217	3.43302946911	13.7813941426	4.8942241217	2.36542019689	2.69640868335	0.0	0.0	0.583346333679	0.0	0.0	0.0	0.0	4.52941069598	0.0	0.0	0.583323621772	0.0	6.44103347723	0.0	0.0	0.0	0.0	0.0	0.0	0.0	0.0	0.0	2.69640533489	0.0	0.0	5.75909851752	0.4138	8.47300327414	1.21964840427	0.0	0.2217	0.0	0.0	0.0	0.0	2.16621737999	0.0	0.0	0.0	0.0	0.735074286951	0.0	0.0	0.0	0.2217	0.0	0.0	0.0	0.2217	0.4138	0.0	0.4138	0.0	0.0	0.0	0.0	0.0	0.0	0.0	0.0	0.0	0.0	0.2217	0.0	0.0	0.413825543763	0.0	0.2217	1.31896313128	0.5834	0.2217	0.0
TCGA-E9-A1R4	6.1088929717	7.59648092893	0.5124	0.0	0.0	0.2788	0.2788	0.0	0.0	1.99458899786	0.889700836697	0.0	2.45354037681	2.8446666801	0.0	12.2747314516	8.44344330726	7.50291437733	2.06974752195	11.4058715546	0.0	0.512349004178	3.37593392569	0.0	0.0	0.512349004178	0.0	4.72096494013	8.51750909375	6.24486171169	0.0	0.2788	0.0	0.0	0.0	0.5124	7.66623256622	0.0	0.0	0.0	4.17450589965	0.7134	0.0	0.0	0.0	0.2788	1.18861638682	0.2788	2.33662728684	0.0	0.2788	1.74213203436	0.0	4.25728015532	0.2788	0.88974009596	0.0	0.0	0.0	0.713305263287	0.0	4.14005153709	0.0	0.0	10.6410844117	0.0	0.0	0.0	11.9659982991	8.08970213958	10.0227140999	9.1122969561	0.0	0.0	0.0	0.0	0.0	0.0	8.53084851689	1.3176	1.04685957356	0.0	4.22471911473	2.27442041479	17.9654605272	5.35304454059	0.0	0.0	0.0	0.0	0.0	0.0	1.18857201178	0.0	0.0	0.0	0.512349004178	0.0	0.0	0.0	2.20934424487	0.88974009596	1.83126451009	4.58663635616	0.0	6.45578474524	0.2788	0.512349004178	4.33555808069	0.0	0.0	0.0	0.7134	0.0	0.0	0.0	7.47550527377	7.850807378	0.0	0.0	0.0	0.2788	0.2788	3.93410702729	15.2957266148	6.92442304071	2.27441882476	7.0551220066	0.0	0.0	1.91524635053	0.0	0.0	0.0	0.0	5.69931861076	0.0	0.0	0.0	0.2788	4.59936300161	0.0	0.0	0.0	0.0	0.0	0.0	0.0	0.0	0.0	0.2788	0.0	0.0	7.09390106973	0.0	10.3463207406	1.1886	0.0	0.5124	0.2788	0.0	0.0	0.0	1.83132384963	0.0	0.0	0.0	0.0	0.7134	0.713349628414	0.0	0.0	0.889661576366	0.0	0.0	0.0	0.5124	0.512349004178	0.0	1.91522681784	0.0	0.0	0.0	0.713305263287	0.0	0.0	0.0	0.0	0.0	0.0	0.713349628414	0.0	0.0	0.0	0.0	0.0	1.83126523817	1.64716273618	0.0	0.0
TCGA-AO-A1KQ	6.56528242188	7.52949728446	0.0	0.0	0.0	0.0	0.0	0.0	0.0	0.7877	0.0	0.0	1.29433560936	1.66855500194	0.0	11.2509370841	8.16944988548	7.2894275237	1.66852752859	11.7046300137	0.0	0.0	2.76778185818	0.0	0.0	0.7877	0.0	4.76276286127	8.47939332141	6.42593000851	0.0	0.7877	0.0	0.0	0.0	0.0	7.06521174879	0.0	0.0	0.0	4.20417721405	0.7877	0.0	0.0	0.0	0.0	0.0	0.7877	2.76778724626	0.0	0.0	2.60504609843	0.0	5.38106874233	0.0	0.7877	0.0	0.0	0.0	2.76774578833	0.0	5.47830839863	0.7877	0.0	11.8111431124	0.0	0.0	0.0	12.3984672629	7.55760376749	9.00707284019	9.0131416443	0.0	0.0	0.0	0.0	0.0	0.0	9.12252230508	0.0	0.7877	0.0	5.27685277814	3.88752969749	18.1223503544	4.59947585047	0.0	0.0	0.0	0.0	0.0	0.0	0.7877	0.0	0.0	0.0	0.0	0.0	0.0	0.0	0.7877	0.0	2.42169990285	2.21152285012	0.7877	5.8310734223	0.0	0.0	4.97754829994	0.0	0.0	0.0	0.0	0.0	0.0	0.0	7.59062273854	8.51991128561	0.0	0.0	0.0	0.0	0.0	4.02263744263	14.7142653464	6.97646840626	2.21152285012	5.24958142219	0.0	0.0	0.0	0.0	0.0	0.0	0.0	4.90942549419	0.0	0.0	0.0	0.0	5.22178568345	0.0	0.0	0.0	0.0	0.7877	0.7877	0.0	0.0	0.0	0.7877	0.0	0.0	7.74020026829	0.0	7.47168923006	0.0	0.0	0.0	0.0	0.0	0.0	0.0	0.0	0.7877	0.0	0.0	0.0	0.7877	0.0	0.0	0.0	0.7877	0.0	0.0	0.0	0.0	0.0	0.0	1.2943	0.0	0.0	0.0	1.29433560936	0.0	0.0	0.0	0.0	0.0	0.0	0.0	0.0	0.0	0.7877	0.0	0.0	1.29433560936	0.0	0.7877	0.0
TCGA-D8-A143	4.70268239205	9.62464174804	0.195	0.1008	0.195014781849	0.1008	0.1008	0.195	0.0	0.0	0.0	0.0	0.366767076408	1.29129037238	2.11403365986	10.4612237669	7.9261384609	7.92957191008	1.66503372067	11.3713688357	0.0	0.366780199071	1.20327227228	0.0	0.0	0.1008	0.0	4.70667043233	8.26711127252	7.05923460887	0.1008	0.520294841796	0.195014781849	0.0	0.0	0.1008	5.8959833437	0.0	0.0	0.0	4.31388492387	0.3668	0.0	0.366825266151	0.283438350386	0.283438350386	0.366767076408	0.1008	3.66127169659	0.0	0.0	2.25196612463	0.0	3.83222849117	0.0	0.1008	0.0	0.0	0.0	0.366780199071	0.0	3.69390125093	0.1008	0.0	11.57240992	0.0	0.1008	0.0	12.9277001638	7.11829457261	9.24117230831	9.50111378845	0.195014781849	0.0	0.0	0.658965054621	0.0	0.0	8.61797293644	0.195014781849	1.2479740125	0.0	5.99257967969	5.62687121492	17.7298513369	4.18780925208	0.0	0.0	0.0	0.0	0.0	0.0	0.1008	0.0	0.0	0.0	0.366767076408	0.520334973689	0.0	0.0	0.445575669864	0.1008	2.25198630012	0.1008	0.195	4.02417568019	0.723612295343	0.785549113186	3.18675538736	0.0	0.1008	0.0	0.195014781849	0.0	0.0	0.0	6.63131993959	10.8086831415	0.195	0.0	0.0	0.0	1.06044607706	2.95055628351	14.2378148935	6.59938140542	2.33706620842	6.57659708841	0.0	0.0	0.2835	0.0	0.0	0.0	0.1008	5.9661080853	0.0	0.0	0.195	0.785515720511	6.56781124889	0.0	0.0	0.0	0.0	0.0	0.0	0.283438350386	0.0	0.0	0.366780199071	0.0	0.0	7.56294019362	0.785540349838	10.2329059482	0.723636854112	0.195014781849	0.1008	0.195014781849	0.1008	0.0	0.0	2.11405807969	0.0	0.0	0.0	0.0	0.3668	0.283438350386	0.0	0.0	0.195014781849	0.0	0.0	0.0	0.0	0.366825266151	0.0	1.59761892769	0.0	0.0	0.0	0.283438350386	0.0	0.0	0.0	0.0	0.0	0.0	0.2835	0.0	0.0	0.1008	0.0	0.0	1.9344969937	0.1008	0.0	0.0
TCGA-BH-A18L	5.2435635438	8.02885719285	1.30767237977	0.0	0.0	0.0	0.5771	0.0	0.0	0.5771	0.0	0.0	1.56919441476	2.1514623682	0.0	13.1574475692	5.89543922965	7.77717835856	1.98213257407	11.3916969659	0.0	0.0	1.3077	0.0	0.0	0.988190121714	0.0	5.59137943274	8.88764506413	6.24325547611	0.0	0.9881	0.0	0.0	0.0	0.0	7.73452200056	0.0	0.5771	0.0	2.15140876734	0.0	0.0	0.0	0.0	0.0	0.988190121714	0.5771	0.9881	0.0	0.0	2.78696170222	0.0	5.5766123235	0.0	0.0	0.0	0.0	0.0	1.79035056126	0.0	4.02204228084	0.5771	0.0	8.7900203922	0.0	0.0	0.0	13.3846592382	8.92750865655	9.80197406277	9.38878843919	0.0	0.0	0.0	0.0	0.0	0.0	9.22651894034	0.9881	0.5771	0.0	5.94232359289	4.10681351823	17.6341851145	4.18696808918	0.0	0.0	0.0	0.0	0.0	0.0	1.30767237977	0.0	0.0	0.0	1.30767237977	0.0	0.0	0.0	0.5771	0.0	1.30767237977	1.56907392107	0.0	4.70499871366	0.0	0.988190121714	3.97765797411	0.0	0.0	0.0	0.0	0.0	0.0	0.0	7.29829147123	10.1709595751	0.0	0.0	0.5771	0.0	0.0	3.43781259573	14.9322335573	5.31661276909	1.3077	5.5616102225	0.0	0.0	0.988190121714	0.0	0.0	0.0	0.0	5.04300406323	0.0	0.0	0.0	0.0	5.38615626784	0.0	0.0	0.0	0.0	0.0	0.0	0.0	0.0	0.0	0.5771	0.0	0.0	7.49985141161	0.0	9.76325759982	0.0	0.0	0.0	0.0	0.0	0.0	0.0	1.30767237977	0.5771	0.0	0.0	0.5771	1.30767237977	0.0	0.0	0.0	1.3077	0.0	0.0	0.0	0.5771	0.5771	0.0	0.988190121714	0.0	0.0	0.5771	0.988190121714	0.0	0.0	0.0	0.0	0.0	0.0	0.5771	0.0	0.0	0.0	0.0	0.0	1.56919441476	0.988190121714	0.988190121714	0.0
TCGA-AC-A2FO	2.90678949536	5.134346572	0.0	0.0	0.0	0.0	0.0	0.0	0.0	1.97265554879	0.0	0.0	1.84795675351	0.0	0.0	10.0658815504	8.34576798621	7.20526141934	1.97261987966	9.73437028535	0.0	0.0	0.406	0.0	0.0	0.0	0.0	3.42622815229	7.09294994879	5.31012217415	0.0	0.0	0.0	0.0	0.0	0.0	5.40166622195	0.0	0.0	0.0	4.31100107227	0.406	0.0	0.406	0.0	0.0	0.406	0.0	2.29276486577	0.0	0.0	1.20165146707	0.0	2.38539541531	0.0	0.0	0.0	0.0	0.0	0.406	0.0	4.7720967247	0.722478295275	0.0	11.7325800779	0.0	0.0	0.0	14.0157871809	7.52837975864	8.20987474813	9.4818003649	0.406	0.0	0.0	0.0	0.0	0.0	8.75248642921	0.0	1.20153912946	0.0	1.97265840507	1.20159304977	16.9098190384	4.35753453847	0.0	0.0	0.0	0.0	0.0	0.0	0.0	0.0	0.0	0.0	0.722478295275	0.0	0.0	0.0	0.406	0.0	2.96801445792	0.0	0.0	4.50930804862	0.0	1.56068999901	4.78915044969	0.0	0.0	0.0	0.0	0.0	0.0	0.0	6.70521244251	8.71280216547	0.0	0.0	0.406	0.0	1.39228552093	2.63226868899	17.1475504082	6.53873136869	4.56980159593	3.93537714173	0.0	0.0	0.7224	0.0	0.0	0.0	0.0	5.13434845687	0.0	0.0	0.406	0.406	2.70591463552	0.0	0.0	0.0	0.0	0.0	0.0	0.0	0.0	0.0	0.9818026198	0.0	0.0	5.96397693438	0.0	9.22010853898	2.08737965489	0.0	0.0	0.0	0.0	0.0	0.0	0.406	0.0	0.0	0.0	0.0	0.0	0.0	0.0	0.0	0.406	0.0	0.0	0.0	0.0	0.0	0.0	0.98186803061	0.0	0.0	0.406	0.0	0.0	0.0	0.0	0.0	0.0	0.0	0.0	0.0	0.0	1.39228552093	0.0	0.0	0.7224	0.0	0.406	0.0
TCGA-BH-A18M	4.7071990048	7.72123630743	0.0	0.0	0.2943	0.0	0.2943	0.0	0.0	0.0	0.2943	0.0	0.930008512291	1.2375059344	0.2943	11.9971179203	9.15530027386	7.10776589009	1.60252715054	10.9552134203	0.0	0.5387	1.89364981099	0.0	0.0	0.0	0.0	3.42380144933	8.12840170523	5.29451973714	0.2943	0.930008512291	0.0	0.0	0.2943	0.538617290366	6.77357372787	0.0	0.0	0.0	5.28616917504	0.2943	0.0	0.0	0.538617290366	0.0	0.538617290366	0.2943	1.36976498228	0.0	0.0	1.49083636689	0.0	3.56839211704	0.0	0.0	0.0	0.0	0.0	1.70624830658	0.0	3.82031522437	0.0	0.0	12.3135678873	0.0	0.0	0.0	13.2196024809	7.4938642768	8.09171793361	8.98860291611	0.0	0.0	0.0	0.0	0.0	0.0	9.18760250017	0.5387	0.929974721059	0.0	4.18587194572	1.89368395317	17.771267135	4.27293523371	0.0	0.0	0.0	0.0	0.0	0.0	0.2943	0.0	0.0	0.0	0.747490092709	0.0	0.0	0.0	0.538617290366	0.0	2.63345657283	1.89364725454	0.5387	7.39255136761	0.0	0.538617290366	5.49605806162	0.0	0.0	0.0	0.0	0.0	0.0	0.0	7.58336702877	8.49618029048	0.0	0.0	0.0	0.0	0.929911659063	3.12020091183	15.6911281254	5.13642041023	3.88804152911	4.79209058106	0.0	0.538617290366	1.60255590778	0.0	0.0	0.0	0.0	4.30628711369	0.0	0.0	1.09191361093	0.0	5.63394459388	0.0	0.0	0.0	0.0	0.2943	0.0	0.0	0.0	0.0	0.5387	0.0	0.0	6.15759282098	0.2943	9.0722372734	0.747561654434	0.0	0.0	0.5387	0.0	0.0	0.0	1.803	0.0	0.0	0.0	0.2943	0.5387	0.2943	0.0	0.0	1.09197758318	0.0	0.0	0.0	0.0	0.2943	0.0	0.2943	0.0	0.0	0.0	0.0	0.0	0.0	0.0	0.0	0.2943	0.0	0.930008512291	0.0	0.0	0.0	0.0	0.0	0.929911659063	0.0	0.0	0.0
TCGA-BH-A18R	5.64343434101	10.5390498863	0.0	0.0	0.0	0.0	0.84	0.0	0.0	2.52112497688	0.0	0.0	0.0	0.84	0.84	11.41460597	8.66358961203	8.50323191145	2.5211	14.1470169194	0.0	0.84	2.8719	0.0	0.0	0.0	0.0	3.59225688391	8.67479252292	5.7531097884	0.84	0.0	0.0	0.0	0.0	0.0	6.59390036824	0.0	0.0	0.0	4.20017542146	0.84	0.0	0.0	0.0	0.0	1.7528	0.0	2.5211	0.0	0.0	0.84	0.0	7.12163887279	0.0	0.0	0.0	0.0	0.0	1.36742714162	0.0	4.87984117256	0.0	0.0	12.4297056075	0.0	0.0	0.0	12.9745101183	7.60998217854	8.57376446821	8.24227135377	0.0	0.0	0.0	0.0	0.0	0.0	8.87011232716	0.0	1.75281298707	0.0	5.62040418863	3.38965674137	18.56963628	4.13680112226	0.0	0.0	0.0	0.0	0.0	0.0	0.84	0.0	0.0	0.0	1.36742714162	0.0	0.0	0.0	0.0	0.0	2.05664256308	1.3674	0.0	6.60568103525	0.0	0.84	4.42903625029	0.0	0.0	0.0	0.0	0.0	0.0	0.0	6.17204675669	9.64059576828	0.0	0.0	0.0	0.0	0.0	2.70718372204	14.3192722018	6.14006540754	4.07051847546	5.12818780766	0.0	0.84	2.0567	0.0	0.0	0.0	0.0	5.09520946143	0.0	0.0	0.84	0.0	4.07050167416	0.0	0.84	0.0	0.0	0.0	0.0	0.0	0.0	0.0	0.0	0.0	0.0	7.41672267446	1.36742714162	7.5196831932	1.3674	0.0	0.0	0.0	0.0	0.0	0.0	1.7528	0.0	0.0	0.0	0.84	0.0	0.0	0.0	0.0	0.84	0.0	0.0	0.0	0.0	0.0	0.0	0.0	0.0	0.0	0.0	0.84	0.0	0.0	0.0	0.0	0.0	0.0	1.7528	0.0	0.0	1.36742714162	0.0	0.84	1.36742714162	0.0	0.0	0.0
TCGA-AO-A12B	4.64706640107	7.80551250676	0.0	0.0	0.0	0.0	0.0	0.0	0.0	0.8286	0.0	0.0	1.35158437196	0.0	0.0	11.7676684362	5.68481501528	6.67075187604	1.35158437196	9.21402018309	0.0	0.0	3.4709	0.0	0.0	0.0	0.0	4.6016855661	8.68475021495	4.69113868734	0.0	0.0	0.8286	0.0	0.0	0.0	7.6413520622	0.0	0.0	0.0	2.03705320426	0.0	0.0	0.0	0.0	0.0	1.35158437196	0.0	1.7347	0.0	0.0	0.0	0.0	2.84954782487	0.0	0.0	0.0	0.0	0.0	2.03699549896	0.0	3.13095294275	0.0	0.0	4.17567082556	0.0	0.0	0.0	12.290882153	6.23833959402	10.8067563102	8.32516868548	0.0	0.0	0.0	0.0	0.0	0.0	7.71249185298	0.0	0.0	0.0	4.60167089495	1.73461685615	16.0565511088	6.14649153803	0.0	0.0	0.0	0.0	0.0	0.0	0.0	0.0	0.0	0.0	0.0	0.0	0.0	0.0	0.0	0.0	0.8286	1.73461685615	0.0	3.90380259879	0.0	0.0	3.65995334619	0.0	0.0	0.0	0.0	0.0	0.0	0.0	8.93174558386	6.89424671481	0.0	0.0	0.0	0.0	0.0	0.8286	14.3066596111	4.93015593584	1.35158437196	3.82699012904	0.0	0.0	0.8286	0.0	0.0	0.0	0.0	3.25340281303	0.0	0.0	0.8286	2.68527440908	4.81561107814	0.0	0.0	0.0	0.0	0.0	0.0	0.0	0.0	0.0	0.8286	0.0	0.0	3.82699685222	0.0	9.66110578577	0.8286	0.0	0.0	0.0	0.0	0.0	0.0	1.3516	0.0	0.8286	0.0	0.0	0.8286	0.0	0.0	0.0	0.8286	0.0	0.0	0.0	0.0	0.0	0.0	0.8286	0.0	0.0	0.0	0.0	0.0	0.0	0.0	0.0	0.0	0.0	1.35158437196	0.0	0.0	0.0	0.0	0.0	2.28683185175	0.0	0.0	0.0
TCGA-AR-A24Q	4.77155362922	7.30262423741	0.5908	0.5908	0.5908	0.0	1.00874741526	0.0	0.0	0.0	0.0	0.0	1.00874741526	0.5908	4.22580056435	11.8196192184	8.60786102924	7.3025868279	3.92303893598	10.7272230712	0.0	1.00874741526	4.77157952284	0.0	0.0	0.0	0.0	3.47518769874	8.86744715875	4.97096180945	0.0	1.00874741526	0.0	0.0	0.0	0.0	7.20702332358	0.0	0.0	0.0	4.89935122429	0.0	0.0	0.0	0.5908	0.0	1.0087	0.0	3.53937260835	0.0	0.0	2.1834333914	0.0	3.87411305588	0.0	0.0	0.0	0.0	0.5908	1.33241864663	0.0	2.82223338065	1.0087	0.0	12.1044059698	0.0	0.0	0.0	12.3919318077	8.60975093073	9.27233928556	8.57182269962	0.0	0.0	0.0	1.81975042444	0.0	0.0	9.48795762365	0.0	1.33241864663	0.0	3.47519302739	2.33579254331	17.4665062915	5.52473968167	0.0	0.0	0.5908	0.0	0.0	0.0	0.0	0.0	0.0	0.0	1.00874741526	0.0	0.0	0.0	0.5908	0.0	3.18530585059	0.0	0.0	7.10467009549	0.0	0.5908	6.07231986345	0.0	0.0	0.0	0.0	0.0	0.0	0.0	7.46840068051	7.68612102819	0.0	0.0	0.0	0.0	1.00874741526	4.14560049046	16.2729059738	5.68939234277	2.71512177264	4.40881859873	0.0	0.0	0.5908	0.0	0.0	0.0	0.0	5.4262775329	0.0	0.0	1.00874741526	0.0	6.66817151995	0.0	0.0	0.0	0.0	0.0	0.0	0.0	0.0	0.0	2.18337772387	0.0	0.0	6.59455980138	0.5908	10.3532584888	0.0	0.0	0.0	0.0	0.0	0.0	0.0	2.92190895469	0.0	0.0	0.0	0.0	0.0	0.0	0.0	0.0	0.0	0.0	0.0	0.0	0.0	0.0	0.0	0.5908	0.0	0.0	0.0	0.0	0.0	0.0	0.0	0.0	0.0	0.0	1.0087	0.0	0.0	0.0	0.0	0.0	1.00874741526	0.0	0.5908	0.0
TCGA-AR-A1AX	3.560670507	7.58611201194	0.0	0.0	0.0	0.6229	0.0	0.0	0.0	1.38956204888	0.0	0.0	0.0	0.0	0.0	9.78150324116	8.47042722517	6.60163490658	2.08405404242	11.2402104687	0.0	1.05653858543	0.0	0.0	0.0	0.0	0.0	2.41140052697	7.62215012817	5.25774134805	0.0	0.0	0.0	0.0	0.0	0.0	5.44819913869	0.0	0.0	0.0	4.59811159193	0.0	0.0	0.6229	0.0	0.0	0.0	0.0	2.08402391429	0.0	0.0	2.08405837858	0.0	3.00355702908	0.0	0.0	0.0	0.0	0.0	1.65986539273	0.0	5.33695257957	0.0	0.0	10.1387993536	0.0	0.0	0.0	12.6345097755	6.56100369134	7.8687354967	8.0705446719	0.0	0.0	0.0	0.0	0.0	0.0	9.27694948708	0.0	1.05653858543	0.0	3.74629868732	2.08403118874	18.1759397759	2.08405404242	0.0	0.0	0.0	0.0	0.0	0.0	0.6229	0.0	0.0	0.0	0.0	0.0	0.0	0.0	0.0	0.6229	2.084	0.6229	1.0566	5.35612975343	0.0	0.0	3.74629167361	0.0	0.0	0.6229	0.0	0.0	0.0	0.0	6.5691902318	9.30310635173	0.0	0.0	0.6229	0.0	1.8874621073	2.08405837858	15.5934082086	6.5855203318	3.56069123053	5.13005172732	0.0	0.0	0.6229	0.0	0.0	0.0	0.0	2.08405404242	0.0	0.0	0.0	1.0566	4.62990111673	0.0	0.0	0.0	0.0	0.6229	0.0	0.0	0.0	0.0	0.0	0.0	0.0	6.56923542739	0.6229	8.75455102931	0.0	0.0	0.0	0.0	0.0	0.0	0.0	1.38956204888	0.0	0.0	0.0	0.0	1.05653858543	0.0	0.0	0.0	0.6229	0.0	0.0	0.0	0.0	0.6229	0.0	1.0566	0.0	0.0	0.0	0.0	0.0	0.0	0.0	0.0	0.0	0.0	0.0	0.0	0.0	0.0	0.0	0.0	1.887496633	0.0	0.6229	0.0
TCGA-E9-A1R2	6.1500912818	11.1679916521	0.0	0.0	0.0	0.0	0.0	0.0	0.0	0.4951	0.4951	0.0	0.0	4.08481918362	0.0	11.9221793325	7.97724504895	6.5970991283	3.26280978313	11.2092305493	0.0	0.4951	2.46048108731	0.0	0.0	1.39938175701	0.0	5.62397947662	8.28245704533	4.8085720598	0.0	0.0	0.0	0.0	0.0	0.0	6.44945796843	0.0	0.0	0.0	3.81783936245	0.4951	0.0	0.0	0.0	0.0	0.863016170825	0.4951	1.7893863238	0.0	0.0	1.15591456046	0.0	3.63976999005	0.0	0.0	0.0	0.0	0.0	0.863016170825	0.0	4.47841817547	0.863016170825	0.0	13.7934894938	0.0	0.0	0.0	12.397621799	7.69028053569	8.82606742635	9.53626172128	0.0	0.0	0.0	0.0	0.0	0.0	8.53106788596	0.863016170825	0.8631	0.0	4.6529225865	2.22805300679	17.8023161473	4.55579598247	0.0	0.0	0.0	0.0	0.0	0.0	0.0	0.0	0.0	0.0	0.0	0.0	0.0	0.0	0.8631	0.4951	2.83629184794	0.0	0.0	6.48287109065	0.0	0.0	4.55581962824	0.0	0.0	0.0	0.0	0.0	0.0	0.0	7.45132968866	7.76281430962	0.0	0.0	0.0	0.0	1.15598298727	1.60746247046	14.9764676929	5.85581773818	2.46044936552	5.09447945267	0.0	0.0	2.56400076376	0.0	0.0	0.0	0.0	4.21772412136	0.0	0.0	0.0	0.0	5.00533406132	0.4951	0.0	0.0	0.0	0.0	0.0	0.0	0.0	0.0	0.863016170825	0.0	0.0	7.61394268265	0.0	11.2089758227	0.8631	0.0	0.0	0.0	0.0	0.0	0.0	1.60746247046	0.0	0.0	0.0	0.0	0.4951	0.4951	0.0	0.0	2.99287262711	0.0	0.0	0.0	0.0	0.0	0.0	1.15591456046	0.0	0.0	0.0	0.0	0.0	0.0	0.0	0.0	0.0	0.0	0.4951	0.0	0.0	0.4951	0.0	0.0	1.39926614763	0.0	0.0	0.0
TCGA-D8-A27R	4.74028343967	7.90999459128	0.3394	0.0	0.0	0.0	0.0	0.0	0.0	0.3394	0.0	0.0	0.844539010167	0.844568085441	0.0	10.8754706851	8.21175027721	7.28449273266	1.86882270504	10.8658452481	0.0	0.0	1.04334245704	0.0	0.0	0.614	0.0	3.28585232809	8.65408896531	5.86521505557	0.0	0.0	0.0	0.0	0.0	0.0	5.48426965108	0.0	0.0	0.0	4.05734126057	0.0	0.0	0.0	4.45638812591	0.0	0.844568085441	0.3394	1.51435115728	0.0	0.0	3.24604457767	0.0	2.31576758271	0.0	0.3394	0.0	0.0	0.0	0.613965886013	0.0	6.24911374968	1.21795449602	0.0	12.8384094728	0.0	0.0	0.0	13.7529711332	6.52321815323	8.18705791425	9.4499187202	0.0	0.0	0.0	0.0	0.0	0.0	8.59292775776	0.0	1.64243863004	0.0	2.65644985388	1.86883240844	17.5252374998	3.16303741023	0.0	0.0	0.0	0.0	0.0	0.0	2.15316123498	0.0	0.0	0.0	0.613965886013	0.0	0.0	0.3394	1.51433109539	0.0	3.20513623448	0.0	0.0	4.78260438759	0.0	0.844539010167	4.08016269462	0.0	0.0	0.8446	0.0	0.0	0.0	0.0	6.49802589051	7.0819148761	0.0	0.0	0.0	0.0	0.0	3.63290164815	16.5618161406	6.16631147757	3.80704707981	4.01063226862	0.0	0.0	0.844568085441	0.3394	0.614	0.0	0.0	5.00147588257	0.0	0.0	0.0	0.3394	6.08974436275	0.0	0.0	0.0	0.0	0.613965886013	0.0	0.0	0.3394	0.0	1.21796747529	0.0	0.0	7.62601862904	0.0	9.17336871753	1.6424	0.0	0.844568085441	0.0	0.0	0.0	0.0	1.8688	0.0	0.0	0.0	0.0	0.844568085441	0.3394	0.0	0.0	0.0	0.0	0.0	0.0	0.0	0.0	0.0	0.3394	0.0	0.0	0.0	0.3394	0.0	0.0	0.0	0.0	0.0	0.0	0.0	0.0	0.0	0.3394	0.0	0.0	0.844539010167	0.3394	0.613965886013	0.0
TCGA-E9-A22G	5.7232484544	7.2924632576	0.0	0.0	0.0	0.0	0.639	0.0	0.0	1.25892005965	0.0	0.0	0.3546	0.3546	1.25897310948	12.0164350368	7.50874731317	6.53410743359	3.66711976685	11.3566029931	0.0	0.0	2.11895731088	0.0	0.0	0.0	0.0	3.75903340357	9.8554510866	5.82598387614	0.0	1.561	0.3546	0.0	0.0	0.0	6.06091796032	0.0	0.0	0.0	2.29311582306	0.0	0.0	1.5609607786	0.0	1.0804	0.639	0.639	4.05344388229	0.0	0.0	1.69111917901	0.0	3.90037197606	0.0	0.0	0.0	0.0	0.0	3.7290568909	0.0	3.26872644462	0.3546	0.0	12.4949916576	0.0	0.0	0.0	11.9903605169	9.13349160644	10.6691675908	8.29681221004	0.0	0.0	0.3546	1.41788164349	0.0	0.0	8.20036115577	0.639011727307	0.3546	0.0	8.10136332408	7.09483625665	16.5856172803	5.82599826346	0.0	0.0	0.0	0.0	0.0	0.0	0.8765	0.0	0.0	0.0	0.0	0.0	0.0	0.0	0.8765	0.0	4.55889263797	0.639	0.0	5.8330692941	1.08031571723	0.639011727307	3.09144902314	0.3546	0.0	0.0	0.0	0.0	0.0	0.0	7.16380080412	9.30601185901	0.0	0.0	0.0	0.0	0.0	5.25020508612	13.9081742087	5.96119079371	1.81057977655	6.74740465772	0.0	0.0	0.8765	0.0	0.0	0.0	0.0	5.28151405943	0.0	0.0	0.0	0.3546	5.46566864467	0.0	0.639011727307	0.0	0.0	1.08033299064	0.0	0.0	0.0	0.0	2.77646571187	0.0	0.0	5.16308195685	1.0804	9.73418631534	0.0	0.3546	0.876482025602	0.0	0.0	0.0	0.0	4.55888694893	0.0	0.0	0.0	0.0	0.0	0.0	0.0	0.0	2.44843995171	0.0	0.0	0.0	0.3546	0.0	0.0	2.65402187465	0.3546	0.0	0.3546	0.87647207814	0.0	0.0	0.0	0.0	0.0	0.0	1.4178100396	0.0	0.0	0.0	0.0	0.3546	2.52025431906	0.87647207814	0.0	0.0
TCGA-AR-A2LM	2.98312217801	4.64061716574	0.0	0.0	0.2989	0.2989	0.0	0.0	0.0	0.2989	0.2989	0.0	0.0	0.0	0.0	8.46928995797	8.7000292752	6.88216796165	1.50681539063	10.0695811722	0.0	0.0	0.2989	0.0	0.0	0.0	0.0	2.15493700297	6.70565090442	5.16974188297	0.0	0.0	0.0	0.0	0.0	0.2989	4.34622777894	0.0	0.0	0.0	4.34621318592	0.2989	0.0	0.0	0.0	0.0	0.2989	0.0	1.72345606044	0.0	0.0	0.546375567466	0.0	1.25177601268	0.0	0.0	0.0	0.0	0.0	0.757572001386	0.0	4.22712857335	0.0	0.0	11.1193518435	0.0	0.0	0.0	14.4872543053	7.24167402589	8.45423237936	7.92331887171	0.0	0.0	0.0	0.0	0.0	0.0	8.79435580159	0.0	0.5464	0.0	2.65427596731	1.6191835269	17.6024591575	5.61821573358	0.2989	0.0	0.0	0.0	0.0	0.0	0.2989	0.0	0.0	0.0	0.0	0.0	0.0	0.0	0.941762698464	0.2989	2.70617237742	1.25177092493	0.2989	4.60014883946	0.2989	1.10504447018	4.13560506727	0.0	0.0	0.0	0.0	0.0	0.0	0.0	6.01225217363	8.16003281333	0.0	0.0	0.2989	0.0	0.2989	1.61917973321	16.956592411	5.36776626175	4.83936119247	3.35182793108	0.0	0.2989	0.0	0.0	0.0	0.0	0.0	4.36247807539	0.0	0.0	0.2989	0.2989	3.02450396273	0.0	0.0	0.0	0.0	0.0	0.0	0.0	0.0	0.0	1.25174083543	0.0	0.0	5.84893507879	0.0	8.42165231368	1.10508306374	0.0	0.0	0.0	0.0	0.0	0.0	0.2989	0.0	0.0	0.0	0.0	0.0	0.2989	0.0	0.0	0.2989	0.0	0.0	0.0	0.0	0.0	0.0	1.10508306374	0.0	0.0	0.0	0.0	0.0	0.0	0.0	0.0	0.0	0.0	0.0	0.0	0.0	0.546375567466	0.0	0.0	1.38488792457	0.0	0.757572001386	0.0
TCGA-EW-A1J1	6.29768692391	7.05965007894	0.2233	0.0	0.0	0.0	0.0	0.0	0.0	2.3742610108	0.416625387454	0.0	0.587079296816	0.587056738484	0.2233	11.3265140872	6.5886552254	5.65958253193	2.22726777585	10.3938823356	0.0	0.2233	1.32571806909	0.0	0.0	0.0	0.0	4.9209231095	8.37765443938	4.5295163863	0.0	0.0	0.2233	0.0	0.0	0.2233	7.25413093357	0.0	0.0	0.0	3.03520971721	0.0	0.0	0.4166	0.0	0.0	0.877271596544	0.0	1.2259413935	0.0	0.0	1.94317969084	0.0	3.66869146214	0.0	0.0	0.0	0.0	0.0	0.0	0.0	2.87986470487	1.00315264532	0.0	12.7645294299	0.0	0.0	0.0	11.6024965859	8.00996874588	9.85748604686	8.94433467833	0.0	0.0	0.0	0.0	0.2233	0.0	7.78539618389	0.2233	0.739485080499	0.0	4.89680594781	2.00469750057	16.8665729987	8.00149239784	0.0	0.0	0.0	0.0	0.0	0.0	0.0	0.0	0.0	0.0	0.2233	0.0	0.2233	0.2233	0.2233	0.0	0.2233	4.60089526187	0.0	4.64986215286	0.0	1.00315264532	3.1754639551	0.0	0.0	0.0	0.0	0.2233	0.0	0.0	6.72729978069	5.5086192543	0.0	0.0	0.0	0.0	0.0	2.17478377416	13.6634213871	4.8473047549	1.50649195782	3.20195831692	0.0	0.0	0.416625387454	0.0	0.0	0.0	0.0	3.57051631929	0.0	0.0	0.0	0.0	3.72459801543	0.2233	0.0	0.0	0.0	0.0	0.0	0.0	0.0	0.0	1.74133881692	0.2233	0.0	5.80489041246	0.0	10.55714918	0.0	0.0	0.0	0.0	0.0	0.0	0.0	0.587056738484	0.0	0.0	0.0	0.0	0.0	0.2233	0.0	0.0	0.4166	0.0	0.0	0.0	0.2233	0.0	0.0	0.2233	0.0	0.0	0.0	0.416625387454	0.0	0.0	0.0	0.0	0.0	0.2233	0.739434031014	0.0	0.0	0.0	0.0	0.0	2.00467849937	0.587056738484	0.0	0.0
TCGA-EW-A1P6	6.60219088831	6.65484010413	0.0	0.0	0.5375	0.0	0.5375	0.0	0.0	0.0	0.0	0.0	1.2353	2.05663768177	0.9282	10.4991906397	9.29990154449	5.76204422063	1.8908677528	11.8334738581	0.0	0.0	3.76975869704	0.0	0.0	0.0	0.0	4.92332284881	8.12452895456	4.50262995529	0.0	0.9282	0.0	0.0	0.0	0.5375	8.04293632746	0.0	0.0	0.0	4.21768200343	0.5375	0.0	0.0	0.5375	0.9282	0.928207567149	0.5375	1.23533217238	0.0	0.0	1.48839065407	0.0	3.32605507226	0.0	0.0	0.0	0.0	0.0	1.2353382885	0.0	4.55895517866	0.5375	0.0	14.0662517708	0.0	0.0	0.0	11.1958300502	7.83046495352	9.03402361718	8.14079413027	0.0	0.0	0.0	0.0	0.0	0.0	8.3548441636	0.0	0.0	0.0	3.61890419208	3.25961450738	17.2294695749	4.41374281709	0.0	0.0	0.0	0.0	0.0	0.0	0.9282	0.0	0.0	0.0	0.0	0.0	0.0	0.5375	1.2353	0.5375	0.5375	3.56491828343	0.928207567149	7.44956962108	0.0	0.928207567149	5.3795289131	0.0	0.0	0.0	0.0	0.5375	0.0	0.0	7.57781676501	7.64117293541	0.0	0.0	0.0	0.0	0.5375	2.0566047285	14.1089592756	5.19627273715	3.11679587376	3.81674838037	0.0	0.0	0.928207567149	0.0	0.0	0.0	0.0	5.12340584149	0.0	0.0	0.0	0.5375	5.1045790005	0.0	0.0	0.0	0.0	0.928207567149	0.0	0.0	0.0	0.0	1.48841764987	0.0	0.0	6.57511793216	0.5375	10.6867464806	0.9282	0.0	0.5375	0.0	0.0	0.0	0.0	2.20525657172	0.0	0.0	0.0	0.0	0.0	0.0	0.0	0.0	0.9282	0.0	0.0	0.0	0.0	0.5375	0.0	0.928207567149	0.0	0.0	0.0	0.0	0.0	0.0	0.0	0.0	0.0	0.0	0.5375	0.0	0.0	0.0	0.0	0.0	2.57673977949	0.0	0.0	0.0
TCGA-E2-A155	6.12328494799	7.50419716954	0.0	0.0	0.0	0.0	0.0	0.0	0.0	0.7916	0.0	0.0	4.56437638527	1.67488573016	0.7916	11.9010823947	6.90863478818	8.68320327859	2.61274990419	11.7958930782	0.7916	0.7916	1.2998	0.0	0.0	0.0	0.0	4.21279018422	9.01825388711	6.80865668418	0.0	0.0	0.0	0.0	0.0	0.0	7.1280299867	0.0	0.0	0.0	3.58067827738	0.0	0.0	0.0	0.7916	0.7916	0.7916	0.0	0.7916	0.0	0.0	2.21869970763	0.0	5.43944022019	0.0	0.0	0.0	0.0	0.0	3.58068313104	0.0	5.43946981005	0.7916	0.0	11.7719432982	0.0	0.0	0.0	13.2603131976	8.08067696628	9.16325390716	10.2072401235	0.0	0.0	0.0	0.0	0.0	0.0	8.88179252151	0.0	1.2998	0.0	4.98641386927	1.97228644023	17.9108078772	5.57837423675	0.0	0.0	0.7916	0.0	0.0	0.0	0.0	0.0	0.0	0.0	0.0	0.0	0.0	0.0	0.0	0.0	1.67488573016	0.7916	0.0	4.60825450168	0.0	0.7916	4.0312656852	0.0	0.0	0.0	0.0	0.0	0.0	0.0	6.42278216097	8.76551319283	0.0	0.0	0.7916	0.0	0.7916	4.03123191024	14.1343953193	4.47231755112	1.2998	6.51790521118	0.0	0.0	0.0	0.0	0.0	0.0	0.0	4.73242997379	0.0	0.0	0.0	0.0	6.7114170495	0.0	0.0	0.0	0.0	0.0	0.0	0.0	0.0	0.0	1.29982271189	0.0	0.0	6.50635057622	0.0	9.53985338464	0.0	0.0	0.0	0.0	0.0	0.0	0.0	1.9723	0.0	0.7916	0.0	0.0	0.0	0.0	0.0	0.0	1.67488573016	0.0	0.0	0.0	0.0	0.0	0.0	2.61274990419	0.0	0.0	0.0	1.29982271189	0.0	0.0	0.0	0.0	0.0	0.0	0.7916	0.0	0.0	0.0	0.0	0.0	0.0	0.0	0.0	0.0
TCGA-GI-A2C9	4.70387777715	7.16000700948	0.0	0.0	0.0	0.0	0.317	0.0	0.0	0.0	0.0	0.0	0.5767	2.56416462039	5.98097485428	9.5804547303	6.23742886987	6.61911760438	2.30195404118	10.4646226397	0.0	0.987618245591	0.576739632184	0.0	0.0	0.0	0.0	5.08426908644	8.14246223884	6.56768624744	0.0	0.317	0.0	0.0	0.0	1.3070691309	5.90022617674	0.0	0.0	0.0	3.06545527606	0.0	0.0	1.3070410468	0.5767	0.317	0.796740002465	1.15610984041	0.796740002465	0.0	0.0	2.06842249273	0.0	3.43673380111	0.0	0.0	0.0	0.0	0.0	0.796774028411	0.0	2.6793113161	0.0	0.0	11.3885960142	0.0	0.0	0.0	12.7957440477	8.08621317612	8.93356317306	9.26158464472	0.0	0.0	0.0	0.0	0.0	0.0	10.3530202401	0.796740002465	1.44362351753	0.0	6.07337340717	4.45183480818	18.1257052888	6.19934729134	0.0	0.0	0.0	0.0	0.0	0.0	0.317	0.0	0.0	0.0	0.317	0.0	0.0	0.317	0.987618245591	0.5767	1.56842976729	0.317	2.43898621542	6.71330376566	0.0	1.68321023079	5.36793670304	0.0	0.0	0.0	0.0	0.0	0.0	0.0	7.55254268691	9.10878667023	0.0	0.0	0.0	0.0	0.576739632184	2.97814584467	15.6952169944	5.08423383	0.796740002465	6.89703477924	0.5767	0.576739632184	1.3070410468	0.0	0.0	0.0	0.0	4.85844128227	0.0	0.0	0.5767	0.317	1.78956674563	0.0	0.5767	0.0	0.0	0.0	0.796740002465	0.0	0.0	0.0	1.44362351753	0.0	0.0	7.0277433888	0.5767	9.40650248209	0.796740002465	0.0	0.0	0.317	0.0	0.0	0.576739632184	0.9875	0.0	0.0	0.0	0.317	1.15606233766	0.0	0.0	0.0	1.44367079553	0.0	0.0	0.0	0.0	0.0	0.0	3.18715188768	0.0	0.0	0.0	1.15616754465	0.0	0.0	0.0	0.0	0.0	0.0	0.576739632184	0.0	0.0	0.0	0.0	0.0	1.68327191249	1.15616754465	0.0	0.0
TCGA-E2-A14Y	4.31307336259	8.69743001516	0.0	0.0	0.0	0.0	0.0	0.0	0.0	0.0	0.0	0.0	0.837207422667	0.4785	0.0	11.584801241	7.85214572145	7.71041430205	2.18254889929	11.4198462615	0.0	0.0	1.1242	0.0	0.0	0.4785	0.0	4.19412923648	8.26935333467	5.80891791972	0.0	0.0	0.0	0.0	0.0	0.0	6.20471805533	0.0	0.4785	0.0	3.2708724902	0.0	0.0	0.0	0.0	0.0	0.0	0.0	1.74831834744	0.4785	0.0	3.0827449958	0.0	3.84515322772	0.0	0.0	0.0	0.0	0.0	0.0	0.0	4.91182626433	0.0	0.0	17.2609544516	0.0	0.0	0.0	13.0149537159	8.0167285195	8.8103838067	8.3892703566	0.0	0.0	0.0	0.0	0.0	0.4785	8.75239519632	0.4785	0.8372	0.0	6.02471714521	5.63709248502	17.6932492511	6.05913896787	0.0	0.0	0.0	0.0	0.0	0.0	1.1242	0.0	0.0	0.0	0.0	0.0	0.0	0.0	0.4785	0.0	1.36354044952	0.0	0.0	6.0159491818	0.0	0.0	3.01421435957	0.0	0.0	0.0	0.0	0.0	0.0	0.0	7.07377394859	8.19576838077	0.0	0.0	0.0	0.4785	0.4785	2.94218156934	14.8258454391	5.87806292214	2.30237438197	6.25017097597	0.0	0.0	0.0	0.0	0.0	0.0	0.0	4.03018898911	0.0	0.0	0.0	0.8372	5.16999229401	0.0	0.4785	0.0	0.0	0.0	0.0	0.4785	0.0	0.0	0.4785	0.0	0.0	6.71722400241	0.0	9.33969956353	0.4785	0.0	0.0	0.0	0.0	0.0	0.0	2.0517824238	0.0	0.0	0.0	0.0	0.4785	1.3635	0.0	0.0	2.3023973226	0.0	0.0	0.0	0.4785	0.0	0.0	2.0518086687	0.0	0.0	0.0	0.4785	0.0	0.0	0.0	0.0	0.0	0.0	1.36350789927	0.0	0.0	0.0	0.0	0.0	1.12424450658	0.0	0.4785	0.0
TCGA-E2-A156	5.11606437449	10.2914545971	0.0	0.0	0.0	0.0	0.0	0.0	0.0	0.0	0.0	0.0	0.849510447438	0.0	0.0	11.1246194002	6.05219569612	7.72730598547	2.2043652015	10.0965396874	0.0	0.0	1.38064001127	0.0	0.0	0.0	0.0	3.9480852387	8.34243630687	5.45625357982	0.0	0.0	0.0	0.0	0.0	0.0	7.9842161209	0.0	0.4864	0.0	2.81031571663	0.0	0.0	0.4864	0.0	0.0	1.1394	0.0	1.92855640388	0.8495	0.0	0.8495	0.0	3.40911270849	0.0	0.0	0.0	0.0	0.0	1.92855640388	0.0	5.04775359136	0.4864	0.0	12.681783423	0.0	0.0	0.0	13.3277173229	7.33794329716	7.83764890562	9.04511416349	0.0	0.0	0.0	0.0	0.0	0.0	8.1502078184	0.0	0.4864	0.0	4.84130694306	2.43579437981	17.4330499447	6.26270615133	0.0	0.0	0.0	0.0	0.0	0.0	0.0	0.0	0.0	0.0	0.0	0.0	0.0	0.0	0.0	0.0	0.0	3.91011440136	0.0	6.36452463339	0.0	0.4864	3.03869934079	0.0	0.0	0.0	0.0	0.0	0.0	0.0	6.63861145615	9.03744715222	0.0	0.0	0.0	0.0	0.0	2.96652068614	13.3964046078	3.56388116663	0.0	3.91018689779	0.0	0.0	0.8495	0.0	0.0	0.0	0.0	5.65302681549	0.0	0.0	0.0	0.0	2.07306637194	0.0	0.0	0.0	0.0	0.0	0.0	0.0	0.0	0.0	0.0	0.0	0.0	6.27021137441	0.0	9.40647831362	0.0	0.0	0.0	0.0	0.0	0.0	0.0	2.32474521191	0.0	0.0	0.0	0.0	0.4864	0.849510447438	0.0	0.0	0.0	0.0	0.0	0.0	0.4864	0.0	0.0	0.8495	0.0	0.0	0.0	0.4864	0.0	0.0	0.0	0.0	0.0	0.0	0.8495	0.0	0.0	0.4864	0.0	0.0	2.07300350542	0.0	0.0	0.0
TCGA-AR-A250	4.95683548225	7.96876503724	0.0	0.0	0.0	0.0	0.4459	0.0	0.0	0.0	0.0	0.0	1.49094887466	1.06105083444	2.3171766293	11.8574463809	8.68909717696	7.83324985355	2.09061709264	11.8364483325	0.0	0.786033581637	2.51297064643	0.0	0.0	0.0	0.0	5.66140857463	8.20839480046	4.73936490985	0.0	1.061	0.0	0.0	0.0	0.0	7.07281761573	0.0	0.0	0.0	4.01877023109	1.061	0.0	0.0	0.0	0.786033581637	1.29196555175	0.0	0.4459	0.0	0.0	0.0	0.0	5.50913109786	0.0	0.0	0.0	0.0	0.0	1.29196555175	0.0	4.85218016794	0.786033581637	0.0	12.9155126155	0.0	0.0	0.0	12.4863147904	8.18339619845	9.24602076036	9.23655995758	0.0	0.0	0.0	0.0	0.0	0.0	8.80227473543	0.0	0.0	0.0	3.56851591728	3.16460982987	18.3649556285	5.6717022998	0.0	0.0	0.0	0.0	0.0	0.0	0.4459	0.0	0.0	0.0	0.0	0.0	0.0	0.0	0.4459	0.0	2.09060991	0.0	0.4459	5.90756308561	0.0	0.0	5.31281316449	0.0	0.0	0.0	0.0	0.0	0.0	0.0	7.72382933553	8.89295922451	0.0	0.0	0.0	0.0	0.0	2.68529258177	15.4326132383	5.02261275967	3.10512190059	4.25601412205	0.0	0.4459	0.4459	0.0	0.0	0.0	0.0	4.36142119185	0.0	0.0	1.061	0.0	5.18936633643	0.4459	0.4459	0.0	0.0	0.0	0.0	0.0	0.0	0.0	1.2919	0.0	0.0	5.9162252024	0.0	8.90177263616	1.29194190346	0.0	0.0	0.0	0.0	0.0	0.0	0.4459	0.0	0.0	0.0	0.0	1.4909111397	0.0	0.0	0.0	0.0	0.0	0.0	0.0	0.0	0.0	0.0	1.061	0.0	0.0	0.0	0.786	0.0	0.0	0.0	0.0	0.0	0.0	1.061	0.0	0.0	0.786	0.0	0.0	0.4459	0.0	0.4459	0.0
TCGA-BH-A0BS	6.26854730051	6.57158014962	0.3223	0.0	0.0	0.0	0.3223	0.0	0.0	0.3223	0.3223	0.0	1.32301793302	0.0	0.0	12.5831728073	7.68474453066	7.44056583565	3.04593391857	9.6878236292	0.3223	0.0	3.97894393026	0.0	0.0	0.0	0.0	5.39405128568	8.43012036913	5.18163650108	0.0	0.0	0.0	0.0	0.0	0.3223	7.11549882002	0.0	0.0	0.0	4.32359113854	0.3223	0.0	0.3223	0.0	0.3223	1.46063393365	0.0	1.80859545316	0.0	0.0	1.1709	0.0	3.64553397193	0.0	0.0	0.0	0.0	0.3223	3.21105160587	0.0	3.28699822136	0.0	0.0	12.1130462022	0.0	0.0	0.0	13.775464563	7.63114906732	9.48207675184	9.01855100491	0.0	0.0	0.0	0.0	0.0	0.0	8.11808509126	0.0	1.70165878838	0.0	3.49343025754	1.80865921841	16.2321085741	7.09713611523	0.0	0.0	0.0	0.0	0.0	0.0	0.3223	0.0	0.0	0.0	0.0	0.0	0.0	0.0	0.5856	0.3223	1.70170136942	2.58641498723	0.0	5.06782817497	0.0	0.585582289324	4.34154922597	0.0	0.3223	0.0	0.0	0.0	0.0	0.0	6.54477694823	6.96463988076	0.0	0.0	0.0	0.0	0.0	2.52506014698	15.145636926	4.84721354345	1.80865921841	3.72961413147	0.0	0.0	0.3223	0.0	0.0	0.0	0.0	5.09978430363	0.0	0.0	0.0	0.0	4.46111950796	0.3223	0.3223	0.0	0.0	0.0	0.3223	0.0	0.0	0.0	0.3223	0.0	0.0	4.57155340706	0.0	9.67773568015	0.0	0.0	0.0	0.0	0.0	0.0	0.0	1.17093154041	0.0	0.0	0.0	0.0	0.3223	0.0	0.0	0.0	0.808166922954	0.0	0.0	0.0	0.0	0.0	0.0	0.8081	0.0	0.0	0.0	0.808166922954	0.0	0.0	0.0	0.0	0.0	0.0	0.0	0.3223	0.0	0.0	0.0	0.0	1.00092958308	0.808151744224	0.0	0.0
TCGA-AR-A1AW	6.71221637007	7.01300408857	0.0	0.0	0.0	0.0	0.0	0.0	0.0	1.68238717283	0.0	0.0	0.0	0.7962	0.7962	12.6340456305	9.02306203839	6.20785089001	1.98044053464	10.9275099466	0.0	0.0	3.0644609286	0.0	0.0	0.0	0.0	4.43448089583	9.87663258417	5.71585474733	0.0	0.7962	0.0	0.0	0.0	0.0	8.14138536956	0.0	0.0	0.0	5.32323919743	0.0	0.0	0.0	0.0	0.0	1.30628694147	0.0	1.30628694147	0.0	0.0	1.98042191769	0.0	5.241328185	0.0	0.0	0.0	0.0	0.0	4.04149231431	0.0	1.68237711092	0.7962	0.0	11.3383029996	0.0	0.0	0.0	14.1914759941	9.19063334591	11.0266215783	7.71550292984	0.0	0.0	0.7962	0.0	0.0	0.0	9.70524646932	0.7962	1.68237711092	0.0	5.24133867972	3.49969586436	17.4811869252	7.18350497958	0.0	0.0	0.0	0.0	0.0	0.0	2.22737741025	0.7962	0.0	0.0	0.7962	0.0	0.0	0.0	1.98043828543	0.0	3.18617640552	2.22732729785	0.0	6.94561600174	0.0	1.98043010158	5.12433864548	0.0	0.0	0.0	0.0	0.0	0.0	0.0	7.64821244006	8.51119946724	0.0	0.0	0.0	0.0	1.98042191769	4.04151975316	14.4431575862	9.67046281923	2.43805043417	6.00773134483	0.0	0.0	0.7962	0.0	0.0	0.0	0.7962	5.37538746936	0.0	0.0	0.7962	0.0	5.34957920928	0.0	0.0	0.0	0.0	0.0	0.0	0.0	0.0	0.0	1.30628694147	0.0	0.0	5.15449649007	0.0	9.24944094202	1.68238717283	0.0	0.0	0.0	0.0	0.0	0.0	0.7962	0.0	0.7962	0.0	0.0	0.7962	0.0	0.0	0.0	1.98044053464	0.0	0.0	0.0	0.0	0.7962	0.0	2.93143254866	0.0	0.0	0.0	0.0	0.0	0.0	0.0	0.0	0.0	0.0	0.7962	0.0	0.0	1.68237711092	0.0	0.0	2.43807402194	1.30628694147	0.0	0.0
TCGA-D8-A1XT	6.71713505059	7.92375820187	0.0	0.3857	0.0	0.0	0.0	0.0	0.0	0.3857	0.0	0.0	1.34053175485	0.3857	2.02324722227	12.727354014	10.1982865599	7.09246184685	3.06280796042	12.6740026081	0.0	1.154436866	3.1148	0.0	0.0	0.3857	0.0	4.34406666239	9.58873078387	5.45643491358	0.0	1.7874	0.3857	0.0	0.3857	0.0	6.61706820615	0.0	0.0	0.0	5.05229494911	0.3857	0.0	1.15442305867	0.0	1.1544	2.22591944082	0.689734896795	1.65331382173	0.0	0.0	1.65325887605	0.0	3.94537305263	0.0	0.3857	0.0	0.0	0.0	1.34049943784	0.0	4.94158416297	0.0	0.0	12.1169384673	0.0	0.0	0.0	12.2748794149	8.30556605267	9.7124338299	9.02804413305	0.0	0.0	0.3857	0.0	0.0	0.0	9.04571087735	1.1544	0.689734896795	0.0	4.94159601962	2.8338731498	18.3107489472	5.83511981172	0.0	0.0	0.0	0.0	0.0	0.0	0.0	0.0	0.0	0.0	0.689734896795	0.0	0.0	0.0	1.50532352243	0.0	4.40795294549	0.0	1.91009790346	7.08596051909	0.0	0.3857	5.73076064572	0.0	0.0	0.6897	0.0	0.0	0.0	0.0	7.91647250021	7.87377508773	0.0	0.0	0.0	0.0	0.0	3.58905660822	15.1407578054	5.63611447363	3.26031356991	4.42860821437	0.0	0.0	0.689734896795	0.0	0.0	0.0	0.0	5.09179015503	0.0	0.0	0.940716012038	0.3857	5.85816379468	0.0	0.0	0.0	0.0	0.0	0.3857	0.0	0.0	0.0	0.0	0.0	0.0	6.53360848653	1.15442305867	2.95291029042	1.91008160692	0.0	0.3857	0.0	0.0	0.0	0.3857	2.40350586721	0.0	0.0	0.0	0.0	1.34051148692	0.0	0.0	0.0	3.11475653656	0.0	0.0	0.0	0.3857	0.3857	0.0	1.15438629184	0.0	0.0	0.0	1.34049943784	0.0	0.0	0.0	0.0	0.0	0.0	1.15442305867	0.0	0.0	0.3857	0.0	0.0	1.65326864721	0.689734896795	0.0	0.3857
TCGA-BH-A0BP	5.45436683271	7.061379065	0.0	0.0	0.0	0.0	0.0	0.0	0.0	0.7928	0.0	0.0	1.30150983832	0.4502	1.30146477073	11.4900751792	9.601065408	7.52148402476	2.85307362967	12.3297663412	0.0	0.4502	3.11941925547	0.0	0.0	0.4502	0.0	4.06580079474	8.07371903444	5.51336937371	0.0	0.4502	0.0	0.0	0.0	0.0	6.98421134065	0.0	0.0	0.0	5.16144945427	0.4502	0.0	0.0	0.0	0.0	0.792821448875	0.0	1.06947063855	0.0	0.0	1.83323438993	0.0	2.43149355934	0.0	0.0	0.0	0.0	0.0	1.30152491371	0.0	4.45110406885	1.06947063855	0.0	12.6687749198	0.0	0.4502	0.0	12.5271667838	7.09267873202	9.06713985816	9.17706178308	0.0	0.0	0.0	0.0	0.0	0.0	8.77196988103	0.4502	0.4502	0.0	3.17891064659	2.1029904737	18.2849049177	5.27494025443	0.0	0.0	0.0	0.0	0.0	0.0	0.0	0.0	0.0	0.0	0.4502	0.0	0.0	0.0	1.83327599144	0.0	1.97439719437	0.0	0.0	6.20699944125	0.0	1.83327599144	4.67443231547	0.0	0.0	0.0	0.0	0.0	0.0	0.0	6.78780220164	7.96591081809	0.0	0.0	0.0	0.0	0.0	3.1789499528	15.1037965385	5.14658801759	3.44461732197	3.96791307064	0.0	0.0	0.0	0.0	0.0	0.0	0.0	4.15747574755	0.0	0.0	0.0	0.0	7.75464308538	0.0	0.0	0.0	0.0	0.0	0.0	0.0	0.0	0.0	1.97443498992	0.0	0.0	6.62606986048	0.4502	9.76364565789	1.6768	0.4502	0.0	0.0	0.0	0.0	0.0	2.22097416	0.0	0.0	0.0	0.0	0.0	0.0	0.0	0.0	1.06947063855	0.0	0.0	0.0	0.0	0.0	0.0	0.0	0.0	0.0	0.0	0.0	0.0	0.0	0.0	0.0	0.0	0.0	0.4502	0.0	0.0	0.0	0.0	0.0	1.83331759175	0.0	0.0	0.0
TCGA-EW-A1OY	5.44412510805	9.36635084672	0.0	0.862368624174	0.0	0.3479	0.0	0.3479	0.0	0.3479	0.3479	0.0	1.39842745189	1.54039479112	0.0	11.4634777506	8.00272287802	7.16870281852	2.42293089089	12.2806850338	0.0	0.0	4.24758915725	0.0	0.0	0.0	0.0	5.34113913848	8.88145779505	5.48856891149	0.8623	0.8623	0.3479	0.0	0.0	0.0	7.49513068671	0.0	0.0	0.0	4.02408296369	0.0	0.0	0.3479	0.0	0.8623	1.24083186767	0.627992840308	1.54033218895	0.0	0.0	0.627992840308	0.0	4.44110444132	0.0	0.0	0.0	0.0	0.0	1.6696833657	0.0	3.60632684419	0.0	0.0	12.3598094677	0.0	0.0	0.0	11.9500117661	7.92716861973	9.99699437971	9.00451118011	0.0	0.0	0.0	0.0	0.0	0.0	8.0977170855	0.0	0.3479	0.0	5.53177315933	3.60634641266	18.2504373559	3.99967527496	0.0	0.0	0.0	0.0	0.0	0.0	0.6279	0.0	0.0	0.0	0.0	0.0	0.0	0.0	0.862368624174	0.0	1.06400497661	0.8623	0.3479	6.79995481324	0.3479	0.862447538633	4.34763819292	0.0	0.0	0.0	0.0	0.0	0.0	0.0	6.84173470369	7.25360644408	0.0	0.0	0.0	0.0	0.0	3.54023447923	14.5859019663	5.39823232628	2.18418439929	5.31172812589	0.0	0.0	1.06400497661	0.0	0.0	0.0	0.0	4.26812143252	0.0	0.0	0.627992840308	0.0	4.74968661636	0.0	0.3479	0.0	0.0	0.0	0.0	0.0	0.0	0.0	0.862368624174	0.0	0.0	6.72756066103	0.0	9.40114847627	1.0639453037	0.0	0.0	0.0	0.0	0.0	0.3479	2.56267870021	0.0	0.3479	0.0	0.0	0.8623	0.0	0.0	0.0	1.39838012542	0.0	0.0	0.0	0.0	0.0	0.0	1.7883325423	0.0	0.0	0.0	1.39837302584	0.0	0.0	0.0	0.0	0.0	0.0	1.39835155458	0.0	0.0	0.6279	0.0	0.0	0.627992840308	1.54035190004	0.3479	0.0
TCGA-AC-A3OD	4.93397440754	8.08229423491	0.2365	0.2365	0.43963596182	0.0	0.0	0.0	0.0	0.0	0.0	0.0	0.918860438946	0.0	0.43963596182	10.3957847986	6.91524083289	6.22730271647	1.87651916543	10.5418456805	0.0	0.776063264293	0.43963596182	0.0	0.0	0.0	0.0	2.53837872496	6.84543777072	5.76177248014	0.0	0.0	0.2365	0.0	0.0	0.2365	4.94233697916	0.0	0.0	0.0	3.52473462437	0.2365	0.0	0.0	0.2365	0.776063264293	0.0	0.617636335763	2.01004138551	0.0	0.0	0.776095820414	0.0	2.53836295577	0.0	0.0	0.0	0.0	0.0	0.617636335763	0.0	2.01011884517	0.776095820414	0.0	12.4459779201	0.0	0.0	0.0	11.9659484153	6.9363921008	8.54269393406	7.16310122036	0.0	0.0	0.0	0.2365	0.0	0.0	8.20580820846	0.4396	0.2365	0.0	5.11544488399	3.50219737246	18.2148724003	6.48136764077	0.0	0.0	0.0	0.0	0.0	0.0	0.0	0.0	0.0	0.0	0.43963596182	0.0	0.0	0.0	1.38020747709	0.0	0.918805152116	0.6176	0.0	5.4511518687	0.0	0.918860438946	4.32619040024	0.0	0.0	0.0	0.0	0.2365	0.0	0.0	5.87116844489	8.5042889931	0.0	0.0	0.0	0.0	0.776095820414	2.18982419051	16.1365353954	6.14977771731	2.95762821927	4.93395906711	0.2365	0.0	0.776063264293	0.0	0.0	0.0	0.0	3.86166210002	0.0	0.0	0.2365	0.617636335763	3.17244473656	0.0	0.2365	0.0	0.0	0.0	0.0	0.0	0.0	0.0	0.4396	0.0	0.0	5.77592410945	0.0	9.33450902509	1.04873400873	0.2365	0.0	0.0	0.0	0.0	0.0	0.9189	0.0	0.0	0.0	0.0	0.6176	0.0	0.0	0.0	0.776095820414	0.0	0.0	0.0	0.0	0.2365	0.0	1.04876441809	0.0	0.0	0.0	0.2365	0.0	0.0	0.0	0.0	0.0	0.0	0.2365	0.0	0.0	0.6176	0.0	0.0	1.47570958085	0.0	0.0	0.0
TCGA-E9-A1R0	3.26002697525	7.22705884134	0.0	0.0	0.3739	0.0	0.3739	0.0	0.0	3.6819752465	0.670570513563	0.0	0.3739	0.3739	0.0	10.0440290659	8.33494675681	7.64684022963	0.916542341582	9.26145624189	0.0	0.3739	0.3739	0.0	0.0	0.0	0.0	2.36232005613	7.5476504456	5.11803270684	0.3739	0.0	0.3739	0.0	0.0	0.0	5.43656813109	0.0	0.0	0.0	4.22891133844	0.0	0.0	0.0	0.0	0.0	0.0	0.0	1.8729	0.0	0.0	1.30992515314	0.0	1.75138544763	0.0	0.0	0.0	0.0	0.0	0.0	0.0	6.56664413129	0.3739	0.0	11.8237610562	0.0	0.0	0.0	13.7321331546	6.69987690225	8.27971233363	9.35958486907	0.3739	0.0	0.0	0.0	0.0	0.0	8.54493856693	0.0	0.916542341582	0.0	1.12662246311	0.916542341582	16.8187455415	3.4280950473	0.0	0.0	0.0	0.0	0.0	0.0	0.0	0.0	0.0	0.0	0.3739	0.0	0.0	0.0	0.916542341582	0.0	2.27684119854	0.3739	0.0	4.38009043828	0.3739	0.0	3.16802229313	0.0	0.0	0.3739	0.0	0.0	0.0	0.0	6.3111265941	8.30015855855	0.0	0.0	0.0	0.0	0.3739	2.72714248704	16.6026839734	5.29155880727	4.74091109931	3.95396028165	0.0	0.0	0.0	0.0	0.0	0.0	0.0	5.80049165764	0.0	0.0	0.0	0.0	3.64832986891	0.3739	0.0	0.0	0.0	0.0	0.0	0.0	0.0	0.0	1.12660096775	0.0	0.0	6.27301931455	0.0	8.5090323844	1.87290849647	0.0	0.0	0.0	0.0	0.0	0.0	1.3099	0.0	0.0	0.0	0.6706	0.3739	0.3739	0.0	0.0	1.30989376911	0.0	0.0	0.0	0.0	0.0	0.0	0.6706	0.0	0.0	0.3739	0.0	0.3739	0.0	0.0	0.0	0.0	0.0	0.3739	0.0	0.0	0.9165	0.0	0.0	1.87289991412	0.0	0.0	0.0
TCGA-E9-A1NA	5.30473875234	7.24580259734	0.0	0.0	0.0	0.0	0.0	0.0	0.0	0.5613	0.0	0.0	0.5613	0.964359100842	0.0	10.7695368012	8.82893867641	6.32113586033	1.75622364505	12.8871095368	0.0	2.11415311361	2.93709301079	0.0	0.0	0.0	0.0	4.90755661612	7.19049859549	4.9075368975	0.0	0.0	0.5613	0.0	0.0	0.0	6.99456815769	0.0	0.0	0.0	4.78847167968	0.0	0.0	0.0	0.0	0.0	0.964359100842	0.0	0.9644	0.0	0.0	1.53727041119	1.27908501006	3.97680919804	0.0	0.0	0.0	0.0	0.0	0.5613	0.0	1.75620002129	0.0	0.0	12.713327035	0.0	0.5613	0.0	11.9369069378	7.94501257629	9.1029668737	9.3267983343	0.0	0.0	0.0	0.0	0.0	0.0	9.01817872688	0.0	0.964359100842	0.0	4.3237312233	1.94625379374	18.811265335	5.28728748813	0.0	0.0	0.0	0.0	0.0	0.0	0.5613	0.0	0.0	0.0	0.5613	0.0	0.0	0.0	1.75621467524	0.0	1.27905212614	0.0	0.0	4.95255904986	0.964359100842	0.0	4.86108842214	0.0	0.0	0.0	0.0	0.0	0.0	0.0	8.40995438028	7.72592461127	0.0	0.0	0.0	0.0	0.0	2.11414167946	14.3433754592	5.07976669287	3.18360445348	4.60322858964	0.0	0.5613	0.0	0.0	0.0	0.0	0.0	3.83975157697	0.0	0.0	0.5613	0.0	3.02402156728	0.0	0.0	0.0	0.0	0.0	0.0	0.0	0.5613	0.0	1.53727041119	0.0	0.0	4.7884657059	0.5613	8.78916517293	0.964359100842	0.0	0.0	0.0	0.0	0.0	0.0	1.9463	0.0	0.0	0.0	0.0	0.0	0.0	0.0	0.0	0.5613	0.0	0.0	0.0	0.5613	0.5613	0.0	0.0	0.0	0.0	0.0	0.0	0.0	0.0	0.0	0.0	0.0	0.0	0.5613	0.0	0.0	0.0	0.0	0.0	1.94622364546	0.0	0.5613	0.0
TCGA-D8-A1JP	6.60515166075	6.43467752626	0.0	0.0	0.0	0.0	0.2474	0.0	0.0	0.2474	0.458520337867	0.0	0.805922650864	0.2474	1.0857570728	11.605552663	9.68820475312	7.05628104798	2.68387755271	11.4336630137	0.0	0.458520337867	3.26395758041	0.0	0.0	0.0	0.0	4.98567526647	8.02308812754	5.91431710384	0.2474	0.2474	0.0	0.0	0.2474	0.2474	7.21187527709	0.0	0.0	0.0	5.01937316554	0.4586	0.0	0.0	0.0	0.0	1.85570229181	0.0	1.42430338521	0.0	0.0	2.84278903418	0.0	3.61181802017	0.0	0.805964463342	0.0	0.0	0.0	1.2076622199	0.0	3.37222777067	0.2474	0.0	9.67770944981	0.0	0.0	0.0	11.2943271118	8.21155666704	8.90396132691	8.77063928116	0.0	0.0	0.0	0.0	0.0	0.0	8.56578928042	0.805964463342	1.2075879207	0.0	5.15434619917	2.72525682903	17.6114913649	6.00533787681	0.0	0.0	0.0	0.0	0.0	0.0	1.7791199123	0.0	0.0	0.0	0.2474	0.0	0.0	0.0	0.2474	0.4586	1.61255890452	1.08577937629	0.2474	6.49275708939	0.0	1.61253251519	6.34786039154	0.0	0.0	0.0	0.458520337867	0.0	0.0	0.0	8.12813173344	9.25042834322	0.0	0.0	0.0	0.0	0.0	3.9628662709	14.9624756928	6.05084709925	3.34593291151	4.81397035998	0.0	0.0	0.805922650864	0.0	0.2474	0.0	0.0	4.38073654696	0.0	0.0	1.52145441866	0.0	5.52635240441	0.2474	1.0857570728	0.0	0.0	0.0	0.0	0.0	0.0	0.0	1.77912864805	0.0	0.0	6.6938865804	0.0	8.31008632108	2.12684133163	0.0	0.0	0.0	0.0	0.0	0.0	1.85570993155	0.0	0.0	0.0	0.0	0.2474	0.2474	0.0	0.0	1.77912551315	0.0	0.0	0.0	0.0	0.4586	0.0	1.08577937629	0.2474	0.0	0.2474	0.458520337867	0.0	0.0	0.0	0.0	0.0	0.0	0.2474	0.0	0.0	0.0	0.0	0.0	1.42423385623	0.2474	0.2474	0.0
TCGA-A2-A259	2.78222582013	5.97112653365	0.0	0.0	0.0	0.0	0.0	0.0	0.0	0.9854	0.0	0.0	0.9854	1.5655	0.0	9.29262089163	8.26073726131	6.82890503439	2.78222582013	8.43017487464	0.0	0.0	0.0	0.0	0.0	0.0	0.0	2.56053556035	7.04770872494	5.10079485691	0.0	0.0	0.0	0.0	0.0	1.56546281481	5.85378462054	0.0	0.0	0.0	3.97253453465	0.0	0.0	0.0	0.0	0.0	0.0	0.0	1.5655	0.0	0.0	0.9854	0.0	0.0	0.0	0.0	0.0	0.0	0.0	0.9854	0.0	7.84730312065	0.9854	0.0	11.892142793	0.0	0.0	0.0	12.522334861	6.3108833691	7.63616579887	9.99443410661	0.0	0.0	0.0	0.0	0.0	0.0	7.77812771139	0.9854	2.29854138772	0.0	1.5655	0.9854	15.1874840351	0.0	0.0	0.0	0.0	0.0	0.0	0.0	0.0	0.0	0.0	0.0	1.5655	0.0	0.0	0.0	0.0	0.0	0.9854	0.0	0.0	4.14223578025	0.0	1.97807215335	3.78014544297	0.0	0.0	0.0	0.0	0.0	0.0	0.0	6.38035922403	8.00970094578	0.0	0.0	0.0	0.0	0.0	1.56546281481	16.5838047138	5.32889603694	5.10075658396	3.87948507744	0.0	0.0	0.0	0.0	0.0	0.0	0.0	5.90187710798	0.0	0.0	0.0	0.0	4.92585003936	0.0	0.0	0.0	0.0	0.0	0.0	0.0	0.0	0.0	0.0	0.0	0.0	6.12083654392	0.9854	8.62897513005	1.56546281481	0.0	0.0	0.0	0.0	0.0	0.0	0.0	0.0	0.0	0.0	0.0	1.5655	0.0	0.0	0.0	0.0	0.0	0.0	0.0	0.0	0.0	0.0	0.0	0.0	0.0	0.0	0.0	0.0	0.0	0.0	0.0	0.0	0.0	0.0	0.0	0.0	0.0	0.0	0.0	1.5655	0.0	0.0	0.0
TCGA-E2-A1IO	5.76493553971	7.15670876084	0.0	0.0	0.0	0.0	0.901439992149	0.0	0.0	1.93384274587	0.0	0.0	0.901418441996	0.0	0.723279512906	11.2986799762	9.6315434368	7.96383088663	2.29448011794	12.0601257134	0.0	0.723279512906	3.76392243962	0.0	0.0	0.2833	0.0	4.74528549492	8.19503993245	5.70020752941	0.0	0.7233	0.0	0.0	0.0	0.2833	6.40892649817	0.0	0.0	0.0	5.26003052253	0.2833	0.0	0.52	0.2833	0.723279512906	1.05998464798	0.723279512906	1.93388140897	0.0	0.0	1.0599815635	0.0	2.529479056	0.0	0.519995515296	0.0	0.0	0.0	0.901439992149	0.0	4.18122758806	1.2028155909	0.0	9.52850519819	0.0	0.0	0.0	11.7279402436	7.55486308722	8.52153630014	8.49660764401	0.0	0.0	0.2833	0.0	0.0	0.0	8.87754069689	0.901425327625	0.2833	0.0	3.66867563355	2.47419700364	18.1787658537	4.91052459451	0.0	0.0	0.0	0.0	0.0	0.0	1.05994573337	0.0	0.0	0.2833	0.2833	0.0	0.0	0.0	0.2833	0.0	2.77791701945	1.20278313822	0.0	6.04171542686	0.0	1.2028155909	5.52771360772	0.0	0.2833	0.0	0.2833	0.0	0.0	0.0	6.37159689035	9.0078890034	0.0	0.0	0.0	0.2833	0.2833	2.41673364856	14.8831756217	6.12927242279	3.97770851331	4.2972291443	0.0	0.2833	0.723279512906	0.0	0.0	0.0	0.0	4.47666968473	0.0	0.0	1.20278034442	0.0	6.36020874969	0.0	0.0	0.0	0.0	0.0	0.2833	0.0	0.0	0.0	0.723279512906	0.0	0.0	7.77807471173	0.0	9.8968447591	0.2833	0.2833	0.0	0.0	0.0	0.0	0.0	2.41675051094	0.0	0.0	0.0	0.2833	0.723279512906	0.0	0.0	0.0	0.2833	0.0	0.0	0.0	0.0	0.0	0.0	1.56207900028	0.0	0.0	0.2833	0.901421884815	0.0	0.0	0.0	0.0	0.2833	0.0	0.901425327625	0.0	0.0	1.45196655594	0.0	0.0	1.66438355691	0.2833	0.2833	0.2833
TCGA-BH-A0DO	3.86269100619	7.28074241399	0.0	0.0	0.0	0.0	0.0	0.0	0.0	0.3654	0.0	0.0	0.656704589848	0.0	0.0	11.5066698842	8.43951256249	6.31109592992	1.84564935136	10.04078287	0.3654	0.0	0.898952247955	0.0	0.0	0.0	0.0	3.83382368002	7.86081347388	4.95312028561	0.0	0.6567	0.0	0.0	0.0	0.0	5.39979087434	0.0	0.0	0.0	4.85595192443	0.6567	0.0	0.0	0.0	0.3654	0.3654	0.0	1.28761736624	0.0	0.0	0.656704589848	0.0	2.24706336981	0.0	0.0	0.0	0.0	0.0	0.3654	0.0	3.08645353482	0.3654	0.0	11.3064313022	0.0	0.0	0.0	13.2419162565	7.11663522786	8.57331836682	8.57440856108	0.0	0.0	0.0	0.0	0.0	0.0	8.91655123131	0.3654	0.0	0.0	4.48091512811	1.84564935136	17.7980212312	6.13889900684	0.0	0.0	0.0	0.0	0.0	0.0	0.0	0.0	0.0	0.0	0.3654	0.0	0.0	0.0	0.6567	0.0	2.33206799994	1.59343472584	0.0	6.70706300019	0.0	0.6567	4.84152581232	0.0	0.0	0.0	0.0	0.0	0.0	0.0	6.65435121485	7.28342462858	0.0	0.0	0.0	0.0	0.0	2.75806112322	14.8705308441	4.81222177868	3.74355340599	4.63942829549	0.0	0.0	1.28762033021	0.0	0.0	0.0	0.0	3.68013458034	0.0	0.0	1.4486283587	0.0	5.77880546533	0.0	0.0	0.0	0.0	0.0	0.0	0.0	0.3654	0.0	0.3654	0.0	0.0	5.03151309563	0.0	8.77186293339	0.898956128326	0.0	0.0	0.0	0.0	0.0	0.0	0.6567	0.0	0.0	0.0	0.0	0.6567	0.0	0.0	0.0	1.28762033021	0.0	0.0	0.0	0.0	0.0	0.0	0.3654	0.0	0.0	0.3654	0.3654	0.0	0.0	0.0	0.0	0.0	0.0	0.3654	0.0	0.0	0.899	0.0	0.3654	0.898956128326	0.0	0.0	0.0
TCGA-B6-A1KI	5.19421015274	7.71288799111	0.0	0.0	0.0	0.0	0.0	0.0	0.0	0.0	0.0	0.0	0.93601562336	0.3834	0.93601562336	13.3544606625	9.41464218092	5.76195522761	1.78030935357	11.1122838786	0.0	0.0	3.57980616153	0.0	0.0	0.0	0.0	3.38342336946	7.15513569971	4.29031613146	0.0	0.3834	0.0	0.0	0.0	0.0	6.00692717183	0.0	0.0	0.0	4.62882604103	0.0	0.0	0.0	0.0	0.0	1.14887585044	0.0	1.49886421846	0.0	0.0	0.686007127439	0.0	2.88590681435	0.0	0.0	0.0	0.0	0.0	1.64648772886	0.0	3.00010040457	0.0	0.0	9.79234353122	0.0	0.3834	0.0	11.5993784255	7.56761795951	8.131433084	8.32042959387	0.0	0.0	0.0	0.0	0.0	0.0	8.44287276841	0.3834	0.686007127439	0.0	3.42488920712	1.14895357093	17.3809180936	6.09309533037	0.0	0.0	0.0	0.0	0.0	0.0	0.0	0.0	0.0	0.0	0.0	0.0	0.0	0.0	0.686007127439	0.0	2.21802611151	0.0	0.0	6.19851285716	0.0	0.9359	5.6527480357	0.0	0.0	0.686007127439	0.0	0.0	0.0	0.0	7.94083751153	7.28188353778	0.0	0.0	0.0	0.0	0.0	2.94416032689	15.2924864467	4.01958375597	2.94417389236	3.96438436739	0.3834	0.3834	0.3834	0.0	0.0	0.0	0.0	4.31259713655	0.0	0.0	0.0	0.0	6.00007046741	0.0	0.0	0.0	0.0	0.0	0.3834	0.0	0.0	0.0	1.14903128723	0.0	0.0	5.06897996991	0.3834	8.22685649176	1.33448814446	0.0	0.0	0.0	0.0	0.0	0.0	0.686007127439	0.0	0.0	0.0	0.3834	0.3834	0.0	0.0	0.0	1.33453524898	0.0	0.0	0.0	0.0	0.0	0.0	0.9359	0.0	0.0	0.0	0.0	0.0	0.0	0.0	0.0	0.0	0.0	0.3834	0.0	0.0	0.0	0.0	0.0	0.3834	0.3834	0.0	0.0
TCGA-E9-A243	5.33490593053	8.94811451257	0.0	0.9219	0.0	0.0	0.0	0.0	0.0	0.0	0.0	0.0	0.0	0.9219	1.88120509069	11.6583488348	9.1793931904	7.0003186117	3.43834179756	10.9885035541	0.0	0.9219	3.3141	0.0	0.0	0.0	0.0	3.02796758876	8.74354408501	5.8419204248	0.0	0.0	0.0	0.0	0.0	0.0	7.36375247519	0.0	0.0	0.0	5.12901838859	0.0	0.0	0.9219	0.0	0.9219	1.88120509069	0.0	2.86041375224	0.0	0.0	1.88115928094	0.0	2.86037244225	0.0	0.0	0.0	0.0	0.0	1.88115928094	0.0	3.65872303379	0.0	0.0	13.0663138337	0.0	0.0	0.0	13.2733970326	8.89490605361	9.89742310768	8.12985910365	0.9219	0.0	0.0	0.0	0.0	0.0	9.57249448237	0.0	0.9219	0.0	5.81924070364	5.01395615892	18.0259890811	3.17810525216	0.0	0.0	0.9219	0.0	0.0	0.0	0.0	0.0	0.0	0.0	0.9219	0.0	0.0	0.9219	2.1948505234	0.0	1.47986050299	0.9219	0.0	5.72478272751	0.0	0.0	5.23562937238	0.0	0.0	0.0	0.0	0.0	0.0	0.0	7.54051807099	8.28687867192	0.0	0.0	0.0	0.0	1.47986050299	4.54624379625	14.2498425818	8.11127662419	3.31410340732	5.72483732253	0.0	0.0	1.47986050299	0.0	0.0	0.0	0.0	4.88882812522	0.0	0.0	0.9219	0.0	5.23567188564	0.0	0.9219	0.0	0.0	0.0	0.0	0.0	0.0	0.0	1.47986050299	0.0	0.0	4.84460024904	0.0	9.51721896322	0.0	0.0	0.0	0.0	0.0	0.0	0.0	1.4798	0.0	0.0	0.0	0.0	0.0	0.0	0.0	0.0	4.65268674634	0.0	0.0	0.0	0.0	0.0	0.0	0.9219	0.0	0.0	0.0	0.9219	0.0	0.0	0.0	0.0	0.0	0.0	0.0	0.0	0.0	1.88120509069	0.0	0.0	1.8812	0.0	0.9219	0.0
TCGA-BH-A1FG	4.3258093652	10.0727117633	0.0	0.0	0.0	0.0	0.7094	0.0	0.0	2.26628360638	0.0	0.0	1.1829	0.0	0.7094	10.6140107255	7.65156838881	6.6722535362	1.18284983726	10.8125721122	0.0	0.7094	2.44519023817	0.0	0.0	0.0	0.0	4.32582946253	8.07842251399	5.54632100417	0.0	0.0	0.0	0.0	0.0	0.0	5.9682945305	0.0	0.0	0.0	3.10799361312	0.0	0.0	0.7094	0.0	0.0	0.0	0.0	2.0620315424	0.0	0.0	1.18284983726	0.0	2.60435361429	0.0	0.0	0.0	0.0	0.0	1.53876201406	0.0	4.1818233842	1.53872281691	0.0	12.8738300159	0.0	0.0	0.0	11.8006566092	6.19786945138	8.16713941357	8.66835576803	0.0	0.0	0.0	0.0	0.0	0.0	8.1382040021	0.7094	0.7094	0.0	4.13041630655	2.44516932645	18.0535467453	4.23142172217	0.0	0.0	0.0	0.0	0.0	0.0	0.7094	0.0	0.0	0.0	0.0	0.0	0.0	0.0	0.7094	0.0	0.0	0.7094	0.7094	5.64114030618	0.0	0.0	3.56038331326	0.0	0.7094	0.0	0.0	0.0	0.0	0.0	6.80109325779	6.25894572	0.0	0.0	0.0	0.0	0.7094	2.44519023817	14.3961180814	4.61471264444	3.48060554457	5.50649095221	0.0	0.0	0.7094	0.0	0.0	0.0	0.0	3.48059565728	0.0	0.0	0.7094	0.0	3.84174421077	0.0	0.0	0.0	0.0	0.0	0.0	0.0	0.0	0.0	0.0	0.0	0.0	5.44473647972	0.0	9.38483101548	0.0	0.0	0.0	0.0	0.0	0.0	0.0	1.1829	0.0	0.0	0.0	0.0	0.0	0.0	0.0	0.0	0.0	0.0	0.0	0.0	0.7094	0.0	0.0	0.7094	0.0	0.0	0.0	0.7094	0.0	0.0	0.0	0.0	0.0	0.0	0.0	0.0	0.0	1.53876201406	0.7094	0.0	1.82395139969	0.0	0.7094	0.0
TCGA-AR-A24M	5.0762688549	6.38816842206	0.0	0.0	0.0	0.0	0.0	0.0	0.0	1.1506	0.0	0.0	0.492218329706	0.4923	0.4923	10.9360174384	8.65608048311	7.10263118877	2.2203090656	9.67096508097	0.0	0.6869792123	2.39787690889	0.0	0.0	0.0	0.0	3.70011756516	7.25638479871	4.73452500987	0.0	0.267	0.0	0.0	0.0	0.0	5.69015449387	0.0	0.0	0.0	4.53382590886	0.267	0.0	0.267	0.0	0.0	0.6871	0.267	0.6869792123	0.0	0.0	1.6944802804	0.0	2.01796305276	0.0	0.0	0.0	0.0	0.0	1.27702793193	0.0	3.94828229075	0.492218329706	0.0	11.5594103952	0.0	0.267	0.0	12.061007873	7.25064771921	8.73535725643	8.68346124819	0.267	0.0	0.0	0.0	0.0	0.0	8.54266297937	0.4923	0.6869792123	0.0	2.0179196523	0.858611053438	17.5380520564	4.20845937205	0.0	0.0	0.0	0.0	0.0	0.0	0.267	0.0	0.0	0.0	0.267	0.0	0.0	0.0	0.267	0.0	0.267	2.15600297191	0.0	5.34522704462	0.492218329706	0.267	4.8508543991	0.0	0.0	0.267	0.0	0.0	0.0	0.0	6.21734127666	7.08333037825	0.267	0.0	0.0	0.0	0.0	2.22034321096	14.2130355179	4.25530716866	2.50507123113	3.85000590937	0.267	0.267	0.6871	0.0	0.0	0.267	0.0	4.59581264666	0.0	0.0	0.267	0.0	4.89100831679	0.0	0.6871	0.0	0.0	0.0	0.0	0.0	0.0	0.0	1.01196066351	0.0	0.0	5.48930852778	0.0	9.3022949151	0.0	0.0	0.0	0.0	0.0	0.0	0.0	1.60088771448	0.0	0.0	0.0	0.0	0.492218329706	0.6869792123	0.0	0.0	0.492218329706	0.0	0.0	0.0	0.0	0.0	0.0	0.858674407093	0.0	0.0	0.0	0.0	0.0	0.0	0.0	0.0	0.0	0.0	0.267	0.0	0.0	0.6869792123	0.0	0.0	1.27700878102	0.0	0.0	0.0
TCGA-D8-A1JH	5.27109803889	10.06279934	0.0	0.0	0.6205	0.0	0.0	0.0	0.0	1.22854967041	0.3433	0.0	0.852770367902	0.0	0.6205	12.383296472	9.47609718407	6.79300610409	2.54503545235	10.9762141836	0.0	1.22858689145	3.7104796313	0.0	0.0	0.0	0.0	4.54229550063	8.36217622422	5.56107012483	0.0	0.0	0.0	0.0	0.0	0.0	6.46029264828	0.0	0.620408455505	0.0	5.60156283435	0.0	0.0	0.3433	0.0	0.0	1.98383212941	0.0	1.22857321448	0.0	0.0	0.852848294619	0.0	2.60994713556	0.0	0.0	0.0	0.0	0.0	1.05291544801	0.0	3.26268726063	0.3433	0.0	12.8859572199	0.0	0.0	0.0	13.8152903265	7.96772089981	8.38095804519	8.52993260658	0.0	0.0	0.3433	0.0	0.0	0.0	8.77788580022	0.6205	0.3433	0.0	3.48666606455	2.25137563067	17.8320552829	4.75816412383	0.0	0.0	0.0	0.0	0.0	0.0	0.852770367902	0.0	0.0	0.0	0.3433	0.0	0.0	0.0	0.8528	0.0	2.16765613836	3.26269672909	0.3433	6.6574909721	0.620408455505	2.16760547902	5.90307748782	0.0	0.0	0.0	0.0	0.0	0.0	0.0	7.34889330419	7.64838885196	0.0	0.0	0.0	0.0	0.0	2.89694029268	15.97375144	5.82998667477	4.00416587807	4.7145230653	0.0	0.0	1.65506605315	0.0	0.0	0.0	0.0	4.47417629532	0.0	0.0	0.3433	0.0	6.44258700569	0.0	0.0	0.0	0.0	0.0	0.0	0.0	0.0	0.0	0.620408455505	0.0	0.0	6.07965138086	0.0	8.90385674977	1.77314040033	0.0	0.0	0.0	0.0	0.0	0.0	1.98379406656	0.0	0.0	0.0	0.0	0.3433	0.0	0.0	0.0	1.5264298983	0.0	0.0	0.0	0.0	0.0	0.0	1.38515844498	0.0	0.0	0.0	0.852848294619	0.0	0.0	0.0	0.0	0.0	0.0	0.852770367902	0.0	0.0	1.52647083888	0.0	0.0	0.852848294619	1.05298328057	0.3433	0.0
TCGA-AR-A1AT	5.90995263317	7.47636969993	0.0	0.0	0.0	0.0	0.3838	0.0	0.0	0.0	0.686655700265	0.0	0.686655700265	0.3838	0.0	12.2513898527	8.92903114267	7.12596890658	2.01715903864	11.4112946779	0.0	0.0	3.1577343572	0.0	0.0	0.0	0.0	4.64833799292	8.69554340426	5.917273201	0.0	0.6867	0.0	0.0	0.0	0.0	6.8718708475	0.0	0.0	0.0	4.59480151528	0.3838	0.0	0.3838	0.0	0.6867	0.3838	0.3838	3.05565110543	0.0	0.3838	1.64780568244	0.0	4.15078613291	0.0	0.0	0.0	0.0	0.0	3.0557139479	0.0	4.91933463652	0.0	0.0	12.3126683345	0.0	0.3838	0.0	12.4090195143	7.44642614941	10.281692411	9.48265081317	0.0	0.0	0.0	0.0	0.0	0.0	8.96292403266	0.0	0.686655700265	0.0	5.61027701331	3.15773074417	18.291448804	5.31136127031	0.0	0.0	0.3838	0.3838	0.0	0.0	0.6867	0.0	0.0	0.0	0.3838	0.0	0.0	0.0	1.33566218061	0.0	1.78170798075	0.9369	0.3838	6.94863777041	0.0	0.936833644344	4.44131468664	0.0	0.0	0.0	0.0	0.0	0.0	0.0	7.27819256135	8.01252301713	0.0	0.0	0.0	0.0	0.686655700265	3.34251932695	14.7116970063	7.09732597447	2.12191057546	4.948055911	0.0	0.6867	0.0	0.0	0.0	0.0	0.0	3.25310799403	0.0	0.0	0.0	0.0	5.27769851714	0.0	0.3838	0.0	0.0	0.0	0.3838	0.0	0.0	0.0	0.936833644344	0.0	0.0	6.00885088889	1.78164142318	8.58997453114	0.0	0.0	0.0	0.0	0.0	0.0	0.0	2.31094907032	0.0	0.0	0.0	0.0	0.6867	0.3838	0.0	0.0	0.3838	0.0	0.3838	0.0	0.0	0.3838	0.0	0.9369	0.0	0.0	0.0	0.0	0.0	0.0	0.0	0.0	0.0	0.0	0.0	0.0	0.0	0.0	0.0	0.0	1.50013599324	0.0	0.0	0.0
TCGA-E2-A159	5.82721121474	6.96512049173	0.0	0.0	0.0	0.0	0.0	0.0	0.0	0.4989	0.0	0.0	0.0	0.4989	0.0	12.0682888888	8.58183650167	6.94112075728	2.84744604779	11.0163422352	0.0	0.4989	3.44835809897	0.0	0.0	0.4989	0.0	4.26138930603	9.42988512677	5.37464147891	0.0	0.0	0.0	0.0	0.0	0.0	6.99351218617	0.0	0.0	0.0	3.60351686408	0.4989	0.0	0.8689	0.0	0.4989	1.4073618252	0.0	2.57477958388	0.0	0.0	1.96048290079	0.0	3.07662326345	0.0	0.0	0.0	0.0	0.0	2.8474057694	0.0	4.82110778921	0.0	0.0	14.4729255154	0.0	0.0	0.0	11.1706563994	8.89769253207	9.75226786511	8.33102831495	0.4989	0.0	0.4989	0.0	0.0	0.0	8.76286726642	0.0	0.4989	0.0	4.99937674675	3.98851035384	17.2806038364	6.30532474668	0.0	0.0	0.0	0.0	0.868901161663	0.0	0.4989	0.0	0.0	0.0	0.868901161663	0.0	0.0	0.0	0.8689	0.0	3.21145961848	0.0	0.8689	5.27040773226	0.0	0.4989	4.49084099877	0.0	0.0	0.0	0.4989	0.0	0.0	0.0	9.04490089954	7.08851013244	0.0	0.4989	0.0	0.0	0.4989	3.98853837906	14.8945005545	7.48103897531	2.76215093995	4.61765477988	0.0	0.4989	0.4989	0.0	0.0	0.0	0.0	5.78457056837	0.0	0.0	0.4989	0.0	4.43676495838	0.0	0.0	0.0	0.0	0.0	0.4989	0.0	0.0	0.0	2.10602441947	0.0	0.0	7.07534741937	0.0	10.2952877743	1.1631	0.0	0.4989	0.8689	0.0	0.0	0.868901161663	2.47111062117	0.0	0.0	0.0	0.0	0.0	1.1631	0.0	0.0	1.40737600679	0.0	0.0	0.0	0.0	0.4989	0.0	0.868901161663	0.4989	0.0	0.0	1.40737520698	0.0	0.0	0.0	0.0	0.0	0.0	0.868901161663	0.0	0.0	0.0	0.0	0.0	0.868901161663	0.0	0.0	0.0
TCGA-GM-A2DA	3.09207100604	5.31484637064	0.0	0.0	0.0	0.0	0.176	0.0	0.0	0.603157106896	0.0	0.0	1.02725115637	0.176	0.0	9.22707226448	8.26154553532	6.25059567588	1.49404993906	11.7770239952	0.0	0.176	0.176	0.0	0.0	0.0	0.0	3.52508288312	7.09947868492	5.11866475471	0.0	0.176	0.0	0.0	0.0	0.0	5.06369081448	0.0	0.0	0.0	3.89592343315	0.7215	0.0	0.332844740913	0.603204975666	0.176	0.176	0.0	1.27949891401	0.0	0.0	0.332844740913	0.0	2.97786413564	0.0	0.0	0.0	0.0	0.0	0.474347660797	0.0	4.07324506823	0.0	0.0	7.48220117655	0.0	0.0	0.0	14.1814599873	7.39365679461	8.9362381873	7.74296912447	0.0	0.0	0.0	0.0	0.0	0.0	8.69467721504	0.176	1.02720657826	0.0	2.77400181787	2.95388865949	17.7464018223	5.68963558858	0.0	0.0	0.0	0.0	0.0	0.0	1.35457044207	0.0	0.0	0.0	0.176	0.0	0.0	0.0	0.721442204063	0.3329	1.94678472469	0.0	0.474347660797	4.71736549048	0.332844740913	0.72148899911	4.31814616367	0.0	0.0	0.0	0.0	0.0	0.0	0.0	5.71130596566	8.37926708862	0.0	0.176	0.0	0.0	0.603111287771	0.932377658733	17.1460529467	6.32957980849	4.34600099915	4.35524014653	0.0	0.0	0.176	0.0	0.0	0.0	0.0	3.87051212186	0.0	0.0	0.176	0.332844740913	3.40652208204	0.0	0.0	0.0	0.0	0.0	0.603204975666	0.0	0.0	0.0	0.721444898493	0.0	0.0	4.92268030577	0.176	8.90733971968	0.8308	0.0	0.0	0.0	0.0	0.0	0.0	0.176	0.0	0.0	0.0	0.3329	0.830727435806	0.0	0.0	0.0	0.176	0.0	0.0	0.0	0.0	0.0	0.0	1.20020615007	0.0	0.0	0.0	0.3329	0.0	0.0	0.0	0.0	0.0	0.0	0.0	0.0	0.0	0.176	0.0	0.0	0.83072568396	0.332844740913	0.176	0.0
TCGA-D8-A1JG	6.39026969201	6.6982577028	0.0	0.0	0.0	0.0	0.4204	0.0	0.0	1.42838410333	0.0	0.0	2.01602370619	0.0	0.0	12.0664510217	8.75593392681	7.44466886633	2.52007044706	11.6187200721	0.0	1.01070514281	3.43434446979	0.0	0.0	0.0	0.0	6.6504309991	9.76609554045	5.72129504378	0.0	0.7455	0.0	0.0	0.0	0.4204	7.69596200351	0.0	0.0	0.0	4.64496347603	0.0	0.0	0.0	0.0	0.0	1.42838025328	1.01070514281	3.86111964237	0.0	0.4204	1.01070514281	0.0	4.31791218012	0.0	0.0	0.0	0.0	0.0	6.1295162	0.0	5.0504154231	0.0	0.0	11.5557440686	0.0	0.0	1.0107	13.6705217763	8.30814868672	9.55330841222	9.60498435586	0.0	0.0	0.4204	0.0	0.0	0.0	9.28570427404	0.7455	1.88999499399	0.0	4.29323714408	2.4323697706	17.624926247	5.50192782563	0.0	0.0	0.4204	0.4204	0.0	0.0	1.01067514249	0.0	0.0	0.0	0.0	0.4204	0.0	0.0	0.0	0.0	3.6044765583	0.0	0.0	5.37832040492	0.0	0.4204	5.09393510526	0.0	0.0	0.0	0.0	0.0	0.0	0.0	9.14021118335	8.34767322549	0.0	0.0	0.0	0.0	1.59917854255	4.19005115425	15.1844486097	7.11917586051	3.01866373861	5.52332806588	0.0	0.0	0.4204	0.0	0.0	0.0	0.0	3.72010331136	0.4204	0.0	0.74553605376	0.74553605376	4.60536136763	0.0	0.0	0.0	0.0	0.4204	0.0	0.0	0.0	0.0	1.23462040635	0.0	0.0	4.75747126871	0.4204	9.78782391857	0.4204	0.0	0.0	0.0	0.0	0.0	0.0	2.2392	0.0	0.0	0.0	0.0	0.4204	0.0	0.0	0.0	2.68092794062	0.0	0.4204	0.0	0.4204	0.0	0.0	2.33899540875	0.0	0.0	0.0	1.01067514249	0.0	0.0	0.0	0.0	0.0	0.0	0.4204	0.0	0.0	0.7455	0.0	0.0	1.59921502467	0.0	0.0	0.0
TCGA-E9-A22A	4.07869559038	8.12363669784	0.0	0.0	0.0	0.0	0.0	0.0	0.0	0.0	0.0	0.0	1.8297975363	1.43470273556	0.64868774575	8.08345338615	8.93023493649	6.14630766839	1.09457802728	12.9050262809	0.0	0.0	0.64868774575	0.0	0.0	0.0	0.0	4.17250125321	5.39782071543	5.0227574764	0.0	0.0	1.09457802728	0.0	0.0	0.0	5.8164321332	0.0	0.0	0.0	4.28180578958	0.3605	0.0	0.0	0.0	0.0	0.3605	0.3605	2.13961603772	0.0	0.0	0.3605	0.0	2.61110305847	0.0	0.0	0.0	0.0	0.0	0.3605	0.0	4.42213557672	0.0	0.0	11.6566799324	0.0	0.0	0.0	12.0278296773	6.09932225616	7.79342012499	9.34475671933	0.0	0.0	0.0	0.0	0.0	0.0	8.40187765742	0.3605	0.3605	0.0	2.13961603772	2.47040697606	18.2829785406	2.67661019611	0.0	0.0	0.0	0.0	0.0	0.0	0.888792449168	0.0	0.0	0.0	0.8888	0.0	0.0	0.0	1.27463769042	0.3605	0.64868774575	0.0	0.64868774575	5.48270581418	0.0	0.64868774575	3.25035855693	0.0	0.0	0.0	0.0	0.8888	0.0	0.0	6.22508826873	8.54691431564	0.0	0.0	0.0	0.0	1.09458047646	0.6487	16.1803591871	4.90473441235	3.52393197793	4.07865043249	0.0	0.0	0.0	0.0	0.0	0.0	0.0	3.01735453192	0.0	0.0	0.0	0.0	1.57876014917	0.0	0.0	0.0	0.0	0.6487	0.0	0.0	0.0	0.0	0.0	0.0	0.0	6.63254008407	1.5787	8.55561680895	0.0	0.0	0.0	0.0	0.0	0.0	0.0	0.0	0.0	0.0	0.0	0.0	0.3605	0.0	0.0	0.0	0.3605	0.0	0.0	0.0	0.0	0.0	0.0	0.3605	0.0	0.0	0.0	0.0	0.0	0.0	0.0	0.0	0.0	0.6487	0.0	0.0	0.0	0.0	0.0	0.0	1.09457148018	0.3605	0.0	0.0
TCGA-E2-A15C	4.62783771407	6.88256810481	0.0	0.0	0.0	0.0	0.2664	0.0	0.0	0.0	0.0	0.2664	0.685633480869	0.0	0.685553414145	11.3831189033	8.64180854055	7.2055196293	1.00996672144	10.629368034	0.0	0.685633480869	1.27460652584	0.0	0.0	0.0	0.0	4.25143262578	7.73394799204	5.44561945812	0.0	0.2664	0.0	0.0	0.0	0.2664	6.83982414238	0.0	0.0	0.0	4.69711175476	0.491191619229	0.0	0.0	0.0	0.0	0.2664	0.0	1.27463553076	0.0	0.0	1.27460233301	0.0	4.12296133365	0.0	0.0	0.0	0.0	0.0	0.685553414145	0.0	4.68576810648	1.27463553076	0.0	14.0740731637	0.0	0.0	0.0	12.752097266	7.47750444154	8.55034170834	8.50434049181	0.0	0.0	0.2664	0.0	0.0	0.0	8.66070217871	0.2664	0.2664	0.0	3.98203387251	1.69177001056	17.6953076419	5.3484356955	0.0	0.0	0.0	0.2664	0.0	0.0	0.685553414145	0.0	0.0	0.0	0.2664	0.0	0.0	0.0	1.27461096652	0.2664	1.69170844232	0.856835900979	0.4911	6.61654186442	0.0	1.14837293526	5.19716907971	0.0	0.0	0.0	0.0	0.0	0.0	0.0	7.84369285431	8.39651923546	0.0	0.0	0.0	0.0	0.685633480869	2.3945470892	14.706583382	5.36982681857	3.33978163138	5.39783810806	0.0	0.2664	0.0	0.0	0.0	0.0	0.0	4.18864289606	0.0	0.0	0.0	0.0	4.68578063055	0.0	0.4911	0.0	0.0	0.0	0.2664	0.0	0.0	0.0	0.2664	0.0	0.0	6.1894740156	0.0	9.20070331448	1.390717382	0.0	0.0	0.0	0.0	0.0	0.0	1.86230237012	0.0	0.0	0.0	0.0	0.0	0.0	0.0	0.0	0.491191619229	0.0	0.0	0.0	0.2664	0.2664	0.0	0.856883333907	0.0	0.0	0.0	0.0	0.0	0.0	0.0	0.0	0.0	0.0	0.0	0.2664	0.0	0.0	0.0	0.0	1.59825043356	0.0	0.0	0.0
TCGA-AR-A1AV	6.79173984772	6.34088566106	0.466	0.0	0.0	0.0	0.0	0.0	0.0	0.0	0.0	0.0	0.817663281031	0.0	0.0	12.3366074047	8.2998186839	6.29255860426	2.82775653806	11.8813291714	0.0	1.1001	2.47890679667	0.0	0.0	0.0	0.0	5.81452432229	8.41386244343	5.028672261	0.0	0.0	0.466	0.0	0.0	0.0	8.04464640041	0.0	0.0	0.0	4.40630742129	0.466	0.0	0.0	0.0	0.466	1.33629509134	0.0	2.37669523036	0.0	0.0	1.33629509134	0.0	3.54527444788	0.0	0.0	0.0	0.0	0.0	2.14765566553	0.0	4.05572443194	1.10018602958	0.0	11.9041767874	0.0	0.0	0.0	13.9601808598	8.04467700427	9.40362773802	8.33939949099	0.0	0.0	0.0	0.0	0.0	0.0	8.62918073634	0.466	0.8176	0.0	4.15168683284	2.14768182019	17.6521888247	6.74121967899	0.0	0.0	0.0	0.0	0.0	0.0	0.466	0.0	0.0	0.0	0.0	0.0	0.0	0.0	0.466	0.0	2.14763111896	5.01169326438	1.10013400315	4.94184460187	0.0	1.10013400315	4.86844978352	0.0	0.0	0.0	0.0	0.0	0.0	0.0	7.32169433401	7.90936304469	0.0	0.0	0.0	0.0	0.466	2.66382911504	15.361339145	4.79110840768	2.47894811541	3.91699317882	0.0	0.0	0.817663281031	0.0	0.0	0.0	0.0	4.9238713587	0.0	0.0	0.466	0.0	6.37445397793	0.0	0.466	0.0	0.0	0.0	0.0	0.0	0.0	0.0	0.466	0.0	0.0	5.87198896079	0.0	9.43817040396	0.466	0.0	0.0	0.0	0.0	0.0	0.0	0.817663281031	0.0	0.0	0.0	0.0	0.466	0.0	0.0	0.0	0.817663281031	0.0	0.0	0.0	0.0	0.466	0.0	1.71698741466	0.0	0.0	0.0	0.0	0.0	0.0	0.0	0.0	0.0	0.0	0.466	0.0	0.0	0.0	0.0	0.0	1.53914273847	0.0	0.0	0.0
TCGA-E2-A15L	5.02680018993	7.35629903913	0.0	0.0	0.685	0.0	0.0	0.0	0.0	0.0	0.0	0.0	2.75979495937	0.3828	0.0	9.27592456083	8.09080886016	8.43026451029	3.05178681891	11.6961271941	0.3828	0.685	2.01375912449	0.0	0.0	0.0	0.0	4.74559648235	7.16795092554	6.05148159907	0.0	0.0	0.0	0.0	0.0	0.0	4.80951658937	0.0	0.0	0.0	5.89824730659	0.0	0.0	0.934759502642	0.0	0.0	0.685	0.0	1.64468228708	0.0	0.0	3.05178434852	0.0	1.77854712645	0.0	0.0	0.0	0.0	0.0	1.14759450397	0.0	3.42263422412	0.0	0.0	11.7421027733	0.0	0.0	0.0	12.0920886518	6.1287086849	8.29861055784	10.6160057492	0.0	0.0	0.0	0.0	0.0	0.0	8.73701903664	0.0	1.64476675396	0.0	3.5775587652	2.21599936012	18.3236624529	4.37501146985	0.0	0.0	0.0	0.0	0.0	0.0	2.21603102632	0.0	0.0	0.0	0.0	0.0	0.0	0.3828	0.3828	0.3828	0.0	0.3828	0.0	4.72916305964	0.0	0.0	3.87510728792	0.0	0.0	0.0	0.0	0.0	0.0	0.0	5.89083856521	9.51578245259	0.0	0.0	0.0	0.0	0.3828	0.934759502642	15.0133408874	4.24236979762	2.82310363887	5.55086876679	0.0	0.0	1.64468228708	0.0	0.0	0.0	0.0	5.5508850151	0.0	0.0	0.0	0.0	3.15377498629	0.0	0.0	0.0	0.0	0.0	0.0	0.0	0.0	0.0	0.0	0.0	0.0	6.9513171022	0.0	9.72191940496	1.14754316285	0.0	0.3828	0.0	0.0	0.0	0.0	0.0	0.0	0.0	0.0	0.0	0.0	1.1475	0.0	0.0	0.0	0.0	0.0	0.0	0.685	0.0	0.0	0.934759502642	0.0	0.0	0.0	0.0	0.0	0.0	0.0	0.0	0.0	0.0	0.0	0.0	0.0	0.0	0.0	0.0	1.64476675396	0.0	0.0	0.0
TCGA-A1-A0SD	5.21076845004	7.57852176001	0.0	0.0	0.3144	0.0	0.0	0.0	0.0	0.3144	0.0	0.0	0.791174912901	1.14879010538	0.79109434311	11.9551891192	8.9441459155	6.82632648003	2.42825444143	11.3229355262	0.0	0.0	3.13603328054	0.0	0.0	0.0	0.0	4.0725758623	7.23819977846	5.20119586542	0.0	0.0	0.3144	0.3144	0.0	0.0	6.16689563074	0.0	0.0	0.0	4.77048951653	0.572393763521	0.0	0.0	0.0	0.0	0.572393763521	0.0	0.98103992026	0.0	0.0	1.6740868996	0.0	2.49207308461	0.0	0.0	0.0	0.0	0.0	0.981034961193	0.0	3.45706435013	0.5723	0.0	11.518792328	0.0	0.0	0.0	13.2289709772	7.74166547233	8.62459365407	8.79793710038	0.0	0.0	0.0	0.0	0.0	0.0	8.44170476249	0.0	0.981034961193	0.0	3.13598540281	1.97137972934	18.1441224953	4.50262100278	0.0	0.0	0.0	0.0	0.0	0.0	2.29143707744	0.0	0.0	0.0	0.572393763521	0.0	0.0	0.0	1.14885298324	0.0	1.43524146436	1.87901258063	0.0	6.21495208073	0.0	0.981034961193	4.77054148457	0.0	0.0	0.3144	0.0	0.0	0.0	0.0	6.38852992307	8.00225004303	0.0	0.0	0.0	0.0	0.3144	1.87895306382	16.2423032966	5.66990297867	3.5796459374	4.03018174077	0.0	0.3144	0.572393763521	0.0	0.0	0.0	0.0	4.03021617264	0.0	0.0	0.3144	0.0	6.55467616099	0.0	0.0	0.0	0.0	0.0	0.3144	0.0	0.0	0.0	0.79109434311	0.0	0.0	6.66951979538	0.0	8.25427546506	0.7911	0.0	0.0	0.0	0.0	0.0	0.0	1.4352272722	0.0	0.0	0.0	0.0	0.3144	0.0	0.0	0.0	0.572393763521	0.0	0.0	0.0	0.0	0.0	0.0	0.3144	0.3144	0.0	0.0	0.3144	0.0	0.0	0.0	0.0	0.0	0.0	0.3144	0.0	0.0	0.3144	0.0	0.0	0.791174912901	0.3144	0.3144	0.0
TCGA-AR-A24R	5.90190931552	7.20763268	0.4179	0.0	0.0	0.0	0.0	0.0	0.0	1.74489986286	0.0	0.0	1.74493335978	1.59253571429	1.2289	11.6824177618	8.22073891746	6.7660817478	3.67339268156	11.1193942338	0.0	0.0	3.98019109768	0.0	0.0	0.4179	0.0	5.25895003911	8.80246947304	5.70225349657	0.0	1.0057	0.0	0.0	0.0	0.0	7.76841152413	0.0	0.0	0.0	4.28378538522	0.4179	0.0	0.0	0.0	0.0	1.0057193331	0.0	1.7449260924	0.0	0.0	2.33103365935	0.0	6.84413429843	0.0	0.74154287308	0.0	0.0	0.0	0.0	0.0	4.51333593062	1.88270973578	0.0	12.9858485511	0.0	0.0	0.0	13.3270418429	8.70132235168	10.402953538	9.10759585878	0.0	0.0	0.0	0.0	0.0	0.0	8.98472757114	0.7415	1.0057193331	0.0	4.15366996991	3.42530693448	17.7142620288	6.16095354534	0.0	0.0	0.0	0.0	0.0	0.0	1.88269315199	0.0	0.0	0.0	0.4179	0.0	0.0	0.0	0.74154287308	0.0	4.49195192359	2.51180776602	0.0	6.60616369011	0.0	0.0	5.02592461124	0.0	0.0	0.0	0.0	0.0	0.0	0.0	7.70244546209	7.63575092897	0.0	0.0	0.0	0.4179	0.0	2.67251792949	14.9157607597	6.48151010135	2.23129191832	5.04070160907	0.0	0.0	2.00851526906	0.0	0.0	0.0	0.0	5.36860055582	0.0	0.0	0.4179	0.4179	5.35686183602	0.0	1.2288963723	0.0	0.0	0.0	0.0	0.0	0.0	0.0	1.74490216936	0.0	0.0	7.23043083853	0.7415	10.7258511171	0.74154287308	0.4179	0.0	0.0	0.0	0.0	0.0	2.33100304289	0.0	0.4179	0.0	0.0	0.0	0.0	0.0	0.0	1.88273127004	0.0	0.0	0.0	0.0	0.0	0.0	0.4179	0.0	0.0	0.0	1.2288963723	0.0	0.0	0.0	0.0	0.0	0.0	1.22891039242	0.4179	0.0	0.74154287308	0.0	0.0	1.74492355556	0.7415	0.0	0.0
TCGA-E9-A1NI	6.30977495047	7.76089354063	0.0	0.0	0.0	0.0	0.0	0.0	0.0	0.0	0.0	0.0	1.003	1.58896111603	0.0	11.0339913392	8.99470852005	7.35474660619	2.81252907091	11.8302427263	0.0	1.58896111603	3.706	0.0	0.0	0.0	0.0	4.81320044104	7.82622451329	4.91277187447	0.0	0.0	0.0	0.0	0.0	0.0	8.58722063553	0.0	0.0	0.0	4.39809336723	0.0	0.0	0.0	0.0	0.0	2.0045	0.0	1.003	0.0	0.0	2.32672510505	0.0	4.59075737706	0.0	0.0	0.0	0.0	0.0	1.003	0.0	3.91252152705	0.0	0.0	14.2922580899	1.003	0.0	0.0	11.5919628154	7.55291829974	9.77255394487	8.91892843839	0.0	0.0	0.0	0.0	0.0	0.0	8.72711514483	0.0	0.0	0.0	4.46521124788	3.17526801665	18.1465479452	5.49776662042	0.0	0.0	0.0	0.0	0.0	1.003	0.0	0.0	0.0	0.0	0.0	0.0	0.0	1.003	1.003	1.003	2.58998002612	4.64967124881	0.0	6.63538241004	0.0	1.003	5.39820750825	0.0	0.0	0.0	0.0	0.0	0.0	0.0	7.72025158052	8.21059006905	0.0	0.0	0.0	0.0	0.0	2.32672697357	14.5003405075	4.59075521084	3.1752587218	4.81315103072	0.0	0.0	0.0	0.0	0.0	0.0	0.0	5.70638919505	0.0	0.0	1.003	1.003	6.69245671359	0.0	0.0	0.0	0.0	0.0	0.0	0.0	0.0	0.0	0.0	0.0	0.0	5.88857140282	0.0	10.3290982486	1.003	0.0	0.0	0.0	0.0	0.0	0.0	1.003	0.0	0.0	0.0	0.0	0.0	0.0	0.0	0.0	1.003	0.0	0.0	0.0	0.0	0.0	0.0	0.0	0.0	0.0	0.0	0.0	0.0	0.0	0.0	0.0	0.0	0.0	1.003	0.0	0.0	0.0	0.0	0.0	1.589	1.003	0.0	0.0
TCGA-E9-A226	3.82576617587	7.27657513563	0.0	0.0	0.0	0.0	0.0	0.0	0.0	0.2279	0.0	0.0	0.891948226424	1.01923555667	0.0	7.65173374995	8.46390293221	7.25252053857	2.0881653922	12.7580877448	0.2279	1.34512093363	0.5979	0.0	0.0	0.0	0.0	2.97207215013	5.9446861358	5.38329799436	0.0	0.0	0.0	0.0	0.0	0.0	5.97640314111	0.0	0.0	0.0	4.12364303089	0.0	0.0	0.0	0.0	0.0	0.752394683937	0.0	2.19989343025	0.0	0.0	1.34510086033	0.0	1.68931299336	0.0	0.0	0.0	0.0	0.0	0.0	0.0	4.29694595722	0.0	0.0	11.2115747823	0.0	0.0	0.0	11.4372717457	5.26625589502	7.76164157098	8.71192376105	0.2279	0.0	0.0	0.0	0.0	0.0	8.48608773134	0.4247	0.2279	0.0	2.57624785974	1.76400300433	18.1232227055	4.33416825748	0.0	0.0	0.0	0.0	0.0	0.0	0.2279	0.0	0.0	0.0	0.424662007686	0.0	0.0	0.2279	1.01932308934	0.0	0.752441082748	0.0	0.0	5.45259158779	0.2279	0.0	3.84303704529	0.0	0.2279	0.0	0.0	0.0	0.0	0.0	5.35943367481	8.72891683787	0.0	0.0	0.0	0.0	0.59781465937	0.892045306901	15.7686876855	2.90770526411	3.03367780169	3.57952392473	0.0	0.0	0.0	0.0	0.0	0.0	0.0	4.05105994563	0.0	0.0	0.59781465937	0.0	1.52745643914	0.0	0.0	0.0	0.0	0.0	0.4247	0.0	0.0	0.0	0.2279	0.0	0.0	7.47700262396	0.0	9.46602115631	0.8921	0.0	0.0	0.0	0.0	0.0	0.0	0.0	0.0	0.0	0.0	0.2279	0.5979	0.0	0.0	0.0	0.2279	0.0	0.0	0.0	0.0	0.4247	0.0	0.75233413825	0.0	0.0	0.2279	0.0	0.0	0.0	0.0	0.0	0.0	0.0	0.0	0.2279	0.0	0.0	0.0	0.0	0.752441082748	0.0	0.2279	0.0
TCGA-C8-A12Y	5.73084746512	7.9024552086	0.0	0.0	0.0	0.0	0.5061	0.0	0.0	0.0	0.5061	0.0	0.880028448993	1.17671683558	0.0	10.9563250781	7.82970398273	7.16020225636	1.97882325172	11.1200180104	0.0	0.0	0.5061	0.0	0.0	0.0	0.0	3.02572204466	7.55136368553	4.92674642949	0.0	0.0	0.5061	0.0	0.0	0.0	7.53511161418	0.0	0.0	0.0	4.08474927833	0.0	0.0	0.0	0.0	0.0	0.5061	0.0	2.2576314318	0.0	0.5061	2.12493061796	0.0	3.7209990309	0.0	0.0	0.0	0.0	0.0	0.0	0.0	4.01152319803	0.5061	0.0	12.4696040573	0.0	0.0	0.0	13.25906817	7.29374404312	7.69286748526	8.135926178	0.0	0.0	0.0	0.0	0.0	0.0	8.55718698041	0.5061	0.0	0.0	4.12004782555	2.1249	17.9382392257	5.71940706601	0.0	0.0	0.0	0.0	0.0	0.0	0.0	0.0	0.0	0.0	0.0	0.0	0.0	0.0	0.5061	1.17677508689	1.81613703826	1.81617220959	0.0	5.71937114522	0.0	0.880028448993	4.46014898269	0.0	0.0	0.0	0.0	0.0	0.0	0.5061	6.20356095029	8.62787456852	0.0	0.0	0.5061	0.0	0.5061	3.23338429813	15.4162768688	4.88631830116	3.09831585234	4.46016415176	0.0	0.0	1.42272518976	0.0	0.0	0.0	0.0	3.35684044012	0.0	0.0	1.63283193748	0.5061	4.01148151015	0.5061	0.5061	0.0	0.0	0.0	0.0	0.0	0.0	0.0	0.5061	0.0	0.0	6.15336573651	0.0	9.69420224367	0.5061	0.0	0.0	0.0	0.0	0.0	0.0	0.5061	0.0	0.0	0.0	0.0	0.5061	0.5061	0.0	0.0	0.5061	0.0	0.0	0.0	0.0	0.0	0.0	1.97881842056	0.0	0.0	0.0	0.0	0.0	0.0	0.0	0.0	0.0	0.0	0.0	0.0	0.0	0.0	0.0	0.0	1.17671683558	0.0	0.0	0.0
TCGA-D8-A1JS	6.72402193111	7.25640996145	0.0	0.0	0.0	0.0	1.55540699008	0.0	0.0	0.0	0.404	0.0	0.404	0.404	0.0	12.8258126144	6.61886119456	7.26858251314	3.76598682543	10.2580598998	0.0	0.0	5.05823633024	0.0	0.0	0.0	0.0	6.05759712809	9.03588065356	5.08600800987	0.0	0.0	0.0	0.0	0.0	0.0	8.1795654402	0.0	0.0	0.0	2.76921716601	0.0	0.0	0.0	0.0	0.7193	0.977839906376	0.404	1.55535384875	0.0	0.0	0.977839906376	0.0	3.4189675757	0.0	0.0	0.0	0.0	0.0	2.96105736383	0.0	4.91106986485	1.38732805101	0.0	9.27062932723	0.0	0.404	0.0	13.9010130183	8.12046647829	10.7230381552	9.55537437499	0.0	0.0	0.0	0.0	0.0	0.0	7.69934864769	0.0	1.19706388215	0.0	3.6593168393	1.19703862963	15.964775705	6.79714047483	0.0	0.0	0.0	0.0	0.0	0.0	0.0	0.0	0.0	0.0	0.0	0.0	0.0	0.0	0.7193	0.0	1.70589851124	5.7635666148	0.0	4.34988799545	0.404	0.0	3.41893291617	0.0	0.0	0.404	0.0	0.0	0.0	0.0	7.58013860832	6.8384397677	0.0	0.0	0.0	0.0	0.0	2.18747940749	14.459036124	3.98790839596	0.404	3.73133339032	0.0	0.0	0.0	0.0	0.0	0.0	0.0	5.30229474114	0.0	0.0	0.0	0.977869302465	4.34990216667	0.0	0.0	0.0	0.0	0.0	0.0	0.0	0.0	0.0	1.38732903135	0.0	0.0	4.74712553806	0.0	10.2454776732	0.404	0.0	0.0	0.0	0.0	0.0	0.0	0.7193	0.0	0.0	0.0	0.0	1.7059	0.404	0.404	0.0	0.977869302465	0.0	0.0	0.0	0.0	0.0	0.0	0.977839906376	0.0	0.0	0.404	0.0	0.0	0.0	0.0	0.0	0.0	0.0	0.7193	0.0	0.0	0.977869302465	0.0	0.0	2.2863550683	0.0	0.0	0.0
TCGA-EW-A1PC	6.59563454764	9.02875147738	0.5713	0.0	0.0	0.0	0.0	0.0	0.0	0.0	0.0	0.0	3.13315129703	3.86824416469	0.0	10.6424490471	8.83667937988	6.55143249859	3.28466278317	12.8067110953	0.5713	2.13779075638	1.96904130318	0.0	0.0	0.979457420995	0.0	6.12909957294	8.55485017514	6.79181089717	0.0	0.5713	0.0	0.0	0.5713	0.0	6.74028309811	0.0	0.0	0.0	5.12965751773	0.9794	0.0	1.55746841142	0.0	0.0	0.979457420995	0.5713	3.21090071266	0.0	0.0	1.29724166462	0.0	4.48397712052	0.0	0.0	0.0	0.0	0.5713	3.21092012771	0.0	3.86825138963	0.0	0.0	13.2348348184	0.0	0.0	0.0	12.0270370873	9.00577121726	10.3885589708	10.3579104389	0.0	0.0	0.0	0.0	0.0	0.0	8.23947433315	0.0	0.9794	0.0	4.76744452738	3.13313391272	18.6240120976	5.2633725984	0.0	0.0	0.0	0.0	0.0	0.0	1.96904923695	0.0	0.0	0.0	0.979457420995	0.0	0.0	0.0	0.5713	0.0	3.76889957192	2.96379458248	0.0	6.68004917032	0.0	0.0	5.14952948314	0.0	0.0	0.0	0.5713	0.0	0.0	0.0	8.14851752478	7.86862674353	0.0	0.0	0.0	0.0	0.0	3.21087036303	15.4505440922	4.0902548193	3.28467440098	6.42660214905	0.0	0.0	0.0	0.0	0.0	0.0	0.0	5.41896054185	0.0	0.0	0.5713	0.979457420995	4.74146373025	0.0	0.0	0.0	0.0	0.0	0.0	0.0	0.0	0.0	2.13776503035	0.0	0.0	7.53996503912	0.5713	9.848886499	2.13777514009	0.0	0.0	0.0	0.0	0.0	0.0	0.9794	0.0	0.0	0.0	0.0	0.0	0.0	0.0	0.0	5.38580549017	0.0	0.0	0.0	0.5713	0.0	0.0	2.13776503035	0.0	0.0	0.0	1.96904647247	0.0	0.0	0.0	0.0	0.0	0.0	0.0	0.0	0.0	0.0	0.0	0.0	0.5713	1.96901755432	0.0	0.0
TCGA-A7-A26F	5.69377019928	7.71103528704	0.0	0.0	0.0	0.0	0.0	0.0	0.0	0.0	0.7536	0.0	0.0	0.7536	0.0	11.5055356017	8.60710168998	6.59016955562	2.6977280404	11.6480242112	0.0	0.0	2.354922378	0.0	0.0	0.0	0.0	4.7214031331	9.54556345354	5.63527952778	0.7536	0.7536	0.0	0.0	0.0	1.24609756117	6.99110934096	0.0	0.0	0.0	4.12627066051	0.0	0.0	0.0	0.0	0.0	0.7536	0.0	2.3549	0.0	0.0	1.61258090358	0.0	3.09521226794	0.0	0.7536	0.0	0.0	0.0	2.842695951	0.0	4.00819331135	0.0	0.0	14.7212101907	0.0	0.0	0.0	12.3847764785	7.92160916827	9.4369479431	8.92876113364	1.61258279531	0.0	0.0	0.0	0.0	0.0	8.95297044866	0.0	0.0	0.0	4.43158529975	4.33677400969	17.8490825138	5.39774423684	0.0	0.0	0.0	0.0	0.0	0.0	0.7536	0.0	0.0	0.0	0.0	0.0	0.0	0.0	0.0	1.24609756117	2.97445147434	0.7536	2.53649942474	4.99402892477	0.7536	0.0	4.47670501964	0.0	0.0	0.0	0.0	0.0	0.0	0.0	7.1388503213	8.30625434533	0.0	0.0	0.0	0.0	0.7536	3.7384941442	15.6646620671	6.09220021314	2.69769832163	4.18181979833	0.0	0.0	0.0	0.0	0.0	0.0	0.0	5.42100953296	0.0	0.0	0.0	0.0	5.87329643763	0.0	0.0	0.0	0.0	0.0	0.0	0.0	0.0	0.0	1.61258279531	0.0	0.0	7.03708084323	0.7536	9.16263893869	0.7536	0.0	0.0	0.0	0.0	0.0	0.0	2.53646718912	0.0	0.0	0.0	0.0	0.7536	0.0	0.0	0.0	3.66236359557	0.0	0.0	0.0	0.7536	0.7536	0.0	1.24609756117	0.0	0.0	0.0	0.0	0.0	0.0	0.0	0.0	0.0	0.0	0.7536	0.0	0.0	0.0	0.0	0.0	2.35500842525	0.0	0.0	0.0
TCGA-C8-A12V	5.76908878539	7.69376710824	0.0	0.0	0.0	0.0	0.0	0.0	0.0	0.0	0.0	0.0	0.0	0.0	0.0	12.7046349775	8.80517443949	5.76904084391	2.04	11.6028057124	0.6982	0.0	2.42154143752	0.0	0.0	0.0	0.0	3.87720726173	9.13565397934	5.99711616512	2.58012389005	1.1667	0.6982	0.0	0.0	0.6982	7.22064058168	0.0	0.0	0.0	3.99455973902	0.0	0.0	0.0	0.0	0.0	1.16668873583	0.0	2.5800886735	0.0	0.0	0.0	0.0	3.74950476359	0.0	0.0	0.0	0.0	0.0	1.80320716595	0.0	4.51013779105	0.6982	0.0	8.49752183923	0.0	0.0	0.0	12.5204560384	8.7910553199	10.1753101679	8.32624579851	0.0	0.0	0.0	1.16668873583	0.0	0.0	9.16410215371	0.0	1.80319267416	0.0	5.16422775445	4.97732776637	17.7913845456	5.76907046814	0.0	0.0	0.0	0.0	0.0	0.0	0.0	0.0	0.0	0.0	0.0	0.0	0.0	0.0	0.6982	0.0	2.03999152588	0.6982	0.0	6.69638761131	0.0	2.24334447632	4.3867826145	0.0	0.0	0.0	0.0	0.0	0.0	0.0	7.40149994399	8.35669485261	0.0	0.0	0.0	0.0	1.16668873583	5.26113912019	15.7846465343	9.39509433688	2.97221142078	5.28438374862	0.0	0.0	1.16668873583	0.0	0.6982	0.0	0.0	4.20394153665	0.0	0.0	0.6982	0.6982	4.85859319155	0.6982	0.0	0.0	0.0	0.0	0.0	0.0	0.0	0.0	1.80319992007	0.0	0.0	7.06837632	0.0	9.33932509553	0.6982	0.0	0.0	0.0	0.0	0.0	0.0	1.1667	0.0	0.0	0.0	0.0	1.16668873583	1.16668873583	0.0	0.0	0.0	0.0	0.0	0.0	0.0	0.6982	0.0	2.03998537678	0.0	0.0	0.0	0.6982	0.0	0.0	0.0	0.0	0.0	0.0	0.0	0.0	0.0	0.0	0.0	0.0	2.58010960469	0.6982	0.0	0.0
TCGA-E9-A1R7	5.50514132319	7.48477667924	0.0	0.0	0.0	0.0	0.2974	0.0	0.0	0.543847559836	0.2974	0.0	0.543847559836	0.0	0.5439	13.388816708	8.58937152634	6.06969081988	3.05767011622	10.7306113662	0.0	0.2974	3.31170959003	0.0	0.0	0.937919584655	0.0	4.27172213208	7.65014539682	5.5967576082	0.0	0.2974	0.0	0.0	0.0	0.0	6.65565178331	0.0	0.0	0.0	4.00991532846	0.2974	0.0	0.5439	0.0	0.543847559836	0.937919584655	0.0	2.53800179675	0.0	0.0	1.10075451755	0.0	3.05765856063	0.0	0.0	0.0	0.0	0.0	2.29048436091	0.0	3.24352986998	0.0	0.0	11.0040767483	0.0	0.0	0.0	12.473603419	7.80146084899	8.93070393566	9.33478265614	0.0	0.0	0.0	0.0	0.0	0.0	8.94750094898	0.2974	0.754274380769	0.0	4.52228424108	3.05771178853	17.1468636648	5.46085143985	0.0	0.0	0.0	0.0	0.0	0.0	0.0	0.0	0.0	0.0	0.2974	0.0	0.0	0.2974	0.0	0.0	2.64752711113	0.0	0.0	5.3995770798	0.0	1.38001258872	5.08617028335	0.0	0.0	0.0	0.0	0.0	0.0	0.0	7.89182435783	8.4640333734	0.0	0.0	0.0	0.0	0.2974	2.64752853491	14.7092954429	5.4457721893	2.41952347922	5.15267118935	0.0	0.0	0.937902235284	0.0	0.0	0.0	0.0	4.56477044586	0.2974	0.0	0.7543	0.0	7.47185291098	0.0	0.2974	0.0	0.0	0.2974	0.0	0.0	0.0	0.0	0.0	0.0	0.0	4.76027419828	0.0	11.8007464303	1.37993462928	0.0	0.0	0.0	0.0	0.0	0.0	1.2471	0.0	0.0	0.0	0.2974	0.2974	0.2974	0.0	0.0	1.50159570079	0.0	0.0	0.0	0.0	0.0	0.0	0.2974	0.0	0.0	0.0	0.754319703944	0.2974	0.0	0.0	0.0	0.0	0.0	1.7178596269	0.0	0.0	0.0	0.0	0.543847559836	1.90585952833	1.10079016437	0.543847559836	0.0
TCGA-E2-A15G	5.26020889544	7.11180565734	0.0	0.0	0.0	0.0	0.0	0.0	0.0	0.0	0.0	0.0	0.752713394306	0.4249	0.0	11.9030136315	8.03870594573	7.10465409504	1.43944876588	10.1881321838	0.0	0.4249	1.4394	0.0	0.0	0.0	0.0	3.69879082478	7.76663748715	5.06741859346	0.0	0.4249	0.0	0.0	0.0	0.0	6.96927126079	0.0	0.0	0.0	4.20671197562	0.0	0.0	0.4249	0.0	0.0	0.0	0.0	1.0196	0.0	0.0	1.61100785093	0.0	2.77005549838	0.0	0.0	0.0	0.0	0.0	2.25302661494	0.0	4.25920452751	0.0	0.0	12.3048590143	0.0	0.4249	0.0	12.2867892109	7.43664920988	8.40801016484	8.91121399044	0.0	0.0	0.0	0.0	0.0	0.0	8.5908039627	0.4249	0.4249	0.0	3.94316843955	1.43949803602	16.9143003765	6.47582653525	0.0	0.0	0.0	0.0	0.0	0.0	0.4249	0.0	0.0	0.0	0.0	0.4249	0.0	0.0	0.4249	0.0	2.0292791504	3.66024708513	0.0	5.97681708336	0.0	0.4249	4.12411572926	0.0	0.0	0.0	0.0	0.0	0.0	0.0	6.57759165627	8.22854131945	0.0	0.0	0.0	0.0	0.4249	3.25713803857	13.8802626065	4.38275727047	2.02925529567	4.38275364406	0.0	0.0	0.0	0.0	0.0	0.0	0.0	4.75619532372	0.0	0.0	0.0	0.0	5.46424372176	0.0	0.0	0.0	0.0	0.0	0.0	0.0	0.0	0.0	1.43949803602	0.0	0.0	5.48646977247	0.4249	9.38235124459	0.7526	0.0	0.0	0.0	0.0	0.0	0.0	1.7643098205	0.0	0.0	0.0	0.0	0.0	0.0	0.0	0.0	0.0	0.0	0.0	0.0	0.0	0.0	0.0	0.4249	0.4249	0.0	0.4249	0.7526	0.0	0.0	0.0	0.0	0.0	0.0	0.0	0.0	0.0	0.4249	0.0	0.0	0.752713394306	0.0	0.0	0.0
TCGA-BH-A1FB	4.55880203689	7.24010068756	0.0	0.0	0.496	0.0	0.0	0.0	0.0	0.496	0.0	0.0	0.0	1.60962026203	1.1577	10.8855295053	8.89905977993	6.64817692355	0.496	11.0851494422	0.0	0.8645	3.32587526383	0.0	0.0	0.0	0.0	2.83896700171	7.72171612843	5.73100047291	0.0	0.0	0.0	0.0	0.0	0.0	5.5149666937	0.0	0.0	0.0	5.13161867698	0.0	0.0	0.0	0.496	0.0	0.0	0.0	0.0	0.0	0.0	0.864410753449	0.0	2.23047361447	0.0	0.0	0.0	0.0	0.0	0.864410753449	0.0	4.05244942078	0.0	0.0	11.9992953036	0.0	0.0	0.0	13.0597945894	6.80462552554	7.58658795941	8.34863433623	0.0	0.0	0.0	0.0	0.0	0.0	9.14158171729	1.1577	0.496	0.0	4.8531408152	1.60957087489	18.1801626584	4.25208546747	0.0	0.0	0.0	0.0	0.0	0.0	1.15769472255	0.0	0.0	0.0	0.0	0.0	0.0	0.0	0.0	0.0	0.496	2.66319905827	0.0	6.45253931811	0.0	0.8645	4.74691053706	0.0	0.0	0.0	0.0	0.0	0.0	0.0	6.44574857202	8.23534716576	0.0	0.0	0.0	0.0	0.864410753449	2.83897116553	15.1799065159	6.27279039615	3.32586447274	5.06252185498	0.0	0.0	0.8645	0.0	0.0	0.0	0.0	4.42736128039	0.0	0.0	0.0	0.496	4.1221178045	0.496	0.0	0.0	0.0	0.496	0.8645	0.0	0.0	0.0	0.0	0.0	0.0	6.04074960927	0.0	8.63290729558	0.8645	0.0	0.0	0.0	0.0	0.0	0.0	1.6096	0.0	0.0	0.0	0.0	0.0	0.0	0.0	0.0	1.15762188949	0.0	0.0	0.0	0.0	0.0	0.0	1.95319785799	0.0	0.0	0.0	0.0	0.0	0.0	0.0	0.0	0.0	0.0	0.0	0.0	0.0	0.8645	0.0	0.0	0.0	0.0	0.0	0.0
TCGA-D8-A27T	3.52695377733	6.64413841602	0.0	0.0	0.143	0.0	0.502702261275	0.0	0.0	0.0	0.0	0.0	0.7008	0.143	0.0	9.11029277045	8.23750147676	6.75129355993	0.954687932176	9.94098007168	0.0	0.143	0.502702261275	0.0	0.0	0.2732	0.0	3.46025199757	7.44311836185	5.19560297286	0.0	0.143	0.273095336458	0.0	0.0	0.39251989215	5.71397229368	0.0	0.0	0.0	4.30462637775	0.143	0.0	0.39251989215	2.39872644042	0.143	0.2732	0.0	2.63498454018	0.0	0.0	0.700688951766	0.0	1.76440602582	0.0	0.0	0.0	0.0	0.0	1.41562757754	0.0	5.05342590685	0.2732	0.0	8.95782265548	0.0	0.0	0.0	14.9101319389	7.15104936595	8.85728670864	8.02880221733	0.273095336458	0.0	0.0	0.0	0.0	0.0	8.41141384518	0.0	1.17037951758	0.0	2.65891931584	1.80801373284	17.5567998509	5.29854405695	0.0	0.0	0.0	0.0	0.0	0.0	1.80801280768	0.0	0.0	0.0	0.50272069053	0.0	0.0	0.0	0.143	0.0	1.67302300587	0.502809953971	0.0	4.4354729994	0.143	0.143	4.03789679014	0.0	0.0	0.143	0.0	0.0	0.0	0.0	5.53093830645	6.87047299794	0.0	0.0	0.0	0.0	0.50272069053	2.58568458292	16.7222471953	5.42988460358	3.99140334048	3.17406262242	0.0	0.3925	0.39251989215	0.0	0.0	0.0	0.0	1.89142277486	0.0	0.0	0.143	0.143	2.50846601817	0.0	0.0	0.0	0.0	0.0	0.0	0.0	0.0	0.0	2.39870906848	0.0	0.0	5.8426753385	0.0	8.639716574	0.2732	0.0	0.0	0.0	0.0	0.0	0.0	0.8749	0.0	0.0	0.0	0.0	0.605163822206	0.0	0.0	0.0	0.143	0.0	0.0	0.0	0.143	0.143	0.0	1.03018697476	0.0	0.0	0.0	0.0	0.0	0.0	0.0	0.0	0.0	0.0	0.0	0.0	0.0	0.2732	0.0	0.0	0.502809953971	0.0	0.3925	0.0
TCGA-D8-A1JN	3.58858989725	5.57113809364	0.0	0.0	0.0	0.0	0.0	0.0	0.0	0.0	0.0	0.0	0.621068590678	0.0	0.0	10.9121026634	6.56820726432	5.13612081859	2.08011176751	6.97533070708	0.0	0.3437	3.85315543103	0.0	0.0	0.0	0.0	4.09942876779	8.38975312694	3.82604276376	0.0	0.0	0.0	0.0	0.0	0.0	5.52970804698	0.0	0.0	0.0	1.8837446019	0.0	0.0	0.3437	0.0	0.0	0.3437	0.0	1.0539	0.0	0.0	1.52766898121	0.0	0.621068590678	0.0	0.0	0.0	0.0	0.0	0.3437	0.0	3.0468205631	0.3437	0.0	13.1686405957	0.0	0.0	0.0	11.3925021574	6.22849460529	9.08718666657	8.75487606185	0.0	0.0	0.0	0.0	0.0	0.0	6.98148189769	0.0	0.3437	0.0	3.7702568744	1.05384910465	14.8155392482	6.57635270533	0.0	0.0	0.0	0.0	0.0	0.0	1.05384910465	0.0	0.0	0.0	0.3437	0.0	0.0	0.0	0.0	0.0	0.3437	0.0	0.0	2.84553231431	0.0	0.0	1.88373151123	0.0	0.0	0.0	0.0	0.0	0.0	0.0	5.69619366582	7.60510283237	0.0	0.0	0.0	0.0	0.0	1.77450370779	12.2967201694	3.71222802152	0.3437	3.5559674408	0.0	0.0	0.3437	0.0	0.0	0.0	0.0	2.73327978996	0.0	0.0	0.0	0.3437	4.76000483636	0.0	0.0	0.0	0.0	0.0	0.0	0.0	0.0	0.0	0.3437	0.0	0.0	3.48842466017	0.3437	9.77322983607	0.0	0.0	0.0	0.0	0.0	0.0	0.0	1.88373942333	0.0	0.0	0.0	0.0	0.0	0.0	0.0	0.0	0.0	0.0	0.0	0.0	0.0	0.3437	0.0	0.621068590678	0.0	0.0	0.0	0.0	0.0	0.0	0.0	0.0	0.0	0.0	0.0	0.0	0.0	0.0	0.3437	0.0	0.85361321486	0.0	0.0	0.0
TCGA-C8-A1HN	6.84361583873	6.99671900146	0.0	0.0	0.0	0.0	0.0	0.0	0.0	0.0	0.0	0.0	0.4628	1.53163741418	0.0	12.5397248186	8.52609964512	7.9563163611	2.89338495729	11.4156664305	0.0	0.0	2.65424554366	0.0	0.0	0.8127	0.0	6.28136897469	9.56934104184	6.16451459924	0.0	0.4628	0.4628	0.0	0.0	0.0	7.93417516572	0.0	0.0	0.0	4.31555635669	0.0	0.0	1.09399429584	0.0	0.8127	1.09399429584	0.0	1.3294	0.4628	0.0	2.00929558613	0.0	4.63396290932	0.0	0.0	0.0	0.0	0.0	0.812644567674	0.0	4.8761247892	0.0	0.0	11.2510127434	0.0	0.0	0.0	12.9634677047	8.21323009223	10.0935298058	9.02954209995	0.0	0.0	0.0	0.0	0.0	0.0	9.00210428533	0.4628	1.70897864109	0.0	3.94230367254	3.16073320204	17.3364845291	5.5933514325	0.0	0.0	0.0	0.0	0.0	0.0	0.0	0.0	0.0	0.0	0.0	0.0	0.0	0.0	0.4628	0.0	1.32933302583	0.0	0.0	5.42573968457	0.0	1.09399429584	4.58932167641	0.0	0.0	0.0	0.4628	0.0	0.0	0.0	7.48502860044	6.88574581424	0.0	0.0	0.0	0.0	0.0	3.16071175253	15.4563915842	6.037336296	2.56487380715	4.5432270112	0.0	0.0	1.094	0.0	0.0	0.0	0.0	4.73987103717	0.0	0.0	1.32940567143	0.4628	4.9308749617	0.0	0.0	0.0	0.0	0.0	0.0	0.0	0.0	0.0	0.4628	0.0	0.0	6.45933208811	0.0	9.7443311983	0.4628	0.0	0.8127	0.0	0.0	0.0	0.0	2.3675	0.0	0.0	0.0	0.4628	0.8127	0.0	0.0	0.0	1.09399429584	0.0	0.0	0.0	0.0	0.0	0.0	1.86701039726	0.0	0.0	0.0	0.812644567674	0.0	0.0	0.0	0.0	0.0	0.0	0.8127	0.0	0.0	0.0	0.0	0.0	1.53163741418	1.09403990687	0.0	0.0
TCGA-A7-A26H	2.9295788659	9.00479734322	0.0	0.0	0.0	0.0	0.0	0.0	0.0	0.0	0.0	0.0	1.12964111096	1.43145498366	0.0	8.02417473822	8.28971810167	7.44383238307	1.6024481116	12.6837051587	0.0	0.593747680853	0.421694181748	0.0	0.0	0.0	0.0	2.96138970965	5.65009962881	5.26699762315	0.2262	0.2262	0.0	0.0	0.0	0.0	6.1237869512	0.0	0.0	0.0	4.09781953421	0.0	0.0	0.0	0.2262	0.0	0.0	0.0	2.89711896741	0.0	0.0	1.8261367559	0.0	2.43637109193	0.0	0.2262	0.0	0.0	0.0	0.5937	0.0	4.51686972955	0.747451314296	0.0	13.1049966547	0.0	0.0	0.0	12.7309718014	5.94060482009	8.37406317322	8.8694607678	0.0	0.0	0.0	0.0	0.0	0.0	8.04844359474	0.2262	0.747526455576	0.0	2.29381834614	1.01319828651	18.0621314066	3.70596958817	0.0	0.0	0.0	0.0	0.0	0.0	0.421694181748	0.0	0.0	0.421694181748	0.886549423809	0.0	0.0	0.0	0.88641294421	0.0	1.12959563686	0.4216	0.5937	4.63977148902	0.0	0.0	3.36941571863	0.0	0.0	0.0	0.0	0.0	0.0	0.0	5.7444948479	8.88459311668	0.0	0.0	0.0	0.0	0.421694181748	0.593747680853	14.8832553223	4.24712872055	3.6679224062	4.0245557468	0.0	0.0	0.0	0.0	0.0	0.0	0.0	2.86378699563	0.0	0.0	0.2262	0.2262	2.56604202533	0.0	0.0	0.0	0.0	0.0	0.0	0.0	0.0	0.0	0.2262	0.0	0.0	6.66251959397	0.0	10.0930844821	0.747483595665	0.0	0.4216	0.0	0.0	0.0	0.0	0.0	0.0	0.0	0.0	0.0	0.421694181748	0.0	0.0	0.0	0.593747680853	0.0	0.0	0.0	0.0	0.2262	0.0	0.5937	0.0	0.0	0.4216	0.0	0.0	0.0	0.0	0.0	0.0	0.0	0.0	0.0	0.0	0.2262	0.0	0.0	1.01318464146	0.0	0.2262	0.0
TCGA-E2-A1B1	4.37875018142	6.76845874297	0.0	0.0	0.0	0.0	0.0	0.0	0.0	0.825	0.0	0.0	0.5987	0.3302	0.825003249411	11.3721026197	9.27270646192	5.61749142157	2.20188912764	11.5759696856	0.0	1.19275372193	2.94238401875	0.0	0.0	0.0	0.0	3.65233707413	7.53852319141	4.9703238986	0.0	0.0	0.0	0.0	0.0	0.0	5.16903009007	0.0	0.0	0.0	5.36184760546	0.3302	0.0	0.598722777201	0.0	0.0	0.5987	0.0	0.3302	0.0	0.0	0.598722777201	0.0	3.03586305286	0.0	0.0	0.0	0.0	0.0	1.02057166945	0.0	3.12362643503	0.0	0.0	13.0985043841	0.0	0.0	0.0	13.195890082	7.16735524207	8.30522171492	8.36607279713	0.0	0.0	0.0	0.0	0.0	0.0	9.18295957036	0.3302	0.0	0.0	3.68154774608	2.11882784652	18.6200296669	3.84542749085	0.0	0.0	0.0	0.0	0.0	0.0	0.0	0.0	0.0	0.0	0.0	0.0	0.0	0.0	0.825003249411	0.0	2.49299439294	0.825022719896	0.0	6.46250953291	0.0	1.19275372193	5.69832054465	0.0	0.0	0.0	0.0	0.0	0.0	0.0	6.59506519734	7.97003175145	0.0	0.0	0.0	0.0	0.3302	2.89335362769	15.0673642509	5.74056112897	4.1679017451	5.00541654356	0.0	0.3302	0.825003249411	0.0	0.0	0.0	0.0	3.03588097324	0.0	0.0	1.02057450692	0.0	4.43130397392	0.0	0.3302	0.0	0.0	0.0	0.3302	0.0	0.3302	0.0	0.598722777201	0.0	0.0	6.06266170085	0.0	8.14665103312	0.3302	0.0	0.0	0.0	0.0	0.0	0.0	1.3466	0.0	0.0	0.0	0.0	0.3302	0.0	0.0	0.0	1.34657348082	0.0	0.0	0.0	0.0	0.0	0.0	0.825003249411	0.0	0.0	0.0	0.0	0.0	0.0	0.0	0.0	0.0	0.0	0.0	0.0	0.0	0.0	0.0	0.3302	1.48556372326	0.0	0.0	0.0
TCGA-AR-A255	5.99779012683	7.00230069306	0.0	0.1888	0.0	0.0	0.3557	0.0	0.0	0.0	0.0	0.0	1.26181884478	1.63069731353	0.764623355585	12.4715406094	9.43538967082	5.80570082956	1.42087438825	12.0161447613	0.0	0.0	0.5052	0.0	0.0	0.0	0.0	4.1517370992	7.69767532163	4.82774111166	0.505327710923	0.3557	0.1888	0.0	0.1888	0.0	6.288363813	0.0	0.0	0.0	4.75487182413	0.1888	0.0	0.3557	0.0	0.1888	0.8787	0.355727284158	1.92431364806	0.0	0.0	1.17510040306	0.0	3.6556001811	0.0	0.0	0.0	0.0	0.0	0.878798385424	0.0	3.27298085268	0.355727284158	0.0	11.6259974236	0.0	0.3557	0.0	12.7802520453	8.50180110353	9.91888491415	8.10535011103	0.0	0.0	0.0	0.0	0.0	0.0	8.2247457066	0.1888	0.640862435866	0.0	3.37371992038	2.83804422474	17.8241508662	4.04580386211	0.0	0.0	0.0	0.0	0.0	0.0	2.2552289656	0.0	0.0	0.0	0.1888	0.0	0.0	0.0	1.26177183953	0.0	2.92026399425	0.355727284158	0.0	6.25179894228	0.0	1.92432476279	5.4748978091	0.0	0.0	0.87873777861	0.1888	0.0	0.0	0.0	7.01328360806	8.08842051889	0.0	0.0	0.0	0.0	0.1888	1.97654206992	15.6458032171	6.61692026023	3.63951022897	4.53765791686	0.0	0.1888	1.34356118094	0.0	0.0	0.0	0.0	4.18533379506	0.1888	0.0	0.0	0.505303114274	6.72381093095	0.0	0.878679636126	0.0	0.0	0.0	0.0	0.0	0.0	0.0	1.08295606113	0.0	0.0	6.26496548374	0.1888	8.08694786339	1.1751226729	0.0	0.1888	0.0	0.0	0.0	0.0	2.02694019063	0.0	0.1888	0.0	0.0	0.355727284158	0.1888	0.0	0.0	0.984522526199	0.0	0.0	0.0	0.0	0.0	0.0	1.17510040306	0.1888	0.0	0.0	0.640862435866	0.0	0.0	0.0	0.0	0.0	0.0	0.0	0.0	0.0	1.42084985377	0.0	0.1888	1.8703023736	0.0	0.1888	0.0
TCGA-D8-A1XD	6.34149685396	7.0000415693	0.0	0.0	0.0	0.0	0.4661	0.0	0.0	0.0	0.0	1.10044507394	1.87568670131	2.14811769034	3.63715984907	10.7039939618	8.49902781856	7.03823086296	2.1482	10.6887038205	0.0	0.4661	2.7486838951	0.0	0.0	0.0	0.0	4.21290685321	7.53603508193	4.15233186315	0.4661	0.0	0.0	0.0	0.0	0.0	6.57294573884	0.0	0.0	0.0	4.056355433	0.4661	0.0	0.817820013964	0.0	0.0	0.0	0.0	1.71738242722	0.0	0.0	2.14813949426	0.0	3.59221402934	0.0	0.0	0.0	0.0	0.0	0.0	0.0	3.54586228171	0.4661	0.0	14.6317039555	0.0	0.0	0.0	11.4790621958	7.45369171812	8.61449911701	9.00558623025	0.0	0.0	0.0	0.0	0.0	0.0	8.77881751948	0.0	0.817820013964	0.0	3.98864043355	1.71739309468	17.7328805716	5.57080950193	0.0	0.0	0.0	0.0	0.0	0.0	0.4661	0.0	0.0	0.0	0.0	0.0	0.4661	0.0	0.0	1.10044507394	0.8179	0.0	0.0	7.19666563338	0.0	1.10044507394	5.15812031068	0.0	0.0	0.0	0.0	0.0	0.0	0.0	8.10448488464	7.37958288551	0.0	0.0	0.0	0.0	0.0	2.26721932591	14.1885303688	3.80402459067	2.14813461118	3.80397493152	0.0	0.0	0.0	0.0	0.0	0.0	0.0	4.869067232	0.0	0.0	0.817820013964	0.0	5.90049189937	0.4661	1.10044507394	0.0	0.0	0.0	0.4661	0.0	0.0	0.0	0.0	0.0	0.0	7.77836391228	0.0	10.056255148	1.53949354623	0.0	0.0	0.0	0.0	0.0	0.0	1.3366	0.0	0.4661	0.0	0.0	0.0	0.0	0.0	0.0	0.817820013964	0.0	0.0	0.0	0.0	0.4661	0.0	0.0	0.4661	0.0	0.0	0.0	0.0	0.0	0.0	0.0	0.0	0.0	0.0	0.0	0.0	0.0	0.0	0.0	1.1003793146	0.4661	0.0	0.0
TCGA-D8-A1JI	6.21223347606	11.0483996423	0.0	0.0	0.0	0.0	0.0	0.0	0.0	0.0	0.0	0.0	2.58378384976	1.94649151893	0.0	12.5438819368	5.73044369291	6.70204082508	2.19153131019	9.45925583907	0.0	0.4402	2.89192371215	0.0	0.0	0.0	0.0	2.58377888708	8.53668213461	5.22467430744	0.777	0.0	0.0	0.0	0.0	0.0	7.27740079585	0.0	0.0	0.0	1.47716138679	0.0	0.0	0.4402	0.0	0.0	1.47716138679	0.0	1.65112091686	0.0	0.0	2.58378157549	0.0	3.25751686155	0.0	0.0	0.0	0.0	0.0	1.04987908178	0.0	3.50426296639	0.4402	0.0	7.51264123057	0.0	0.4402	0.0	11.2506180624	6.84322145639	9.40938184987	7.13817425975	0.0	0.0	0.0	0.0	0.0	0.0	7.92216430072	0.4402	1.04987908178	0.0	4.03057101049	1.94651940936	15.7745859207	7.70991411856	0.0	0.0	0.0	0.0	0.0	0.0	2.89191964952	0.0	0.0	0.0	0.0	0.0	0.0	0.0	0.4402	0.0	0.4402	4.20810388422	0.0	3.63428584388	0.0	0.4402	3.14558937116	0.0	0.0	0.0	0.4402	0.0	0.0	0.0	7.10488043214	5.77812266558	0.0	0.0	0.0	0.0	0.0	3.31037771648	13.5898559508	3.82795277494	0.4402	5.4056045762	0.0	0.0	5.00185091106	0.0	0.0	0.0	0.0	6.10414069023	0.0	0.0	0.0	1.04989364695	5.01785208912	0.0	0.0	0.0	0.0	0.0	0.0	0.0	0.0	0.0	0.4402	0.0	0.0	5.51094463938	0.0	9.20908050709	0.4402	0.0	0.777017597857	0.0	0.0	0.0	0.0	1.6511	0.0	0.0	0.0	0.0	0.777017597857	0.0	0.0	0.0	0.4402	0.0	0.0	0.0	0.0	0.0	0.0	1.47712870225	0.4402	0.0	0.0	0.0	0.0	0.0	0.0	0.0	0.0	0.0	0.0	0.0	0.0	0.0	0.0	0.0	1.80633475677	0.0	0.0	0.0
TCGA-EW-A1J2	5.29388232658	6.76149147725	0.0	0.0	0.0	0.0	0.0	0.0	0.0	0.5358	0.0	0.0	0.5358	0.5358	0.5358	11.8860460214	9.30997372424	6.84287066039	2.57225774854	11.4697585953	0.0	0.925613395118	3.25478386584	0.0	0.0	0.5358	0.0	4.14088086859	8.73937515872	5.155083421	0.0	0.5358	0.0	0.0	0.0	0.0	6.49990338215	0.0	0.0	0.0	5.20869086138	0.5358	0.0	0.925613395118	0.5358	0.0	0.5358	0.0	2.20098872055	0.0	0.0	1.23219258738	0.0	3.71625227042	0.0	0.0	0.0	0.0	0.0	1.48489382278	0.0	3.94410871788	0.5358	0.0	11.7580881405	0.0	0.0	0.0	14.2641136745	7.8785241468	9.44176977668	8.32747598048	0.0	0.0	0.0	0.0	0.0	0.0	8.87264630123	0.5358	0.925613395118	0.0	3.44554918284	2.05250111481	17.6499399947	4.73528622831	0.0	0.0	0.0	0.5358	0.0	0.0	0.0	0.0	0.0	0.0	0.925613395118	0.0	0.0	0.0	0.0	0.0	2.95349733746	2.20098872055	0.0	6.60362065952	0.0	0.0	5.63154104138	0.0	0.0	0.0	0.0	0.0	0.0	0.0	7.11970932721	8.01017749887	0.0	0.0	0.0	0.0	0.0	2.33564898411	16.089829093	6.5766514249	4.02603898122	4.21259997082	0.0	0.0	1.69985983126	0.0	0.0	0.0	0.0	4.0653289459	0.0	0.0	1.23219258738	0.0	5.99923652843	0.9256	0.5358	0.0	0.0	0.0	0.0	0.0	0.0	0.0	1.23218175668	0.0	0.0	6.00931771603	0.0	9.56513551571	1.2322	0.925613395118	0.0	0.0	0.0	0.0	0.0	2.0525	0.0	0.0	0.0	0.0	1.2322	0.0	0.0	0.0	0.0	0.0	0.0	0.0	0.5358	0.0	0.0	0.9256	0.0	0.0	0.0	0.5358	0.0	0.0	0.0	0.0	0.0	0.0	0.0	0.0	0.0	0.5358	0.0	0.0	1.6998754952	0.0	0.5358	0.0
TCGA-E2-A153	5.53150518708	8.09720045318	0.0	0.0	0.0	0.0	0.0	0.0	0.0	0.5254	0.0	0.0	0.5254	0.0	0.5254	11.3551218809	9.34804120264	6.49491751357	2.74670287845	10.8517968144	0.9098	1.21295376843	0.9098	0.0	0.0	0.0	0.0	4.40672466092	8.04055608125	5.71162296546	0.0	0.0	0.0	0.0	0.0	0.0	7.31046161472	0.0	0.0	0.0	5.43221531964	0.0	0.0	0.9098	0.0	0.5254	1.21295376843	0.0	1.21295376843	0.0	0.0	1.21295376843	0.0	3.52915852579	0.0	0.0	0.0	0.0	0.0	1.46328963453	0.0	3.41495405211	0.5254	0.0	12.8501410891	0.0	0.0	0.5254	12.8041101312	7.68158427279	8.53847988076	9.34026801622	0.0	0.0	0.0	0.0	0.0	0.0	9.2284759788	0.909707972986	0.0	0.0	4.21524162315	2.83815596635	18.2111731952	4.62795820608	0.0	0.0	0.5254	0.0	0.0	0.0	1.2129	0.0	0.0	0.0	0.0	0.0	0.0	0.0	2.02697750737	0.5254	0.5254	1.6766	0.0	7.07685280352	0.0	0.5254	5.94561501645	0.0	0.0	0.0	0.0	0.0	0.0	0.0	8.00396606505	8.48638090837	0.5254	0.0	0.0	0.0	0.0	2.83815832513	14.5781383431	4.40671391244	3.4149674697	5.38751286873	0.0	0.0	0.0	0.0	0.0	0.0	0.0	3.86988665309	0.0	0.0	0.909707972986	0.0	4.24894975303	0.0	0.0	0.0	0.0	0.0	0.5254	0.0	0.0	0.0	1.67658173773	0.0	0.0	5.89324985248	0.0	8.5503290984	1.2129	0.0	0.0	0.0	0.0	0.0	0.0	0.9098	0.0	0.0	0.0	0.5254	0.0	0.0	0.0	0.0	1.46328963453	0.0	0.0	0.0	0.0	0.5254	0.0	1.2129	0.0	0.0	0.0	0.9098	0.0	0.0	0.0	0.0	0.5254	0.0	1.21295376843	0.0	0.0	0.0	0.0	0.0	0.909707972986	0.0	0.5254	0.0
TCGA-AC-A3HN	3.20677258048	7.17070179352	0.0	0.0	0.0	0.0	0.1522	0.0	0.0	0.638056815634	0.0	0.0	0.415529715285	0.1522	0.0	10.0679802196	8.57805793917	5.84316413219	1.22342804728	10.4984975687	0.0	0.415470495873	0.6381	0.0	0.0	0.0	0.0	3.72663026331	6.80059534014	5.91937086382	0.0	0.0	0.0	0.0	0.0	0.0	4.68364669657	0.0	0.0	0.0	5.1447471617	0.531011175732	0.0	0.531093069856	0.1522	0.0	0.1522	0.1522	2.15341738437	0.0	0.0	0.53112049717	0.0	1.87581852205	0.0	0.0	0.0	0.0	0.0	0.737729291874	0.0	2.47543197976	0.0	0.0	10.6026257991	0.0	0.0	0.0	13.7865872738	6.24556322306	7.79047290465	8.40086171317	0.1522	0.0	0.0	0.0	0.0	0.0	8.39896237797	0.0	0.737681925453	0.0	2.96099827492	2.00138700049	18.7223795403	3.25801271819	0.0	0.0	0.0	0.0	0.0	0.0	0.415470495873	0.0	0.0	0.0	0.289864609126	0.0	0.1522	0.1522	0.6381	0.0	2.58650829877	0.1522	0.0	5.37103279311	0.289864609126	1.07900020467	5.36721702528	0.0	0.0	0.0	0.0	0.0	0.0	0.0	6.51317039998	7.91010711667	0.0	0.0	0.0	0.0	0.638082283014	1.3547566461	16.3025982161	5.44665421684	4.08921918189	5.41684219378	0.0	0.0	0.638107568457	0.0	0.0	0.0	0.0	3.91928567821	0.0	0.0	0.1522	0.1522	3.29119966162	0.0	0.1522	0.0	0.0	0.0	0.289864609126	0.0	0.0	0.0	0.531065837487	0.0	0.0	4.9193743652	0.0	8.22696027193	0.638114003149	0.0	0.0	0.1522	0.0	0.0	0.0	0.2898	0.0	0.0	0.0	0.0	0.2898	0.0	0.0	0.0	0.415529715285	0.0	0.0	0.0	0.1522	0.1522	0.0	0.918380495771	0.0	0.0	0.0	0.1522	0.0	0.0	0.0	0.0	0.0	0.0	0.0	0.0	0.0	0.830825177008	0.0	0.1522	0.737705524168	0.415470495873	0.0	0.0
TCGA-C8-A26Y	4.48386837727	7.1546626465	0.0	0.0	0.0	0.0	0.0	0.0	0.0	1.18418640474	0.3271	0.0	0.3271	1.18416136614	0.3271	10.6745852573	8.72510895679	5.8064988333	1.82568206131	11.5145223416	0.0	0.3271	1.60205688869	0.0	0.0	1.01288208939	0.0	4.62445230075	8.85761932201	6.70129626099	0.0	0.3271	0.0	0.0	0.0	0.0	6.31066387921	0.0	0.0	0.0	4.11153323856	0.0	0.0	0.0	0.0	0.593572070812	0.593572070812	0.5935	2.82934683753	0.0	0.0	1.18419801573	0.0	2.97650630904	0.0	0.0	0.0	0.0	0.0	1.33734548102	0.0	4.00127263265	0.0	0.0	14.6331107301	0.0	0.0	0.0	13.9716306399	7.98401186841	9.63286585744	9.23683447434	0.3271	0.0	0.0	0.0	0.0	0.0	8.77621673049	0.0	1.01284127179	0.0	3.30837881137	2.60634982856	18.0989958779	5.01347228021	0.0	0.0	0.0	0.0	0.0	0.0	0.5935	0.0	0.0	0.0	0.8184	0.818353291787	0.0	0.0	1.47571559026	0.0	0.593572070812	0.0	0.5935	4.53225825892	0.0	0.3271	4.15339963284	0.0	0.0	0.0	0.0	0.0	0.0	0.0	7.89428418849	7.06704923574	0.0	0.0	0.0	0.0	0.818414961709	3.3083666569	16.4732849777	6.21010604978	4.2336560352	5.31954033072	0.3271	0.0	0.5935	0.0	0.0	0.0	0.0	4.87018296508	0.0	0.0	0.3271	0.0	3.72403080348	0.0	0.3271	0.0	0.0	0.3271	0.3271	0.0	0.0	0.0	0.3271	0.0	0.0	6.32449081004	0.3271	4.76610588855	1.18416136614	0.0	0.0	0.3271	0.0	0.0	0.0	2.6063	0.0	0.0	0.0	0.3271	0.5935	0.0	0.0	0.0	0.593572070812	0.0	0.5935	0.0	0.0	0.0	0.0	2.26816555548	0.0	0.0	0.0	0.5935	0.0	0.0	0.0	0.0	0.0	0.0	0.8184	0.0	0.0	0.3271	0.0	0.0	1.01284127179	0.818414961709	0.0	0.0
TCGA-BH-A1F8	6.89324683207	7.19831817595	0.0	0.0	0.0	0.0	0.0	0.0	0.0	0.0	0.0	0.0	4.43473468147	0.0	0.0	11.4524087412	9.41711609507	7.43371445307	2.56348557557	12.1925862188	0.0	0.5764	3.43593916059	0.0	0.0	0.0	0.0	4.14552637049	8.38785287849	5.80752287058	0.0	0.5764	0.0	0.0	0.0	0.0	7.52501515559	0.0	0.0	0.0	5.12467005468	0.0	0.0	0.0	0.0	0.9871	1.56778637664	0.0	1.78890148954	0.0	0.0	2.43831702277	0.0	3.8827935397	0.0	0.0	0.0	0.0	0.0	2.56346142066	0.0	5.14480675747	1.3065	0.0	11.1213944048	0.0	0.0	0.0	11.2344858637	7.20315796541	9.87807606569	9.53737486227	0.5764	0.0	0.0	0.0	0.0	0.0	8.66424006837	0.0	0.987137116055	0.0	4.95228014448	2.14987801053	18.1419514109	5.97457780231	0.0	0.0	0.0	0.0	0.0	0.0	0.5764	0.0	0.0	0.0	0.0	0.0	0.0	0.0	0.5764	0.0	1.98065704587	0.0	0.0	6.01892407683	0.0	0.0	5.48253867409	0.0	0.0	0.0	0.0	0.0	0.0	0.0	7.2643439618	8.27573854012	0.0	0.0	0.0	0.0	0.0	2.88451344558	14.6111084877	5.90533101454	3.14695983066	5.06241227767	0.0	0.0	0.5764	0.0	0.0	0.0	0.0	4.52984364025	0.0	0.0	0.5764	1.56778637664	7.29623992948	0.0	1.30644906856	0.0	0.0	0.0	0.0	0.0	0.0	0.0	0.0	0.0	0.0	6.39234135034	0.0	8.90641441988	0.5764	0.0	0.5764	0.0	0.0	0.0	0.0	0.9871	0.0	0.0	0.0	0.0	0.5764	0.0	0.0	0.0	1.30644906856	0.0	0.0	0.0	0.0	0.0	0.0	1.30644906856	0.0	0.0	0.0	0.0	0.0	0.0	0.0	0.0	0.0	0.0	0.0	0.0	0.0	0.0	0.0	0.0	1.78892278063	1.3065	0.0	0.0
TCGA-A2-A1G1	6.69785841135	6.70315527386	0.0	0.0	0.0	0.0	0.0	0.0	0.0	0.467	0.0	0.0	0.0	1.87795701135	0.0	12.4432941825	8.9451623249	6.59320641681	2.66697119217	11.6393790357	0.0	0.0	2.667	0.0	0.0	0.0	0.0	5.65260224763	9.70757884034	5.89425421223	0.0	0.0	0.0	0.0	0.0	0.0	7.36270622054	0.0	0.0	0.0	4.81442104508	1.1021	0.0	0.0	0.0	0.0	1.54159464522	0.0	1.33851088543	0.0	0.0	1.33852643453	0.0	3.88359564824	0.0	0.0	0.0	0.0	0.0	1.33852643453	0.0	4.87200423406	0.467	0.0	15.2529390605	0.0	0.0	0.0	13.99094086	8.66717906798	9.8470297975	8.51274915786	0.0	0.0	0.0	0.0	0.0	0.0	9.38689428342	0.467	1.10211831772	0.0	5.71692311136	4.96322320822	17.5857839877	6.29624992864	0.0	0.0	0.0	0.0	0.0	0.0	1.71953823364	0.0	0.0	0.0	0.0	0.0	0.0	0.0	0.8192	0.0	2.66698526619	0.467	0.467	5.748072349	0.0	0.467	5.26517099684	0.0	0.0	0.0	0.0	0.0	0.0	0.0	7.7277759257	6.82489249094	0.467	0.0	0.0	0.0	1.10211831772	3.8068717935	16.3864816132	7.65305325527	3.39990662352	4.87203152262	0.0	0.819230333136	0.819230333136	0.0	0.0	0.0	0.0	4.71292695962	0.0	0.0	0.0	0.0	3.34670085605	0.0	0.0	0.0	0.0	1.10211831772	0.0	0.0	0.0	0.0	1.10209338563	0.0	0.0	4.3021829051	0.0	8.58056036416	0.467	0.0	0.0	0.0	0.0	0.0	1.33848410675	2.02063695184	0.0	0.0	0.0	0.0	1.54158113771	0.0	0.0	0.0	2.90642107766	0.0	0.0	0.0	0.467	0.467	0.0	1.54158113771	0.0	0.0	0.0	0.467	0.0	0.0	0.0	0.0	0.0	0.0	0.467	0.0	0.0	0.467	0.0	0.0	0.819230333136	0.467	0.0	0.0
TCGA-C8-A12M	4.46306565921	6.90825411377	0.0	0.0	0.0	0.0	0.0	0.0	0.0	0.6795	0.0	0.0	0.0	0.0	0.0	11.5422709769	5.44994069842	5.61842607997	2.68130146907	11.9554173196	0.0	0.6795	1.48788961092	0.0	0.0	0.0	0.0	5.34710915398	7.48918740387	4.90089994661	0.0	0.0	0.0	0.0	0.0	0.0	4.81096589181	0.0	0.0	0.0	2.38157154659	0.0	0.0	0.0	0.0	0.0	0.0	0.0	1.13958028565	0.0	0.0	1.48787412503	0.0	3.48889908024	0.0	0.0	0.0	0.0	0.0	1.13958028565	0.0	2.92931376211	0.6795	0.0	11.0960150372	0.0	0.0	0.0	13.106019508	6.50200773202	8.72350832698	9.84582289616	0.0	0.0	0.0	0.0	0.0	0.0	7.28176001812	0.0	0.6795	0.0	2.81059820409	0.6795	19.122760516	4.74777448143	0.0	0.0	0.0	0.0	0.0	0.0	0.0	0.0	0.0	0.0	0.0	0.0	0.0	0.0	0.0	0.0	0.6795	0.0	0.0	2.68127405561	0.0	0.0	2.00287288494	0.0	0.0	0.0	0.0	0.0	0.0	0.0	6.108058868	8.23162604658	0.0	0.0	0.0	0.0	0.0	2.20464411971	14.2245077562	4.61245630669	0.0	3.40940700143	0.0	0.6795	0.6795	0.0	0.0	0.0	0.0	5.1895752123	0.0	0.0	0.0	0.0	4.71512789963	0.0	0.0	0.0	0.0	0.0	0.0	0.0	0.6795	0.0	0.0	0.0	0.0	5.78504930709	0.0	5.5083395954	0.0	0.0	0.0	0.0	0.0	0.0	0.0	0.6795	0.0	0.0	0.0	0.0	0.0	0.0	0.0	0.0	0.0	0.0	0.0	0.0	0.0	0.6795	0.0	0.6795	0.0	0.0	0.0	0.0	0.0	0.0	0.0	0.0	0.0	0.0	0.0	0.0	0.0	0.0	0.0	0.0	0.0	0.6795	0.0	0.0
TCGA-BH-A0AV	4.58081303154	7.88052499811	0.8191	0.0	0.0	0.0	0.0	0.0	0.0	0.0	0.0	0.0	2.83078599878	0.0	6.43646306518	11.0481328591	8.66302228482	6.9637913242	1.3384	11.5900769161	0.0	1.33834456125	3.11166280516	0.0	0.0	0.0	0.0	3.80675512418	8.91225314747	5.52657352538	0.0	1.3384	0.0	0.0	0.0	0.0	5.57371693641	0.0	0.0	0.0	4.75425817958	0.0	0.0	0.8191	0.0	0.0	1.33834456125	0.0	2.83085083194	0.0	0.0	0.8191	0.0	3.23384809504	0.0	0.0	0.0	0.0	0.0	0.8191	0.0	3.88350870343	0.0	0.0	10.7045959984	0.0	0.0	0.0	13.1933313812	7.94461646424	9.13846177937	8.66843390153	0.0	0.0	0.0	0.8191	0.0	0.0	9.32194056295	0.8191	1.33834456125	0.0	4.48555982237	3.54854310134	18.5969879681	2.83085148071	0.0	0.0	0.0	0.0	0.0	0.0	3.11158150412	0.0	0.0	0.0	0.0	0.0	0.0	0.0	0.0	0.0	2.02049156008	0.0	0.0	7.13830247057	0.0	0.0	5.01521418098	0.0	0.0	0.0	0.0	0.0	0.0	0.0	5.74797870886	8.90996160806	0.0	0.0	0.0	0.0	0.0	3.80674620471	16.0090775994	4.71281841944	3.11161836882	4.87193791245	0.0	0.0	0.8191	0.0	0.0	0.0	0.0	4.98069850654	0.0	0.0	0.8191	0.0	5.52664210025	0.8191	0.8191	0.0	0.0	0.0	0.8191	0.0	0.0	0.0	0.8191	0.0	0.0	7.65841998297	0.0	8.84668687215	1.7194	0.0	0.0	0.0	0.0	0.0	0.0	2.66689322538	0.0	0.0	0.0	0.0	0.8191	0.0	0.0	0.0	2.02049156008	0.0	0.0	0.0	0.0	0.0	0.0	1.7193652964	0.0	0.0	0.0	0.0	0.0	0.0	0.0	0.0	0.0	0.0	1.33834456125	0.0	0.0	0.0	0.0	0.0	1.33834456125	0.0	0.0	0.0
TCGA-BH-A0W7	4.97062111821	6.68422429225	0.3159	0.0	0.0	0.0	0.3159	0.0	0.0	0.984879806998	0.0	0.0	2.36777726836	0.3159	0.3159	11.1510374489	9.33550305494	7.06000249731	2.14637014953	10.9802017728	0.0	0.3159	2.55971120658	0.3159	0.0	0.0	0.0	3.55717976625	7.87217690566	5.27422517747	0.0	0.9849	0.0	0.0	0.0	0.0	5.7839900182	0.0	0.0	0.0	5.43795145866	0.3159	0.0	0.3159	0.0	0.0	0.0	0.0	1.67948694306	0.0	0.0	1.15311660801	0.0	2.97348889697	0.0	0.0	0.0	0.0	0.0	0.984881039213	0.0	4.38048965607	0.3159	0.0	13.7561682682	0.0	0.0	0.0	14.0234696679	7.77231777821	8.80103208932	8.36100799496	0.0	0.0	0.0	0.0	0.0	0.0	8.74371888156	0.3159	0.794406592145	0.0	3.18247174948	1.88468360675	18.2586688859	3.3987835341	0.0	0.0	0.0	0.0	0.0	0.0	0.984876494622	0.0	0.0	0.0	0.3159	0.0	0.0	0.0	0.5749	0.0	2.06429541309	0.3159	0.0	6.25085225493	0.0	0.984881039213	4.87756516345	0.0	0.0	0.0	0.0	0.0	0.0	0.0	6.80597821449	6.90950109378	0.3159	0.0	0.0	0.0	1.44016233159	2.4985133589	15.4843540466	6.85259097503	3.58688157741	4.43049205965	0.0	0.3159	2.14636292045	0.0	0.0	0.0	0.0	3.94890657272	0.0	0.0	1.15311256364	0.5749	4.08002614089	0.0	0.0	0.0	0.0	0.0	0.0	0.0	0.3159	0.0	2.49853335014	0.0	0.0	6.59202575947	0.0	10.1675483419	0.574901637204	0.0	0.0	0.0	0.0	0.0	0.0	1.1532	0.0	0.0	0.0	0.0	0.3159	0.0	0.0	0.0	0.984882271427	0.0	0.0	0.0	0.0	0.0	0.0	0.984876494622	0.0	0.0	0.0	0.574901637204	0.0	0.0	0.0	0.0	0.0	0.0	0.0	0.0	0.0	0.0	0.0	0.0	0.574901637204	0.0	0.0	0.0
TCGA-A2-A25C	6.66229113067	6.40829699316	0.0	0.0	0.0	0.0	0.0	0.0	1.0635	2.09423174941	1.0635	0.0	1.66902289795	3.43436609795	0.0	12.5210329716	9.77531252294	6.86476632133	3.81563866747	9.6921915621	0.0	1.0635	3.4344	0.0	0.0	1.66902289795	0.0	2.91463079916	7.74583974335	4.44032907545	0.0	0.0	0.0	0.0	0.0	0.0	8.24289029947	0.0	0.0	0.0	5.47907453444	0.0	0.0	0.0	0.0	0.0	1.6691	0.0	2.91463079916	0.0	0.0	2.42227415546	0.0	3.69939516739	0.0	0.0	0.0	0.0	0.0	4.28769700156	0.0	6.66229647919	0.0	0.0	13.9927312797	0.0	0.0	0.0	10.9815571533	8.63977751841	9.57957836722	10.5641414519	0.0	0.0	0.0	0.0	0.0	0.0	8.33832626536	0.0	1.0635	0.0	1.6691	1.0635	15.8346124757	4.87484126613	0.0	0.0	0.0	0.0	0.0	0.0	1.0635	0.0	0.0	0.0	1.0635	0.0	0.0	0.0	0.0	0.0	0.0	1.0635	0.0	6.33225412586	0.0	2.4223	5.67647387248	0.0	0.0	0.0	1.0635	0.0	0.0	0.0	7.34275832467	8.94750965125	0.0	0.0	0.0	0.0	0.0	4.76345015685	14.0750741168	4.5784125498	3.69937966939	3.28105131328	0.0	0.0	5.16516654849	0.0	0.0	0.0	0.0	6.582506942	0.0	0.0	0.0	1.0635	8.80713342072	0.0	0.0	0.0	0.0	0.0	0.0	0.0	0.0	0.0	2.42228278311	1.0635	0.0	6.05320009381	0.0	9.93000562221	2.09428917008	0.0	0.0	0.0	0.0	0.0	0.0	2.9146	0.0	0.0	0.0	0.0	0.0	1.6691	0.0	0.0	1.66902289795	0.0	0.0	0.0	0.0	1.0635	0.0	0.0	0.0	0.0	0.0	0.0	0.0	0.0	0.0	0.0	0.0	0.0	0.0	0.0	0.0	0.0	0.0	0.0	2.68937041983	0.0	0.0	0.0
TCGA-AC-A23E	5.59914479526	7.0000944097	0.320262665039	0.3203	0.0	0.0	0.457194056127	0.0	0.0	0.0	0.0	0.0	0.995866913721	0.0	0.0	11.7750086508	9.84810808833	6.6588443188	1.80138443773	11.7038391524	0.0	0.457194056127	1.16526487378	0.0	0.0	0.0	0.0	3.43538290816	8.09887018348	4.52341355053	0.169	0.4572	0.0	0.0	0.0	0.0	6.80232713745	0.0	0.0	0.0	5.04177922166	0.169	0.0	0.457194056127	1.8014291655	0.169	1.99369845167	0.0	1.45413851067	0.0	0.0	1.24316377621	0.0	3.10112788424	0.0	0.0	0.0	0.0	0.0	1.99372500072	0.0	3.77361302483	0.320262665039	0.0	10.8400219928	0.0	0.0	0.0	11.2668374528	7.98672217294	8.9381838212	8.46891061636	0.0	0.0	0.0	0.169	0.0	0.0	8.13824006849	0.4572	0.582222302243	0.0	3.79956174032	2.35079569686	17.7882081824	5.01980449246	0.0	0.0	0.0	0.0	0.0	0.0	0.320262665039	0.0	0.0	0.0	0.169	0.0	0.0	0.169	1.45415877277	0.0	2.08113416182	0.0	0.457194056127	7.40636121401	0.0	0.995883656334	6.47555316749	0.0	0.0	0.0	0.0	0.0	0.0	0.0	8.08179522665	7.91204078248	0.0	0.0	0.0	0.169	0.457160100952	2.57801770062	14.5372221264	4.62863144512	3.29627981797	3.88700328163	0.0	0.0	0.582247987612	0.0	0.0	0.0	0.0	4.39288915012	0.0	0.0	1.38715513199	0.4572	6.2325384474	0.0	0.0	0.0	0.0	0.0	0.0	0.0	0.0	0.0	1.69464444986	0.0	0.0	5.11603276578	0.169	8.67688486246	1.69467785055	0.0	0.0	0.0	0.0	0.0	0.0	2.5167	0.0	0.169	0.0	0.0	0.697269042798	0.457194056127	0.0	0.0	1.16531013059	0.0	0.0	0.0	0.0	0.169	0.0	0.582247987612	0.0	0.0	0.0	0.320262665039	0.0	0.169	0.0	0.0	0.0	0.0	1.08303326133	0.169	0.0	0.3203	0.0	0.0	1.08309415961	0.0	0.320262665039	0.0
TCGA-BH-A0C3	5.64963819233	7.55167169963	0.0	0.0	0.0	0.0	0.0	0.0	0.0	0.6466	0.0	0.0	1.0916	2.46574022202	1.0916	12.8678633992	9.21071003548	6.90399614119	2.13522183616	12.0447131138	0.0	0.0	1.93642959546	0.0	0.0	0.0	0.0	4.596090906	8.3394648632	5.49535132672	0.0	0.0	0.0	0.0	0.0	0.0	7.53415850866	0.0	0.6466	0.0	5.12642304659	1.0916	0.0	0.0	0.0	0.0	1.0916	0.6466	1.43112923756	0.0	0.0	1.43112923756	0.0	4.49118119351	0.0	0.0	0.0	0.0	0.0	2.13515623374	0.0	3.24526794565	0.0	0.0	11.9871707069	0.0	1.09149605285	0.6466	12.1663063009	7.65644730421	9.32963259812	9.7548674424	0.0	0.0	0.0	0.0	0.0	0.0	9.45115355022	0.6466	0.0	0.0	5.1028975365	3.62175439315	17.6426492608	5.19487699161	0.0	0.0	0.6466	0.0	0.0	0.0	0.0	0.0	0.0	0.0	0.6466	0.0	0.0	0.0	1.43112923756	0.0	3.6217663002	1.09149605285	0.0	6.8270167702	0.0	1.43112923756	5.58308263424	0.0	0.0	0.0	0.0	0.0	0.0	0.0	7.38594867576	7.91493328386	0.0	0.0	0.0	0.0	0.0	3.553936313	15.3431869455	6.02024670813	3.32890126357	5.17240178125	0.0	0.0	0.6466	0.0	0.0	0.0	0.0	4.21187556027	0.6466	0.0	0.6466	0.0	7.24790541578	0.0	0.6466	0.0	0.0	0.0	0.0	0.0	0.0	0.0	0.6466	0.0	0.0	6.23042764567	1.0916	8.30888523144	1.7058	0.0	0.0	0.0	0.0	0.0	0.0	1.70575539169	0.0	0.0	0.0	0.6466	1.0916	0.0	0.0	0.0	2.13527225907	0.0	0.0	0.0	0.0	0.0	0.0	0.0	0.0	0.0	0.0	0.6466	0.0	0.0	0.0	0.0	0.0	0.0	0.6466	0.0	0.0	0.0	0.0	0.0	1.70571165293	0.0	0.0	0.0
TCGA-BH-A0DE	5.15436964255	7.48336722837	0.0	0.3014	0.3014	0.0	0.550584917609	0.0	0.0	1.51522510648	0.0	0.0	1.25937330728	0.0	0.3014	13.3359020189	9.20147458473	6.8286931405	1.83005848371	11.5071173111	0.0	0.0	3.70925802558	0.0	0.0	0.0	0.0	4.37479386932	8.07439243625	5.85011326696	0.5505	0.0	0.0	0.0	0.0	0.3014	6.15765404264	0.0	0.0	0.0	5.12583128949	0.0	0.0	0.762929519506	0.0	0.3014	0.948031044251	0.550584917609	0.948	0.3014	0.0	1.11208461996	0.0	3.03591465874	0.0	0.0	0.0	0.0	0.0	0.948057008731	0.0	2.90780163773	0.3014	0.0	9.19920835707	0.0	0.3014	0.0	12.3000179882	8.29427271903	9.77837337346	8.57739275367	0.0	0.0	0.0	0.0	0.0	0.0	8.91393855464	0.3014	0.550584917609	0.0	4.93090160091	3.11538838241	18.0058154088	6.56053325727	0.0	0.0	0.0	0.0	0.0	0.0	0.0	0.0	0.0	0.0	0.3014	0.0	0.0	0.0	1.62803708799	0.3014	1.51527521295	2.30718570225	0.550584917609	6.84338016245	0.0	0.948057008731	5.56870222127	0.0	0.0	0.0	0.0	0.0	0.0	0.0	7.61571532338	7.24575009299	0.0	0.0	0.0	0.0	0.0	2.00723785803	15.3740307826	7.23242324858	3.92320345612	5.70339930581	0.0	0.0	1.732531307	0.0	0.0	0.0	0.0	4.070145889	0.0	0.0	0.948057008731	0.0	7.05981256257	0.0	0.0	0.0	0.0	0.0	0.0	0.0	0.5505	0.0	0.762929519506	0.0	0.0	5.41223794042	0.3014	7.36236339903	0.7629	0.0	0.0	0.0	0.0	0.0	0.0	1.51529965218	0.0	0.0	0.0	0.0	0.762929519506	0.3014	0.0	0.0	2.30722629049	0.0	0.0	0.0	0.0	0.0	0.0	2.16501704835	0.0	0.0	0.0	0.762929519506	0.0	0.0	0.0	0.0	0.0	0.0	0.762929519506	0.0	0.0	1.11205025515	0.0	0.0	1.62797969699	0.3014	0.3014	0.0
TCGA-EW-A1PH	3.51771301277	7.44864653278	0.0	0.0	0.0	0.0	0.0	0.0	0.0	0.0	0.0	0.0	0.0	1.77079020659	2.89397334783	7.61174869342	6.34717857238	7.7528630213	2.07606551577	13.3546080047	0.0	0.0	0.8513	0.0	0.0	0.0	0.0	3.29944310423	6.72158543727	6.44360598813	3.29947610501	1.3831	0.0	0.0	0.0	0.0	6.25905537427	0.0	0.0	0.0	2.076	0.0	0.0	0.0	1.3831	0.0	0.0	0.0	1.38308312628	0.0	0.0	2.32787699489	0.0	2.32786822885	0.0	0.0	0.0	0.0	0.0	1.77077730914	0.0	3.17653503383	0.8513	0.0	16.4170423918	0.0	0.0	0.0	12.2553782208	6.90702049343	7.69245070381	8.16223753743	0.8513	0.0	0.0	0.0	0.0	0.0	8.26761561642	0.0	0.8513	0.0	4.78323563638	4.60403095315	17.9078660112	4.28501079353	0.0	0.0	0.0	0.0	0.0	0.0	0.8513	0.0	0.0	0.0	0.8513	0.0	0.0	0.0	0.8513	0.0	1.3831	0.0	0.0	6.4700456316	0.0	0.0	6.47004150477	0.0	0.0	0.0	0.0	0.0	0.0	0.0	4.78323592557	9.73563467755	0.0	0.0	0.0	0.0	0.0	2.89394798026	14.3712721749	4.02491331555	2.72876763922	5.91898116303	0.0	0.0	0.0	0.0	0.0	0.0	0.0	4.4533152126	0.0	0.0	0.0	0.0	6.7649357486	0.8513	0.0	0.0	0.0	1.38308312628	0.0	0.0	0.0	0.0	0.0	0.0	0.0	8.6110072135	0.0	10.1584143581	0.0	0.0	0.0	0.0	0.0	0.0	0.0	0.8513	0.0	0.0	0.0	0.8513	0.0	0.8513	0.0	0.0	0.0	0.0	0.0	0.0	0.0	0.0	0.0	2.32788576087	0.0	0.0	0.0	0.8513	0.0	0.0	0.0	0.0	0.0	0.0	0.0	0.0	0.0	0.0	0.0	0.0	0.8513	0.0	0.0	0.0
TCGA-AR-A1AN	5.62066097705	7.563211898	0.0	0.0	0.0	0.0	0.0	0.0	0.0	0.5538	0.0	0.0	0.5538	0.0	0.953000140629	12.2883622668	10.3081318487	6.42919598791	3.16280258274	11.5923647865	0.0	0.5538	3.23627494022	0.0	0.0	0.0	0.0	4.55235408541	9.47733359842	5.34973937729	0.0	0.5538	0.0	0.0	0.0	0.5538	5.98283250193	0.0	0.0	0.0	6.04550536916	0.5538	0.0	0.5538	0.0	0.0	0.5538	0.0	1.73983374666	0.0	0.0	2.09621609733	0.0	3.43663312267	0.0	0.0	0.0	0.0	0.0	3.16281532483	0.0	4.43235244684	0.9531	0.0	10.3308365424	0.0	0.0	0.0	13.8621568144	8.40268129351	9.45830165451	8.0081906328	0.0	0.0	0.0	0.0	0.0	0.0	9.06080216953	0.5538	1.26534169168	0.0	5.26450030685	4.43236680931	17.2570561208	5.097073934	0.0	0.0	0.0	0.0	0.0	0.0	0.0	0.0	0.0	0.0	0.0	0.5538	0.0	0.5538	0.5538	0.0	3.4976955598	0.953000140629	0.5538	7.17665376968	0.0	0.953000140629	5.55039884375	0.0	0.0	0.5538	0.0	0.0	0.0	0.0	7.16260088846	6.86533255939	0.0	0.0	0.0	0.0	0.5538	1.26534169168	15.5534218797	5.62065960158	4.92990889184	5.0970633541	0.5538	0.0	0.953000140629	0.0	0.0	0.0	0.0	5.47648314421	0.0	0.0	2.62005718363	0.0	7.8964050583	0.0	0.0	0.0	0.0	0.0	0.0	0.0	0.9531	0.0	1.52194949467	0.0	0.0	5.39858248604	0.9531	10.1906278585	2.82453917737	0.0	0.0	0.0	0.0	0.0	0.0	2.82449812145	0.0	0.0	0.0	0.0	1.26542211233	0.0	0.0	0.0	1.92901481262	0.0	0.0	0.0	0.0	0.0	0.0	0.953000140629	0.0	0.0	0.0	0.0	0.0	0.0	0.0	0.0	0.0	0.0	0.9531	0.0	0.0	0.5538	0.0	0.0	1.26534169168	0.5538	0.0	0.0
TCGA-AR-A1AS	6.47898668315	7.43456078275	0.0	0.0	0.6334	0.0	0.6334	0.0	0.0	0.0	0.6334	0.0	0.0	3.02966057747	0.0	10.7786933163	8.21979389938	7.4299501796	2.28057061898	12.042390157	0.0	0.6334	1.68028236854	0.0	0.0	0.0	0.0	5.45936850984	8.79868637393	6.03337629896	0.0	0.6334	0.0	0.0	0.0	0.6334	7.93785281871	0.0	0.0	0.0	4.77926096328	0.0	0.0	0.0	0.0	1.0721	0.6334	0.6334	2.28058803785	0.0	0.0	0.6334	0.0	3.52026620515	0.0	0.0	0.0	0.0	0.0	2.70320020497	0.0	3.93849561024	1.0721	0.0	12.8300452486	0.0	0.0	0.6334	13.2531418792	7.62786750521	9.18217087807	9.77181788335	0.0	0.0	0.0	0.0	0.0	0.0	8.31025616885	0.0	0.0	0.0	4.86364132061	2.43560654727	18.1263068276	6.31885040499	0.0	0.0	0.0	0.0	0.0	0.0	0.0	0.0	0.0	0.0	0.0	0.0	0.0	0.0	0.0	0.0	0.6334	1.07205974549	0.0	6.22627231105	0.0	0.6334	4.8360765383	0.0	0.0	0.0	0.0	0.0	0.0	0.0	7.92151491848	8.46230625939	0.0	0.0	0.0	0.0	0.0	3.58793723181	14.8112712639	4.13238865189	1.68028236854	4.17700359031	0.0	0.0	0.0	0.0	0.0	0.0	0.0	4.77927540637	0.0	0.0	1.07205974549	0.0	3.93849858194	0.6334	0.0	0.0	0.0	0.0	0.0	0.0	0.0	0.0	0.0	0.0	0.0	5.91970174599	0.6334	9.6123111896	1.408	0.0	0.0	0.0	0.0	0.0	0.0	3.02971872181	0.0	0.0	0.0	0.0	0.6334	0.0	0.0	0.0	1.40797773363	0.0	0.0	0.0	0.0	0.0	0.0	0.0	0.0	0.0	0.0	0.0	0.0	0.0	0.0	0.0	0.0	0.0	0.6334	0.0	0.0	0.0	0.0	0.6334	1.90925117131	0.0	0.0	0.0
TCGA-BH-A1EO	3.81038769543	7.40223670379	0.0	0.0	0.0	0.0	0.2058	0.0	0.0	0.0	0.0	0.0	0.3858	0.2058	0.0	10.3759139553	9.02588295121	4.92018930217	2.17810286735	10.9052970619	0.0	0.2058	1.91044370655	0.0	0.0	0.0	0.0	2.95321859873	7.55586044658	5.57290238947	0.0	0.0	0.0	0.0	0.0	0.2058	5.94728640865	0.0	0.0	0.0	4.48929716739	0.0	0.0	0.385874317604	0.0	0.68995708386	0.2058	0.0	1.05172103461	0.0	0.0	0.820943760896	0.0	1.72225296341	0.0	0.0	0.0	0.0	0.0	0.68995708386	0.0	3.0893561275	0.385874317604	0.0	12.1110166954	0.0	0.0	0.0	14.038823569	7.18841359526	8.03366014224	7.28088379714	0.0	0.0	0.0	0.0	0.0	0.0	8.47517751029	0.820823292365	1.25074113337	0.0	2.77083868586	1.42553413156	18.2092547353	4.17114578511	0.0	0.0	0.0	0.0	0.0	0.0	0.3858	0.0	0.0	0.0	0.0	0.0	0.2058	0.0	0.6899	0.2058	1.78774189293	0.0	0.0	5.80025866856	0.0	0.690017275117	4.69970203581	0.0	0.0	0.385874317604	0.0	0.0	0.0	0.0	6.9623458829	7.03836880396	0.0	0.0	0.0	0.0	0.2058	2.73807030929	16.1734708606	4.81415392465	3.81040104591	3.85691870681	0.3858	0.385874317604	0.545879254641	0.0	0.0	0.0	0.0	4.23125905325	0.0	0.0	0.820943760896	0.2058	4.63878980582	0.2058	1.15471749652	0.0	0.0	0.545879254641	0.0	0.0	0.0	0.0	0.545945767286	0.0	0.0	6.22953498642	0.0	8.33427815272	0.8208	0.0	0.0	0.0	0.0	0.0	0.0	0.9409	0.0	0.0	0.0	0.0	1.0517557215	0.0	0.0	0.0	0.385874317604	0.0	0.0	0.2058	0.0	0.2058	0.0	0.689896890091	0.0	0.0	0.0	0.2058	0.0	0.0	0.0	0.0	0.0	0.0	0.689885361954	0.0	0.0	0.940850241816	0.0	0.385874317604	0.3858	0.545945767286	0.385874317604	0.0
TCGA-BH-A0BQ	4.80964118371	8.30491257065	0.0	0.0	0.0	0.0	0.3393	0.0	0.0	0.0	0.0	0.0	1.04304373779	0.0	0.6138	11.1595930394	9.29234593277	6.36455509954	1.86848269021	11.3800247583	0.0	0.0	3.24560294226	0.0	0.0	0.0	0.0	3.02838017005	7.53350934806	4.93994493145	0.0	0.3393	0.0	0.0	0.0	0.3393	5.18044253981	0.0	0.0	0.0	5.31142741562	0.0	0.0	0.0	0.0	0.0	0.84432716191	0.84432716191	1.64204968663	0.0	0.0	0.844327624262	0.0	2.65600578254	0.0	0.0	0.0	0.0	0.0	1.51397739229	0.0	2.65600525257	0.0	0.0	12.2877613536	0.0	0.0	0.0	13.600649297	7.19533690197	8.59436620269	8.50036868552	0.0	0.0	0.3393	0.0	0.0	0.0	9.08605215183	0.0	1.21767269936	0.0	3.162584056	1.8684350602	18.0589115613	3.96189299407	0.0	0.0	0.0	0.0	0.0	0.0	0.3393	0.0	0.0	0.0	0.3393	0.0	0.0	0.0	0.3393	0.0	2.65601309007	1.64204942065	0.0	5.86470105784	0.0	1.04304333493	5.38653422832	0.0	0.0	0.0	0.0	0.0	0.0	0.0	6.742234021	8.49609898217	0.0	0.0	0.0	0.0	1.64207288708	1.96958298052	15.6395327621	6.49748501351	3.36173156353	4.76812845456	0.0	0.6138	1.51397739229	0.0	0.0	0.0	0.0	3.63241825189	0.0	0.0	0.3393	0.0	5.24244056895	0.0	0.0	0.0	0.0	0.0	0.6138	0.0	0.0	0.0	1.21765137374	0.0	0.0	5.77671145446	0.0	9.1641376372	0.6138	0.0	0.0	0.0	0.0	0.0	0.0	2.06407936114	0.0	0.0	0.0	0.0	0.6138	0.0	0.3393	0.0	0.0	0.0	0.0	0.0	0.0	0.0	0.0	0.84432716191	0.0	0.0	0.0	0.0	0.0	0.0	0.0	0.0	0.0	0.0	0.0	0.0	0.0	0.3393	0.0	0.0	1.51399504892	0.3393	0.3393	0.0
TCGA-GM-A2DH	5.28858805484	7.17354062321	0.1951	0.0	0.0	0.0	0.52045798291	0.0	0.0	0.659262656815	0.0	0.0	1.85062947414	2.37835887338	0.0	10.991451991	7.9811768158	7.7030035051	1.37458345856	11.6228333934	0.0	0.0	0.367	0.0	0.0	0.5205	0.0	4.15368458359	8.19089322316	6.46942760706	0.1951	0.1951	0.520519566735	0.0	0.0	0.3669315014	5.35642090204	0.0	0.0	0.0	3.18737787572	0.0	0.0	1.29164097578	0.0	0.0	0.1951	0.1951	3.78070421334	0.1951	0.0	1.20368103942	0.0	3.4198575748	0.3669315014	0.0	0.0	0.0	0.0	2.01473188106	0.1951	3.99236190126	0.0	0.0	9.53106607924	0.0	0.0	0.0	14.1320639613	8.48017733183	9.65389526902	9.24047576284	0.0	0.0	0.0	0.0	0.0	0.0	8.99892492125	0.1951	2.06551151568	0.0	3.65363629854	3.14075601718	17.6438868081	5.6630809516	0.0	0.0	0.0	0.0	0.0	0.0	0.0	0.0	0.0	0.0	0.659262656815	0.367	0.0	0.1951	0.1951	0.1951	3.58565332602	0.659244884162	0.1951	5.5605561416	0.1951	0.785860655634	4.12998243893	0.0	0.0	0.65931859175	0.367	0.0	0.0	0.0	7.04183201794	9.67472779925	0.0	0.0	0.0	0.0	0.1951	3.70261579696	16.6496277534	8.27356114793	3.96587970179	5.30448625068	0.0	0.1951	1.00982465431	0.0	0.0	0.0	0.1951	4.97316086902	0.0	0.0	0.3669315014	0.520519566735	2.33762817636	0.0	0.520519566735	0.0	0.0	0.367	0.1951	0.0	0.0	0.0	1.11003686568	0.0	0.0	6.92806055073	1.66550164512	9.49501674468	0.659244884162	0.0	0.0	0.0	0.0	0.0	0.0	0.3669315014	0.0	0.0	0.0	0.1951	0.902192935203	0.0	0.0	0.0	2.5307875284	0.0	0.0	0.0	0.1951	0.1951	0.0	1.66545413249	0.0	0.0	0.0	0.659206719711	0.0	0.0	0.0	0.0	0.0	0.0	0.0	0.0	0.0	0.659244884162	0.0	0.1951	0.3669315014	1.29167706033	0.0	0.0
TCGA-BH-A0BF	5.79223565676	8.19717502326	0.0	0.0	0.0	0.0	0.0	0.0	0.0	0.0	0.8121	0.0	1.32856684273	0.0	1.70809710578	11.4830229654	9.26908302692	6.4580499943	1.32856684273	11.8913522899	0.0	0.0	2.46851456864	0.0	0.0	0.0	0.0	3.09722897732	8.5656907991	6.14023975626	0.8121	0.0	0.0	0.0	0.0	1.3286	6.7389000966	0.0	0.0	0.0	5.09823211537	0.0	0.0	0.0	0.0	0.0	0.8121	0.0	2.81687092696	0.0	0.0	2.2566912289	0.0	4.56518876013	0.0	0.0	0.0	0.0	0.0	0.0	0.0	4.31428481547	0.0	0.0	11.6995050992	0.0	0.0	0.0	12.5547160434	7.43102686092	9.1397642698	8.07716802527	0.0	0.0	0.0	0.0	0.0	0.0	9.23691901461	0.8121	0.8121	0.0	5.88745263206	2.81685910848	18.6537005762	4.61055372109	0.0	0.0	0.0	0.0	0.0	0.0	0.0	0.0	0.0	0.0	0.0	0.0	0.0	0.0	0.0	0.0	2.81687092696	0.0	1.3286	6.31473155023	0.0	0.0	5.3858749324	0.0	0.0	0.0	0.0	0.0	0.0	0.0	7.23502574597	8.59415875965	0.0	0.0	0.0	0.0	1.32856684273	3.33193522803	14.787493422	7.16839895588	3.21937508284	5.22030005136	0.0	0.8121	0.8121	0.0	0.0	0.0	0.0	3.53368687892	0.0	0.0	0.0	0.0	5.30549087231	0.0	0.0	0.0	0.0	0.0	0.0	0.0	0.0	0.0	1.70812259344	0.0	0.0	6.42038505405	0.0	8.72619535658	0.0	0.0	0.0	0.0	0.0	0.0	0.0	0.0	0.0	0.0	0.0	0.0	0.0	0.8121	0.0	0.0	2.96387005673	0.0	0.0	0.0	0.0	0.8121	0.0	0.0	0.0	0.0	0.0	0.0	0.0	0.0	0.0	0.0	0.0	0.0	0.0	0.0	0.0	0.0	0.0	0.0	1.70812259344	0.0	0.0	0.8121
TCGA-BH-A209	6.41748185634	7.57263345537	0.0	0.0	0.0	0.3315	0.0	0.0	0.0	0.0	0.0	0.0	1.02382621928	3.87694263666	3.04149414543	13.2488199622	8.53708265831	6.19643538469	2.03564233894	11.928064344	0.0	0.3315	1.4897	0.0	0.0	0.3315	0.0	4.11064559913	8.63312528712	5.41257527867	0.8278	1.3505	0.3315	0.0	0.0	0.6009	6.60909060492	0.0	0.3315	0.0	2.99552429797	0.3315	0.0	0.3315	2.2069	0.0	2.12381745587	0.0	1.94172560966	0.3315	0.0	1.61664093784	0.0	4.50463802162	0.0	0.3315	0.0	0.0	0.0	3.32795916348	0.0	4.50466163642	0.3315	0.0	13.0230129146	0.0	0.0	0.0	11.8406618447	8.99709858838	10.4804141757	7.86413029682	0.0	0.0	0.0	0.0	0.0	0.0	8.86899839761	0.3315	1.19638409304	0.0	5.10125667784	4.81380164474	17.2512294575	3.56684481516	0.0	0.0	0.0	0.0	0.0	0.0	1.02382138145	0.0	0.0	0.0	0.827788944153	0.0	0.0	0.0	0.827788944153	0.3315	1.61670267254	0.60088057527	0.3315	7.3712443975	0.3315	1.73334371146	4.43746830645	0.0	0.0	0.0	0.0	0.0	0.0	0.0	7.34397665037	8.48809304761	0.0	0.3315	0.0	0.0	1.1964367014	2.74062131075	14.2109882555	8.78533404419	2.35991655198	5.11204275117	0.0	0.0	1.19636694486	0.0	0.3315	0.0	0.0	3.29032780946	0.0	0.0	0.0	0.3315	5.63132047534	0.0	0.0	0.0	0.0	1.73333485105	0.0	0.0	0.0	0.0	0.827805541901	0.0	0.0	5.97734464593	1.02382138145	8.78368100072	0.3315	0.0	0.0	0.0	0.0	0.0	0.0	1.73337540254	0.0	0.0	0.0	0.0	0.6009	0.827805541901	0.0	0.0	1.94172634584	0.0	0.0	0.0	0.0	1.19638409304	0.0	1.19638409304	0.0	0.0	0.0	0.3315	0.0	0.0	0.3315	0.0	0.0	0.0	0.0	0.0	0.0	0.0	0.0	0.0	2.49821611283	0.0	0.0	0.0
TCGA-E2-A15M	4.65092298058	8.22483744744	0.0	0.0	0.3204	0.0	0.0	0.0	0.0	0.3204	0.0	0.804065777304	2.31579131893	0.3204	0.8041	13.4186052829	8.23202331938	7.51406750684	1.90128899208	11.012886615	0.3204	0.582414775973	1.57987293577	0.0	0.0	0.3204	0.0	3.80029225655	8.49426574305	5.88131162198	0.0	0.0	0.0	0.0	0.0	0.0	5.96978013001	0.0	0.0	0.0	4.51631329266	0.3204	0.0	0.996195588162	0.0	0.0	0.9962	0.0	1.99427003795	0.3204	0.0	1.99428407441	0.0	3.6654525482	0.0	0.0	0.0	0.0	0.0	1.31734516756	0.0	3.41936457296	0.0	0.0	8.85275161288	0.0	0.0	0.0	12.9267653459	8.0930991564	9.10095324121	8.74895849306	0.0	0.0	0.0	0.0	0.0	0.0	9.47118019959	0.5824	1.31733006787	0.0	4.45219374361	2.9475944673	17.560154064	4.62203842058	0.0	0.0	0.0	0.0	0.0	0.0	2.31581916522	0.3204	0.0	0.0	0.0	0.0	0.0	0.0	1.16569698672	0.0	2.24192824931	0.3204	0.0	5.98119344361	0.0	1.57987293577	4.74754941467	0.0	0.0	0.3204	0.0	0.0	0.0	0.0	6.78039444613	8.21399420895	0.0	0.0	0.0	0.0	0.3204	3.38543412062	15.2106149605	7.38476611415	2.3861451614	6.1574482234	0.0	0.0	1.57986327345	0.0	0.0	0.0	0.0	3.57802621768	0.0	0.0	0.99616563194	0.0	6.84736126789	0.3204	0.0	0.0	0.0	0.0	0.0	0.0	0.3204	0.0	0.582414775973	0.0	0.0	6.67896337843	0.0	9.37020602057	1.57988033672	0.0	0.0	0.0	0.0	0.0	0.0	1.45461938425	0.0	0.0	0.0	0.0	0.3204	0.0	0.0	0.0	1.99428407441	0.0	0.0	0.0	0.0	0.3204	0.0	0.0	0.0	0.0	0.0	0.582414775973	0.0	0.0	0.0	0.0	0.0	0.0	0.5824	0.0	0.0	0.582414775973	0.0	0.0	1.45456952684	1.31732118969	0.0	0.0
TCGA-D8-A13Z	5.92194611651	7.61585579972	0.0	0.0	0.928672258032	0.0	0.0	0.0	0.0	0.680164933445	0.3798	0.0	1.48903303624	0.3798	3.45132906589	11.6682459416	11.9384328936	6.51806728499	3.19084081998	11.4892211436	0.0	0.3798	2.54066031379	0.0	0.0	0.0	0.0	4.05835642279	8.17298097271	5.54769088707	0.0	0.0	0.0	0.0	0.0	0.0	6.22468027139	0.0	0.0	0.0	7.9609247381	2.10864530807	0.0	0.0	0.0	0.3798	1.14059789774	0.0	2.61348269479	0.0	0.0	1.48903303624	0.0	3.52870221369	0.0	0.3798	0.0	0.0	0.0	3.49055398115	0.0	2.68282276002	0.0	0.0	11.6553208487	0.0	0.0	0.0	13.1743282594	7.71221122013	8.75474430749	8.92891532142	0.0	0.0	0.0	0.0	0.0	0.3798	9.05843172848	0.3798	0.680164933445	0.0	3.36963316004	3.14245570319	18.025919114	5.75500172959	0.0	0.0	0.0	0.0	0.0	0.3798	0.3798	0.0	0.0	0.0	0.680164933445	0.0	0.0	0.0	1.1406	0.0	1.6360846075	0.0	1.32531898119	5.04103029207	0.680164933445	0.0	4.34160050165	0.0	0.0	0.0	0.0	0.0	0.0	0.0	7.85978674616	9.63783866238	0.0	0.0	0.0	0.3798	0.0	3.04052769137	16.0113791732	6.92443248555	5.90758919664	4.73326961351	0.0	0.0	0.680164933445	0.0	0.0	0.0	0.0	4.50360870166	0.0	0.0	0.0	0.928672258032	5.14296528994	0.0	0.0	0.0	0.0	0.0	0.0	0.0	0.0	0.0	0.3798	0.0	0.0	6.19530333463	0.0	10.0173366108	5.50049337602	0.0	0.0	0.0	0.0	0.0	0.0	1.1406	0.0	0.0	0.0	0.0	0.680164933445	0.3798	0.0	0.0	0.0	0.0	0.0	0.0	0.0	0.0	0.0	1.14059636438	0.0	0.0	0.0	0.0	0.0	0.0	0.0	0.0	0.0	0.0	0.0	0.0	0.0	0.0	0.0	1.4890718659	2.10868225124	1.14057241195	0.0	0.0
TCGA-E9-A1RI	5.56736820357	7.90208133646	0.4928	0.0	0.0	0.0	0.0	0.0	0.0	1.94499883779	0.4928	0.0	0.8595	0.0	0.4928	11.0386808975	9.63185823757	6.86594227547	2.45394781351	11.2284267011	0.4928	1.39439050026	2.7443	0.0	0.0	0.0	0.0	3.1927820042	8.51021048363	5.4105284939	0.0	0.4928	0.0	0.0	0.0	0.0	6.63718524895	0.0	0.0	0.0	5.15427362762	0.0	0.0	0.0	0.0	0.8595	0.8595	0.0	2.65386062102	0.0	0.0	1.15154703787	0.0	3.67900065904	0.4928	0.0	0.0	0.0	0.0	2.74425880857	0.0	5.708909665	0.4928	0.0	11.9604917268	0.0	0.0	0.0	12.5264777341	7.99485541002	8.78653394592	8.09917902079	0.0	0.0	0.0	0.0	0.0	0.0	8.91135343038	0.0	0.4928	0.0	3.48280891605	1.94499235198	18.2771305938	4.27227319612	0.0	0.0	0.0	0.0	0.0	0.0	0.4928	0.0	0.0	0.0	0.0	0.0	0.0	0.0	1.39434574161	0.4928	0.859450062494	3.19281196125	0.0	6.10854957569	0.0	0.0	5.91762776	0.0	0.0	0.0	0.0	0.0	0.0	0.0	6.61936549689	7.95276084201	0.0	0.0	0.0	0.0	0.0	3.25563229631	15.1175301935	5.06931498265	3.96885755274	3.25563147624	0.0	0.0	0.0	0.0	0.0	0.0	0.0	4.86275152642	0.0	0.0	0.0	0.0	6.57689099927	0.0	0.0	0.0	0.0	0.0	0.0	0.0	0.0	0.0	1.15154703787	0.0	0.0	6.26186262359	0.0	9.1051168226	1.94493170288	0.0	0.0	0.0	0.0	0.0	0.0	2.3425	0.0	0.0	0.0	0.0	0.0	0.0	0.0	0.0	0.0	0.0	0.0	0.0	0.0	0.0	0.0	0.0	0.0	0.0	0.0	1.15158782266	0.0	0.0	0.0	0.0	0.0	0.0	0.0	0.0	0.0	0.0	0.0	0.0	0.859450062494	0.0	0.4928	0.0
TCGA-C8-A273	2.81037823956	6.15990018846	0.0	0.1357	0.0	0.0	0.0	0.0	0.0	1.25121878013	0.1357	0.0	1.12652492197	0.1357	0.0	9.7364136542	7.24094734309	6.26721356749	1.91112094781	11.7579289385	0.0	0.1357	0.2597	0.0	0.0	0.0	0.0	1.948438063	7.60333633294	5.73497763331	0.0	0.3739	0.1357	0.0	0.0	0.0	4.76705803593	0.0	0.0	0.0	3.34626569651	0.0	0.0	0.2597	0.2597	0.0	0.1357	0.1357	1.87273474241	0.1357	0.0	0.916451072793	0.0	3.06958796035	0.1357	0.0	0.0	0.0	0.0	0.2597	0.0	4.87278726679	0.47972401697	0.0	12.2355959291	0.0	0.0	0.0	14.0650573483	6.37911346822	7.78455229717	7.50805742753	0.0	0.0	0.0	0.0	0.0	0.0	7.61496346876	0.2597	1.12652206603	0.0	2.5680972498	1.98484854807	18.0530471403	5.47199937915	0.0	0.0	0.1357	0.0	0.0	0.0	0.989911044431	0.0	0.0	0.0	0.670578348459	0.0	0.0	0.0	0.2597	0.1357	1.98481660127	0.0	0.373904811831	3.71457483915	0.0	0.259726221447	3.01785162901	0.0	0.0	0.0	0.0	0.0	0.0	0.0	5.6581967224	6.3739987929	0.0	0.0	0.0	0.0	0.0	1.79287976294	15.9891925232	4.32412042491	3.41456473871	3.87833624578	0.0	0.1357	0.1357	0.2597	0.0	0.0	0.0	4.87276986997	0.0	0.0	0.0	0.0	2.0549313855	0.0	0.1357	0.0	0.0	0.0	0.0	0.0	0.0	0.0	0.47972848848	0.0	0.0	5.72157862359	0.0	10.2806118116	0.259726221447	0.0	0.0	0.0	0.0	0.0	0.0	1.70840218592	0.0	0.0	0.0	0.259726221447	0.259726221447	0.0	0.0	0.0	0.47972848848	0.0	0.0	0.0	0.0	0.2597	0.0	1.1902296684	0.0	0.0	0.0	0.1357	0.0	0.0	0.0	0.0	0.0	0.0	0.578296477567	0.0	0.0	0.47972401697	0.0	0.0	0.670617794003	0.0	0.0	0.0
TCGA-E2-A1IJ	4.91431307764	7.23748354212	0.0	0.0	0.3724	0.3724	0.0	0.0	0.0	0.6681	0.0	0.0	0.913403359264	0.0	0.3724	10.9002115675	9.29798143407	5.89022869575	1.46832108309	10.8689460202	0.0	0.668127327949	3.0639479417	0.0	0.0	0.0	0.0	4.63542706867	7.58591667694	4.85688223277	0.0	0.3724	0.6681	0.0	0.0	0.0	6.48614034165	0.0	0.0	0.0	5.24076248697	0.9134	0.0	0.0	0.0	0.0	0.913403359264	0.0	1.123	0.0	0.0	0.6681	0.0	3.20883487075	0.0	0.0	0.0	0.0	0.0	1.61422807279	0.0	3.53628699255	0.0	0.0	11.9724442782	0.0	0.0	0.0	12.178728783	7.49933243789	8.99157124719	8.83380234619	0.0	0.0	0.0	0.0	0.0	0.0	8.85045690398	0.9134	0.0	0.0	3.42202895384	2.84487433483	18.3590059492	4.15270041895	0.0	0.0	0.0	0.0	0.0	0.0	0.0	0.0	0.0	0.0	0.0	0.0	0.0	0.0	0.913403359264	0.0	2.08386492389	0.3724	0.3724	7.11713122473	0.3724	0.913403359264	5.83175387071	0.0	0.0	0.0	0.0	0.3724	0.0	0.0	7.6143723001	8.53367665229	0.0	0.0	0.0	0.0	0.0	2.51401480522	14.9606075706	5.79393532375	3.86268347685	4.95598753391	0.0	0.0	1.12299598622	0.0	0.0	0.0	0.0	3.49921544599	0.0	0.0	1.30596613821	0.0	4.61823641319	0.0	0.3724	0.0	0.0	0.0	0.3724	0.0	0.0	0.0	1.61422315061	0.0	0.0	5.29590202309	0.0	9.42514134549	1.7467	0.0	0.0	0.0	0.0	0.0	0.0	0.3724	0.0	0.3724	0.0	0.0	0.6681	0.0	0.0	0.0	0.3724	0.0	0.0	0.0	0.0	0.0	0.0	1.46830310282	0.0	0.0	0.3724	0.0	0.3724	0.0	0.0	0.0	0.0	0.0	0.0	0.0	0.0	0.6681	0.0	0.0	0.0	0.668127327949	0.0	0.0
TCGA-EW-A1IW	5.11440605957	9.39201332852	0.0	0.0	0.5729	0.0	0.5729	0.0	0.0	0.5729	0.5729	0.0	0.5729	1.56075707177	1.5608	11.3790950262	9.05778483707	7.23999539547	1.78141858966	12.1896091998	0.0	0.0	3.3594102051	0.0	0.0	0.0	0.0	2.96818456376	7.81239614876	5.82225496753	0.0	0.0	1.30014244722	0.0	0.0	0.0	5.62252991692	0.0	0.0	0.0	5.37386608359	0.0	0.0	0.0	0.0	0.0	0.0	0.0	1.78144155688	0.0	0.0	1.56075707177	0.0	3.72123971788	0.0	0.0	0.0	0.0	0.0	1.78144155688	0.0	3.4263727115	0.0	0.0	11.4947731294	0.0	0.0	0.0	12.3416236235	6.65048657881	8.56736824592	7.78711419534	0.0	0.0	0.0	0.0	0.0	0.0	8.81541212463	0.5729	0.98186821602	0.0	5.11441124275	1.56078383469	18.5973947494	5.00909168386	0.0	0.0	0.0	0.0	0.0	0.0	0.0	0.0	0.0	0.0	0.5729	0.0	0.0	0.5729	0.98186821602	0.5729	1.78143716889	0.0	0.5729	6.28597563074	0.0	0.9819	5.24998783506	0.0	0.0	0.0	0.0	0.0	0.0	0.0	7.01375743782	7.61124543598	0.0	0.0	0.0	0.0	0.98186821602	2.96820881182	15.1310096184	6.04097038234	3.66686010999	5.30436020013	0.0	0.0	1.5608	0.0	0.0	0.0	0.0	3.05542475464	0.0	0.0	0.5729	0.5729	6.82186264121	0.0	0.98186821602	0.0	0.0	0.0	0.0	0.0	0.0	0.0	0.5729	0.0	0.0	6.01944717288	0.0	7.94957813748	0.9819	0.0	0.0	0.0	0.0	0.0	0.0	0.9819	0.0	0.0	0.0	0.0	0.0	0.0	0.0	0.0	1.30016793894	0.0	0.0	0.0	0.0	0.0	0.0	1.30016793894	0.0	0.0	0.0	0.0	0.0	0.0	0.0	0.0	0.0	0.0	0.5729	0.0	0.0	0.5729	0.0	0.5729	1.56073579267	0.0	0.0	0.0
TCGA-D8-A1XC	5.53228696189	9.42315713463	0.0	0.0	0.0	0.0	0.338938541822	0.0	0.0	0.6132028322	0.0	0.0	0.843475289994	2.52764575569	0.0	10.8306277266	5.39830080633	6.62315775464	2.19363298513	9.19977430834	0.0	0.0	2.87870499907	0.0	0.0	0.0	0.0	3.93534202694	7.96521853671	4.53866100061	0.0	0.3389	0.0	0.0	0.0	0.0	6.76687915282	0.0	0.0	0.0	1.5781440331	0.0	0.0	0.1794	0.1794	0.0	0.843441494941	0.0	1.04210060698	0.0	0.0	0.732910250601	0.0	2.7986053699	0.0	0.0	0.0	0.0	0.0	1.51272535662	0.0	3.72033465328	0.4825	0.0	7.7916117205	0.0	0.0	0.0	11.5060895737	6.83703323246	9.9322382636	9.11097428764	0.1794	0.0	0.0	0.0	0.0	0.0	7.56829399248	0.1794	0.843563416469	0.0	3.79100901981	1.57819006514	16.6081463003	5.79215000182	0.0	0.0	0.0	0.0	0.0	0.0	2.38860353708	0.0	0.0	0.0	0.0	0.0	0.0	0.0	0.338938541822	0.0	0.338938541822	0.732881427162	0.0	2.8786671063	0.0	0.1794	1.81369896816	0.0	0.0	0.3389	0.0	0.0	0.0	0.0	7.18689526406	7.30396026173	0.0	0.0	0.0	0.0	0.0	2.23480628173	13.7505447203	2.92972297826	0.482543401617	2.74259460003	0.0	0.0	0.0	0.0	0.0	0.0	0.0	4.73075470818	0.0	0.0	0.0	0.613131318663	2.9297397558	0.0	0.0	0.0	0.0	0.0	0.0	0.0	0.0	0.0	0.843475289994	0.0	0.0	5.87908851677	0.0	9.75944861066	0.338938541822	0.0	0.0	0.0	0.0	0.0	0.0	1.21655160678	0.0	0.0	0.0	0.0	0.482543401617	0.0	0.0	0.0	0.3389	0.0	0.0	0.0	0.0	0.1794	0.0	0.338938541822	0.0	0.0	0.0	0.3389	0.0	0.0	0.0	0.0	0.0	0.0	0.843448593018	0.0	0.0	0.0	0.1794	0.0	1.44427767878	0.3389	0.0	0.0
TCGA-EW-A1P8	6.09552317318	8.58645990176	0.0	0.0	0.0	0.0	0.0	0.0	0.0	0.0	0.0	0.0	0.0	0.0	3.10304049619	11.0126583908	7.98009959752	7.38436420947	4.0987691388	11.1766384839	0.0	0.9627	1.9438	0.0	0.0	0.0	0.0	5.21190910491	9.8685572081	5.21193664167	0.0	1.5351	0.0	0.0	0.9627	0.0	8.26012362529	0.0	0.0	0.0	3.39096819446	0.0	0.0	0.9627	5.24839253298	2.5223	0.9627	0.0	2.2618295754	0.0	0.0	0.0	0.0	3.92930496167	0.0	0.0	0.0	0.0	0.0	2.9341558361	0.0	4.38744909788	0.0	0.0	11.8537870884	0.0	0.0	0.0	12.1497545245	8.90479382345	9.88746326513	8.67957395656	0.0	0.0	0.0	0.0	0.0	0.0	8.79192926326	0.0	0.0	0.0	5.31864711845	4.57148646822	16.9241399439	5.4807343526	0.0	0.0	0.0	0.0	0.0	0.0	2.93415788146	0.0	0.0	0.0	0.0	0.0	0.0	0.0	0.0	0.0	1.5351	0.0	0.0	8.08969656653	0.0	0.0	3.73740410817	0.0	0.0	0.0	0.0	0.0	0.0	0.0	6.24738476217	9.31047593484	0.0	0.0	0.0	0.0	0.0	4.73462939926	14.6678173692	6.46450848216	1.53501174062	5.35254644352	0.0	0.0	0.0	0.0	0.0	0.0	0.0	6.13503226167	0.0	0.0	0.0	0.0	5.62643467862	0.0	0.9627	0.0	0.0	0.0	0.0	0.0	0.0	0.0	0.0	0.0	0.0	8.9218288636	0.0	10.0447902443	1.5351	0.0	0.0	0.0	0.0	0.0	0.9627	1.9438	0.0	0.0	0.0	0.0	0.9627	0.0	0.0	0.0	3.10304449349	0.0	0.0	0.0	0.0	0.0	0.0	0.9627	0.0	0.0	0.0	0.9627	0.0	0.0	0.0	0.0	0.0	0.0	0.9627	0.0	0.0	0.0	0.0	0.0	0.9627	0.9627	0.0	0.0
TCGA-A2-A3KD	4.14011066572	8.85871396871	0.462491819909	0.0	0.0	0.0	0.2497	0.0	0.0	0.812330687834	0.0	0.0	0.647894286098	0.812245796294	0.648	10.9431404728	7.90056646917	6.65520923578	1.53101090466	11.1295457944	0.0	0.812245796294	0.8123	0.0	0.0	0.0	0.0	3.24868272549	7.44711491825	6.82121120677	0.0	0.0	0.0	0.0	0.0	0.0	5.38624390538	0.0	0.0	0.0	4.36846142853	0.2497	0.0	0.0	0.8123	0.0	0.4626	0.462491819909	1.86628947352	0.0	0.0	1.09347494379	0.0	2.13813134171	0.0	0.2497	0.0	0.0	0.0	0.959706421536	0.0	2.89257116034	0.2497	0.0	10.9696235268	0.0	0.0	0.0	13.4112319747	6.75453934025	8.54135351793	8.06436781789	0.0	0.0	0.0	0.0	0.0	0.0	8.42959770608	0.0	0.959697897765	0.0	3.94143546476	2.56415597649	18.1470194319	3.88722684138	0.0	0.0	0.0	0.0	0.0	0.0	1.21600080455	0.0	0.0	0.0	0.462491819909	0.0	0.0	0.0	0.0	0.2497	2.81722193883	1.86632889455	0.0	6.26990767541	0.0	1.21588592111	4.61089923229	0.0	0.0	0.0	0.0	0.2497	0.0	0.0	6.56308000302	7.21906050843	0.2497	0.0	0.0	0.0	0.0	1.8663465057	15.7782048776	4.71841326554	2.92883147101	5.70124275817	0.0	0.0	0.2497	0.0	0.0	0.0	0.0	4.15549610748	0.0	0.0	0.2497	0.0	5.11444867679	0.2497	0.2497	0.0	0.0	0.0	0.4626	0.0	0.0	0.0	0.462491819909	0.0	0.0	6.11328775665	0.0	9.17922143562	0.812255237319	0.0	0.0	0.0	0.0	0.0	0.0	0.0	0.0	0.0	0.0	0.0	0.462491819909	0.0	0.0	0.0	0.647989420502	0.0	0.0	0.0	0.0	0.2497	0.0	1.32884974204	0.0	0.0	0.0	0.2497	0.0	0.0	0.0	0.0	0.0	0.0	0.647989420502	0.0	0.0	0.462491819909	0.0	0.2497	1.32881517682	0.2497	0.0	0.0
TCGA-GM-A2DK	4.80939760605	6.17003054893	0.0	0.0	0.631988599707	0.0	0.0	0.1505	0.0	1.06987548702	0.0	0.0	1.46407725335	0.823286999798	0.1505	10.5831987873	8.68059735624	6.27617247391	2.309464115	10.9824785102	0.0	0.4112	0.1505	0.0	0.0	0.1505	0.0	4.32304073276	7.46022904967	5.4184646463	0.0	0.0	0.41121027012	0.0	0.0	0.2867	5.31471986834	0.0	0.0	0.0	3.84898517273	0.525884800965	0.0	0.2867	0.0	0.0	0.41121027012	0.2867	0.992220953671	0.1505	0.0	1.62689499361	0.0	1.77325853211	0.0	0.0	0.0	0.1505	0.0	1.0698628161	0.0	3.63591331023	0.0	0.0	11.6306068278	0.0	0.0	0.0	14.279217142	7.68487898233	8.98006249182	9.82168702459	0.1505	0.0	0.2867	0.0	0.0	0.0	8.8159130694	0.2867	0.823379624286	0.0	2.4612062511	2.34109334068	17.2020378761	5.01465800263	0.0	0.0	0.0	0.0	0.0	0.0	0.1505	0.0	0.0	0.0	0.525823328502	0.2867	0.0	0.0	1.40525285779	0.0	4.2990868776	0.411276825293	0.0	5.14133260388	0.1505	1.21352547573	4.46624690867	0.0	0.0	0.2867	0.0	0.0	0.0	0.0	6.92963068192	7.30641320508	0.0	0.0	0.0	0.0	0.1505	1.46401496684	18.1031283847	6.42196121905	5.10953899274	4.0822156715	0.1505	0.0	0.99226544583	0.0	0.0	0.0	0.0	4.66683000721	0.0	0.0	0.41121027012	0.1505	3.50238027116	0.0	0.1505	0.1505	0.0	0.0	0.0	0.0	0.0	0.0	0.631931486109	0.0	0.0	6.53060131615	0.7307	9.03216488346	0.286772554146	0.0	0.286772554146	0.0	0.0	0.0	0.0	0.0	0.1505	0.1505	0.0	0.2867	0.9102	0.0	0.0	0.0	0.631988599707	0.0	0.0	0.0	0.0	0.0	0.0	1.21353136487	0.0	0.0	0.0	0.0	0.0	0.0	0.0	0.0	0.0	0.0	0.1505	0.1505	0.0	1.21350865453	0.0	0.1505	0.910356585566	0.2867	0.4112	0.0
TCGA-E9-A1R6	5.71229305454	6.72989852505	0.0	0.0	0.1926	0.0	0.1926	0.0	0.0	0.3626	0.1926	0.0	1.36248993985	2.3219789624	0.0	11.9085176533	8.11078205608	6.74728069044	1.51451234757	11.4028181819	0.362489939847	0.65203560986	3.21506142032	0.0	0.0	0.1926	0.0	4.78511919802	7.74436050761	5.0064565866	0.0	0.0	0.0	0.0	0.0	0.1926	7.28276911579	0.0	0.0	0.0	3.51457253676	0.0	0.0	0.514464983402	0.0	0.1926	1.36257526681	0.3626	0.893098407144	0.0	0.0	1.19261114684	0.0	3.45944741604	0.0	0.0	0.0	0.0	0.0	0.514464983402	0.0	4.39231070732	0.1926	0.0	11.2327157124	0.0	0.0	0.0	11.5849893389	7.49874923667	9.10371389379	8.62987883468	0.0	0.0	0.0	0.0	0.0	0.0	8.47694845598	0.1926	0.65203560986	0.0	4.03814890821	2.618953715	18.1178552783	5.72794134158	0.0	0.0	0.0	0.0	0.0	0.0	0.514564039843	0.0	0.0	0.0	0.362489939847	0.0	0.0	0.0	0.362489939847	0.3626	0.514564039843	0.777652374845	0.362489939847	5.64797904946	0.514464983402	0.1926	4.85799442578	0.0	0.0	0.1926	0.0	0.0	0.0	0.0	7.98384793377	7.32324178683	0.0	0.0	0.0	0.1926	0.1926	3.05062169887	14.4625420949	4.73956343184	2.55017741494	4.44061819568	0.0	0.8931	0.652125657263	0.0	0.1926	0.0	0.0	4.1699724868	0.0	0.0	0.514564039843	0.1926	5.96083116845	0.0	0.362489939847	0.0	0.0	0.0	0.0	0.0	0.0	0.0	1.44055922766	0.0	0.0	6.82746557584	0.0	9.24489924228	1.77759542041	0.0	0.5146	0.0	0.0	0.0	0.0	0.7776	0.0	0.1926	0.0	0.0	0.362489939847	0.0	0.0	0.0	0.514564039843	0.0	0.0	0.0	0.0	0.362489939847	0.0	0.99998688042	0.1926	0.0	0.0	0.514464983402	0.0	0.0	0.0	0.0	0.0	0.0	0.362489939847	0.1926	0.0	0.514464983402	0.0	0.0	0.1926	0.1926	0.0	0.0
TCGA-AO-A12H	5.10504476575	10.4078850711	0.0	0.0	0.0	0.0	0.0	0.0	0.0	0.2482	0.0	0.0	3.4528433907	2.64534487977	0.2482	11.431199471	7.15540619545	7.28781063976	1.85925413838	9.45266487804	0.0	0.4599	2.92048933522	0.0	0.0	0.0	0.0	3.72277218089	7.17239074962	4.55634046533	0.0	0.0	0.0	0.0	0.0	0.0	6.26036463266	0.0	0.0	0.0	2.5560563532	0.0	0.0	0.459902244914	0.2482	0.2482	1.21043683496	0.0	1.21048891866	0.0	0.0	0.4599	0.0	2.72946282038	0.0	0.0	0.0	0.0	0.0	3.24001783363	0.0	3.12053592991	0.2482	0.0	9.52576195053	0.0	0.2482	0.0	12.0109051276	7.36538902465	9.49266699896	8.56785164678	0.0	0.0	0.0	0.0	0.0	0.0	7.65604559801	0.2482	0.2482	0.0	2.95580656752	2.41084637251	16.3460803588	5.0241398592	0.0	0.0	0.0	0.0	0.0	0.0	0.2482	0.0	0.0	0.0	0.0	0.0	0.0	0.0	0.0	0.0	0.80809264519	2.30522792987	0.0	5.38331749818	0.459902244914	0.0	3.08907767312	0.0	0.0	0.0	0.0	0.0	0.0	0.0	6.31242563823	6.81642357947	0.0	0.0	0.0	0.0	0.0	2.35899900578	13.8167137864	4.53312321537	1.70166138664	3.61637026787	0.0	0.0	0.80809264519	0.0	0.0	0.0	0.0	5.01579806086	0.0	0.0	0.0	0.0	3.8596980499	0.0	0.0	0.0	0.0	0.0	0.0	0.0	0.0	0.0	1.32297493266	0.2482	0.0	6.33945072879	0.0	9.11343214048	0.644475408724	0.0	0.0	0.0	0.0	0.0	0.0	0.0	0.0	0.0	0.0	0.0	0.2482	0.0	0.0	0.0	0.0	0.0	0.0	0.0	0.0	0.459902244914	0.0	0.2482	0.0	0.0	0.2482	0.2482	0.0	0.0	0.0	0.0	0.0	0.0	0.644475408724	0.0	0.0	0.459902244914	0.0	0.0	1.70163028801	0.0	0.0	0.0
TCGA-AR-A24X	5.02919470851	8.32631233513	0.0	0.0	0.0	0.0	0.817820013964	0.0	0.0	0.0	0.0	0.0	1.53944497217	0.0	0.0	11.2575364439	8.75473547368	6.00689861687	1.87565339145	11.2405699888	0.0	0.0	3.0436876882	0.0	0.0	0.0	0.0	3.72290540919	7.75550285402	4.45783709522	0.0	0.0	0.0	0.0	0.0	0.0	7.28390307933	0.0	0.0	0.0	4.40689767772	0.0	0.0	0.4661	0.0	0.4661	0.0	0.0	1.10036286051	0.0	0.0	0.4661	0.0	3.10895568658	0.0	0.0	0.0	0.0	0.0	1.53944497217	0.0	2.82825976507	0.4661	0.0	12.0119969224	0.0	0.0	0.0	12.4273249904	7.91903373727	9.80873542697	8.43684698615	0.0	0.0	0.0	0.0	0.0	0.0	8.84487483606	0.0	0.4661	0.0	3.80391701483	2.7486078617	17.5812259121	5.34564843511	0.0	0.0	0.0	0.0	0.0	0.0	0.4661	0.0	0.0	0.0	0.4661	0.0	0.0	0.0	0.0	0.0	3.63706152047	2.57482786418	0.0	5.70333669219	0.0	0.817820013964	5.12689472219	0.0	0.0	0.0	0.0	0.0	0.0	0.0	6.97391903127	8.3981945234	0.0	0.0	0.0	0.0	0.4661	1.10036286051	14.5132166162	5.53553098972	3.0437423038	4.1522326675	0.0	0.0	0.0	0.0	0.0	0.0	0.0	4.0889862283	0.0	0.0	0.4661	0.0	4.32686080589	0.0	0.0	0.0	0.0	0.0	0.0	0.0	0.0	0.0	0.4661	0.0	0.0	5.51161448784	0.0	9.85161936208	0.8178	0.0	0.0	0.0	0.0	0.0	0.0	1.3366	0.0	0.0	0.0	0.0	0.0	0.0	0.0	0.0	0.4661	0.0	0.0	0.0	0.0	0.0	0.0	0.0	0.0	0.0	0.0	0.0	0.0	0.0	0.0	0.0	0.0	0.0	0.817820013964	1.1004	0.0	1.33654409089	0.0	0.0	1.33654409089	0.817820013964	1.1003793146	0.0
TCGA-A2-A0CV	4.56649431556	6.81931006164	0.0	0.0	0.2873	0.0	0.2873	0.0	0.0	0.0	0.0	0.0	0.2873	0.2873	0.2873	12.0618254492	9.33673080803	6.64922848462	2.8418889154	11.8348374705	0.0	0.0	4.09461137015	0.0	0.0	0.0	0.0	3.53312472098	7.98338779719	4.87894297972	0.2873	0.5267	0.0	0.0	0.0	0.0	5.46551634706	0.0	0.0	0.0	4.9830889348	0.0	0.0	0.0	0.0	0.0	1.21539256134	0.0	1.0715466791	0.0	0.0	1.57684769692	0.0	2.54782966216	0.0	0.0	0.0	0.0	0.0	1.21534858267	0.0	3.22854587633	1.0715466791	0.0	11.941563912	0.0	0.0	0.0	13.6309063752	7.62118828017	9.00612379196	8.02181816878	0.0	0.0	0.0	0.0	0.0	0.0	8.83775930114	0.5267	0.526778461942	0.0	3.44828042384	1.95025665214	17.7620592366	4.4108371846	0.0	0.0	0.0	0.0	0.0	0.0	0.2873	0.0	0.0	0.0	0.526778461942	0.0	0.0	0.0	0.0	0.0	2.65262080417	2.5478679003	0.0	6.05399685695	0.0	1.86554626983	5.50106389505	0.0	0.0	0.0	0.0	0.0	0.0	0.0	6.97653281975	7.18311173628	0.0	0.0	0.2873	0.0	1.21534858267	2.49239570494	15.7463710239	6.28350772262	3.7375658497	4.16720545237	0.0	0.0	0.0	0.0	0.0	0.0	0.0	3.68909594168	0.0	0.0	0.526778461942	0.0	6.62689803899	0.0	0.0	0.0	0.0	0.0	0.5267	0.0	0.0	0.0	1.46613550384	0.0	0.0	5.99544336288	0.0	9.63139932649	1.34623160434	0.0	0.0	0.0	0.0	0.0	0.0	0.5267	0.0	0.0	0.0	0.2873	0.2873	0.526778461942	0.0	0.0	0.526778461942	0.0	0.0	0.0	0.2873	0.0	0.0	0.911759561146	0.0	0.0	0.0	0.2873	0.0	0.0	0.0	0.0	0.0	0.0	0.0	0.0	0.0	0.0	0.0	0.0	1.67959755546	0.0	0.0	0.0
TCGA-D8-A145	4.63140861928	7.03351580347	0.0	0.0	0.0	0.0	0.0	0.0	0.0	0.0	0.0	0.0	1.66107673866	0.3452	0.0	11.7427661479	8.84874389309	7.29670943161	2.08526255601	9.5449655443	0.0	0.62354303842	2.95557557099	0.0	0.0	0.0	0.0	3.62669946661	7.53192853297	4.75207478464	0.0	0.0	0.0	0.0	0.0	0.0	4.70799431357	0.0	0.0	0.0	5.19688993594	0.0	0.0	0.6235	0.3452	0.3452	0.3452	0.0	1.3905	0.0	0.0	0.856734975694	0.0	1.99034904838	0.0	0.0	0.0	0.0	0.0	1.53216612576	0.0	3.71844327035	0.0	0.0	11.8945214758	0.0	0.0	0.0	13.4421391012	7.56727816872	8.14285077432	8.20094812148	0.0	0.0	0.0	0.0	0.0	0.0	9.13960983095	0.3452	0.3452	0.0	2.33749147155	1.66101705833	17.6577166124	3.77647998534	0.0	0.0	0.0	0.0	0.0	0.0	0.0	0.0	0.0	0.0	0.0	0.0	0.0	0.0	1.05745882621	0.3452	1.05749068457	0.0	0.0	5.08641051371	0.3452	1.23360925495	4.8226768088	0.0	0.0	0.3452	0.0	0.0	0.0	0.0	6.5375705625	9.39838231006	0.0	0.0	0.0	0.0	0.3452	2.55216786892	15.1962565418	4.0829679896	3.14379479897	4.23563948521	0.3452	0.0	0.3452	0.0	0.0	0.0	0.0	3.49455205525	0.0	0.0	0.6235	0.3452	5.32881156356	0.0	0.0	0.0	0.0	0.0	0.0	0.0	0.0	0.0	1.2336361893	0.0	0.0	5.99949259768	0.0	9.6950412901	1.88866063437	0.3452	0.0	0.0	0.0	0.0	0.0	0.62354303842	0.3452	0.0	0.0	0.0	0.3452	0.0	0.0	0.0	0.3452	0.0	0.0	0.0	0.0	0.0	0.0	0.3452	0.0	0.0	0.0	0.0	0.0	0.0	0.0	0.0	0.0	0.0	0.0	0.0	0.0	0.62354303842	0.0	0.0	1.2336361893	0.0	0.0	0.0
TCGA-BH-A1F6	4.76706470017	7.50122454722	0.0	0.3619	0.0	0.0	0.0	0.0	0.0	0.0	0.0	0.0	0.0	0.0	3.72891699382	11.3291323109	8.57695813242	6.23116272941	3.21221148193	11.3790477611	0.0	0.0	2.54755773044	0.0	0.0	0.0	0.0	3.98408751592	9.15562509594	6.27966379335	0.0	0.3619	0.0	0.0	0.0	0.0	6.46330460477	0.0	0.0	0.0	4.57328704549	0.0	0.0	0.8916	3.81909627961	1.2782	0.65098004094	0.0	2.0482209427	0.0	0.0	1.83428082768	0.0	3.49349658538	0.0	0.0	0.0	0.0	0.0	2.74455831828	0.0	4.32920459377	0.0	0.0	14.370207181	0.0	0.3619	0.0	12.5088220486	7.752705777	9.05093405401	8.12095970325	0.0	0.0	0.3619	0.3619	0.0	0.0	9.02906775654	0.6509	0.891692744517	0.0	7.10088514601	4.88307721112	18.1464705258	6.20914466025	0.0	0.0	0.0	0.0	0.0	0.0	3.4935283944	0.0	0.0	0.0	0.65098004094	0.3619	0.0	0.0	0.0	0.3619	3.45652644377	0.3619	1.09780952328	5.40389021171	0.0	1.43860386123	4.55598071696	0.0	0.0	0.0	0.0	0.0	0.0	0.0	7.76221016076	7.51029239737	0.0	0.0	0.0	0.0	0.0	4.57333401834	14.1734799364	6.73446938042	3.2558532649	6.18103604152	0.0	0.0	0.3619	0.0	0.0	0.3619	0.0	4.55591197127	0.0	0.0	0.3619	0.3619	4.57332878317	0.0	1.43855749426	0.0	0.0	0.0	0.0	0.0	0.0	0.0	1.09786824277	0.0	0.0	4.34946944415	0.0	9.48266642307	1.09786824277	0.0	0.0	0.0	0.0	0.0	0.0	2.0482	0.0	0.0	0.0	0.0	0.65098004094	0.65098004094	0.0	0.0	3.52959667977	0.0	0.0	0.0	0.0	0.0	0.0	1.43855749426	0.0	0.0	0.0	0.3619	0.3619	0.0	0.0	0.0	0.0	0.0	1.2782625602	0.0	0.0	0.3619	0.0	0.0	2.04826529119	0.0	0.0	0.3619
TCGA-D8-A1XJ	3.08804424623	8.09318410512	0.0	0.0	0.0	0.0	0.0	0.0	0.0	0.0	0.0	0.0	0.8398	1.12746096325	2.41789883324	8.24365007306	8.31156931556	8.66457644493	2.05633554958	11.4702666153	0.0	0.4802	0.4802	0.0	0.0	0.0	0.0	2.70681062359	7.48148859943	6.14769898791	0.0	0.4802	0.0	0.0	0.0	1.1274	5.8644738133	0.0	1.12746096325	0.0	4.07008375371	0.0	0.0	0.0	0.4802	0.0	0.0	0.839858083119	4.8200725744	0.0	0.0	2.05636508504	0.0	1.36718991775	0.0	0.0	0.0	0.0	0.0	2.52079623876	0.0	6.03922317681	0.0	0.0	12.8070715256	0.0	0.0	0.0	12.6934784495	6.24100699211	8.21711417589	9.72600811339	0.0	0.0	0.0	0.0	0.0	0.0	8.63620059739	0.0	1.36723021658	0.0	3.92756082454	2.94740014302	17.5000865589	4.48057998536	0.0	0.0	0.0	0.0	0.0	0.0	3.01943480294	0.0	0.0	0.0	0.0	0.0	0.0	0.0	0.4802	0.0	0.4802	0.8398	0.0	3.88960033249	0.4802	0.4802	2.41790931903	0.0	0.0	0.0	0.0	0.0	0.0	0.0	5.38109029958	7.96910875107	0.0	0.0	0.0	0.0	0.0	1.36713828787	15.065835706	2.61678080557	3.0880447059	4.79979576212	0.0	0.0	0.0	0.0	0.0	0.0	0.0	4.40193284291	0.0	0.0	0.839858083119	0.4802	2.18722456892	0.0	0.0	0.0	0.0	0.0	0.0	0.0	0.0	0.0	0.4802	0.0	0.0	8.03792195505	1.5727	9.74476107127	1.1274	0.0	0.0	0.0	0.0	0.0	0.0	1.1274	0.0	0.0	0.0	0.0	1.12746096325	0.4802	0.0	0.0	0.0	0.0	0.0	0.0	0.4802	0.0	0.0	1.12750854681	0.0	0.0	0.0	0.0	0.0	0.0	0.0	0.0	0.0	0.0	0.0	0.0	0.0	0.0	0.0	0.0	0.0	0.0	0.0	0.0
TCGA-BH-A0BL	5.05418570034	8.38458551212	0.717657088195	0.0	0.0	0.0	0.0	0.0	0.0	0.0	0.0	0.0	0.975775983645	0.975775983645	1.7029694401	11.7084625172	9.654005446	6.9288859075	2.46243973529	11.7772152507	0.0	0.975775983645	3.27806005373	0.0	0.0	0.0	0.0	4.15027523462	8.14120189601	5.61513898936	0.0	0.403	0.0	0.0	0.0	0.0	6.91349865234	0.0	0.0	0.0	5.35607024977	0.0	0.0	0.403	4.55810657181	0.0	0.975823717774	0.403	1.703	0.0	0.0	1.19472907284	0.0	3.45807013172	0.0	0.0	0.0	0.0	0.0	0.0	0.0	2.83239596507	0.0	0.0	12.6511557371	0.0	0.0	0.0	13.2233109413	7.79060617339	9.53372603665	9.02273577514	0.0	0.0	0.0	0.0	0.0	0.0	9.45308504337	0.403	0.717657088195	0.0	4.84362781796	3.86140044808	18.1631901511	5.48626481516	0.0	0.0	0.7176	0.0	0.0	0.0	1.96351932866	0.0	0.0	0.0	0.975823717774	0.0	0.403	0.0	0.717657088195	0.0	2.83240560673	1.19468805895	0.403	7.43532187857	0.0	0.0	5.75082613616	0.0	0.403	0.0	0.0	0.403	0.0	0.0	6.51649470459	8.86019573835	0.0	0.0	0.0	0.403	0.975775983645	3.61803521503	16.4722002131	7.57834785145	3.45808693009	5.43343335888	0.0	0.0	0.0	0.0	0.0	0.403	0.0	4.4769175861	0.403	0.0	1.55257257439	0.975775983645	7.18032972828	0.0	0.7176	0.0	0.0	0.403	0.403	0.0	0.0	0.0	1.19472907284	0.0	0.0	7.18356587673	0.7176	8.98381758333	0.975775983645	0.0	0.0	0.0	0.0	0.0	0.0	2.2830332656	0.403	0.0	0.0	0.0	0.9758	0.0	0.0	0.0	2.18418314086	0.0	0.403	0.0	0.403	0.403	0.0	1.96353394175	0.0	0.0	0.0	0.9758	0.0	0.0	0.0	0.0	0.0	0.403	0.0	0.0	0.0	1.70298376777	0.0	0.0	0.717657088195	0.9758	0.403	0.0
TCGA-A2-A1FV	4.42973736749	10.3011166937	0.0	0.0	0.0	0.0	1.11329521814	0.0	0.0	0.828307126802	0.0	0.0	1.35117671682	0.4728	0.4728	12.5549724985	7.82943477763	8.29785939889	1.3510910128	10.7162934428	0.0	0.8283	3.51976406183	0.0	0.0	0.0	0.0	5.01836940278	9.03795023216	5.43518270636	0.0	0.0	0.0	0.0	0.0	0.0	5.44810667453	0.0	0.0	0.0	4.0788706157	0.4728	0.0	0.4728	0.4728	1.11329521814	0.4728	0.0	1.8931836396	0.4728	0.0	0.828307126802	0.0	3.19271728022	0.0	0.0	0.0	0.0	0.0	0.4728	0.0	4.66842852336	0.4728	0.0	6.86966010883	0.0	0.0	0.0	13.1643485387	6.85043895793	9.26223622727	7.91769346946	0.0	0.0	0.0	0.0	0.0	0.0	7.3631737935	0.0	1.55531752252	0.0	3.65918340813	2.28624797513	16.6840247717	7.09095690034	0.0	0.0	0.0	0.0	0.0	0.0	3.13016126343	0.0	0.0	0.0	1.35117175667	0.0	0.0	0.0	0.828307126802	0.0	2.16669150345	1.11330106743	0.0	5.31385594571	0.0	0.0	4.3768322304	0.0	0.0	0.0	0.0	0.0	0.0	0.0	7.05780697449	8.15407158079	0.0	0.0	0.0	0.0	0.4728	2.84889849022	16.3461368281	3.93995827772	2.68454096967	4.6463052905	0.0	0.0	0.0	0.0	0.0	0.0	0.0	4.98338688068	0.0	0.0	0.0	0.0	6.28129422448	0.0	0.0	0.0	0.0	0.0	0.4728	0.0	0.0	0.0	1.35117671682	0.0	0.0	5.92401607998	0.0	9.40191298788	1.55525954003	0.0	0.0	0.0	0.0	0.0	0.0	0.4728	0.0	0.0	0.0	0.0	1.3510910128	0.0	0.0	0.0	0.4728	0.0	0.0	0.0	0.0	0.8283	0.0	0.828307126802	0.0	0.0	0.0	0.4728	0.0	0.0	0.0	0.0	0.0	0.0	1.1132	0.0	0.0	1.1132	0.0	0.0	1.73413595858	0.4728	0.0	0.0
TCGA-D8-A27I	1.94702321385	5.54508813249	0.0	0.0	0.0	0.0	0.2514	0.0	0.0	0.2514	0.2514	0.0	0.0	0.2514	0.0	9.38101471245	8.20059637448	5.55679493136	0.0	9.64323987812	0.0	0.2514	0.0	0.0	0.0	0.0	0.0	2.01651170099	6.76493888972	4.41757384883	0.2514	0.0	0.0	0.0	0.0	0.0	4.58711309773	0.0	0.0	0.0	4.3785151642	0.0	0.0	0.2514	0.2514	0.0	0.465424310575	0.0	1.22197111951	0.0	0.0	1.22194889947	0.0	0.816820196265	0.0	0.0	0.0	0.0	0.0	1.09915023432	0.0	3.85970831623	0.0	0.0	11.199932175	0.0	0.0	0.0	14.6339817967	6.37930909653	7.47620391895	7.86584511189	0.0	0.0	0.0	0.0	0.0	0.0	8.19967030856	0.0	0.465424310575	0.0	2.01653763249	1.44016546512	16.7053864585	3.39494003555	0.0	0.0	0.0	0.0	0.0	0.0	1.79704372728	0.0	0.0	0.0	0.465424310575	0.0	0.0	0.0	0.6518	0.0	1.87391276723	0.8168	0.4655	3.65688097472	0.0	1.5379800263	3.74144388221	0.0	0.0	0.0	0.0	0.0	0.0	0.0	5.97877170932	8.26807522947	0.2514	0.0	0.0	0.0	0.4655	1.53793458388	17.3450716922	4.72853120526	4.94909281115	3.54367674618	0.0	0.0	0.2514	0.0	0.0	0.0	0.0	3.59005816373	0.0	0.0	0.0	0.2514	3.80182507552	0.0	0.0	0.0	0.0	0.0	0.0	0.0	0.0	0.0	1.2219676352	0.0	0.0	4.35184926274	0.0	7.18865582683	0.964842623046	0.0	0.0	0.0	0.0	0.0	0.0	0.0	0.0	0.0	0.0	0.0	0.8168	0.0	0.0	0.0	0.4655	0.0	0.0	0.0	0.0	0.0	0.0	0.816795385911	0.0	0.0	0.0	0.0	0.0	0.0	0.0	0.0	0.0	0.0	0.0	0.0	0.0	0.0	0.0	0.0	0.6518	0.0	0.2514	0.0
TCGA-D8-A1JT	6.70494361265	7.04903741485	0.0	0.0	0.0	0.0	0.0	0.0	0.0	0.0	0.0	0.0	0.9308	1.89496098725	0.0	11.2881431251	7.50994013032	5.56147981585	2.4678	12.3086232992	1.49193803809	0.9308	3.95439327481	0.0	0.0	0.0	0.0	3.33108608484	8.63662523065	5.98957361889	0.9308	0.0	0.0	0.0	0.0	0.0	7.38252305228	0.0	0.0	0.0	2.87667428906	0.0	0.0	0.0	0.0	0.0	0.9308	0.9308	2.46780276564	0.9308	0.0	1.89491412543	0.0	4.44934884126	0.0	0.9308	0.0	0.0	0.0	3.95438424128	0.0	3.33111782009	0.9308	0.0	7.20780844669	0.0	0.0	0.0	11.9572447488	8.13941082633	10.083500933	8.21178075972	0.0	0.0	0.0	0.0	0.0	0.0	8.35844731212	1.492	1.492	0.0	5.1100066355	2.20959435189	18.2182251273	5.8377792209	0.0	0.0	0.0	0.0	0.0	0.0	0.0	0.0	0.0	0.0	1.89491412543	0.0	0.0	0.0	0.0	0.0	0.9308	3.45553051293	0.0	4.61859862142	0.0	0.0	3.33108723452	0.0	0.0	0.0	0.0	0.0	0.0	0.0	8.0729884233	6.72982823937	0.0	0.0	0.0	0.0	0.0	3.33110929146	14.5315703649	5.50504146635	0.9308	5.35333828804	0.0	0.0	0.0	0.0	0.0	0.0	0.0	5.47590615728	0.0	0.0	0.0	0.9308	3.45554373904	0.0	0.0	0.0	0.0	0.9308	0.0	0.0	0.0	0.0	0.0	0.0	0.0	6.14548232851	0.0	9.96550539593	0.0	0.0	0.0	0.0	0.0	0.0	0.0	2.87670806894	0.0	0.0	0.0	0.0	0.0	0.9308	0.0	0.0	0.0	0.0	0.0	0.0	0.0	0.0	0.0	0.0	0.0	0.0	0.0	0.0	0.0	0.0	0.0	0.0	0.0	0.0	1.49193803809	0.0	0.0	0.0	0.0	0.0	2.87670806894	0.0	0.0	0.0
TCGA-D8-A1X7	6.62785884051	7.11372921613	0.5311	0.0	0.0	0.0	0.0	0.0	0.0	1.22345257125	0.0	0.0	0.5311	1.2234	0.0	12.7045257188	9.70776037547	7.49089466805	3.02146688835	12.1059654573	0.5311	0.918432882874	3.84295105167	0.0	0.0	0.0	0.0	3.92977579627	8.08270723841	5.52176186597	0.0	0.9184	0.0	0.0	0.0	0.5311	6.79326448399	0.0	0.0	0.0	4.96624517545	0.0	0.0	0.5311	0.0	0.0	1.22347918712	0.0	1.87578481696	0.0	0.0	2.55944727983	0.0	3.75060439211	0.0	0.0	0.0	0.0	0.0	2.44628576623	0.0	4.61964931771	0.0	0.0	11.4447708814	0.0	0.0	0.0	12.3534775528	7.99733979255	9.89201726634	9.63535680068	0.0	0.0	0.0	0.0	0.0	0.0	9.18747125687	0.5311	0.918432882874	0.0	4.42419373395	2.18897509375	17.9137307487	5.10324420753	0.0	0.0	0.5311	0.0	0.0	0.0	0.5311	0.0	0.0	0.0	0.0	0.0	0.5311	0.0	0.9184	0.0	1.68931017236	3.54591379576	0.0	5.08446690469	0.0	1.22345257125	5.2111842473	0.0	0.0	0.5311	0.0	0.0	0.0	0.0	7.85768195093	8.4451513187	0.0	0.0	0.0	0.0	0.0	3.43158344406	14.7347303635	5.39023765304	3.09842080235	4.42416982808	0.0	0.0	0.5311	0.0	0.0	0.0	0.0	4.79173949526	0.5311	0.0	1.22345257125	0.5311	6.38836137908	0.0	0.0	0.0	0.0	0.0	0.0	0.0	0.0	0.0	0.5311	0.0	0.0	6.32567565431	0.0	10.3807970642	0.9184	0.0	0.0	0.0	0.0	0.0	0.0	2.76227790611	0.0	0.0	0.0	0.0	0.5311	0.5311	0.0	0.0	1.47512595574	0.0	0.0	0.0	0.0	0.0	0.0	0.0	0.0	0.0	0.5311	0.5311	0.0	0.0	0.0	0.0	0.0	0.0	0.9184	0.0	0.0	0.5311	0.0	0.0	1.47512595574	0.0	0.0	0.0
TCGA-EW-A1IX	5.08976887517	8.75835924635	0.0	0.0	0.3038	0.0	0.0	0.0	0.0	1.93097278359	0.3038	0.0	0.768226183917	0.0	0.0	11.4234371732	9.73980296024	7.00067416472	2.67622005327	11.3568595362	0.0	1.11910234136	3.7213454199	0.0	0.0	0.0	0.0	3.95735368006	8.1194111047	5.2845039744	0.3038	0.954310257572	0.3038	0.0	0.0	0.0	6.7753097047	0.0	0.0	0.0	5.66386482827	0.5547	0.0	0.3038	0.0	0.554621210978	0.5547	0.3038	1.63682721901	0.0	0.0	0.954245370977	0.0	3.00584074158	0.0	0.3038	0.0	0.0	0.0	1.1190490619	0.0	3.72135650036	0.954310257572	0.0	13.0779860675	0.0	0.0	0.0	12.4414264063	7.90475259325	8.67721276194	8.69205007135	0.3038	0.0	0.0	0.3038	0.0	0.0	8.95246395611	0.768294130221	0.954245370977	0.0	3.91314593826	2.17512724766	18.0843856752	5.13856086289	0.0	0.0	0.0	0.0	0.0	0.0	0.3038	0.0	0.0	0.0	0.3038	0.0	0.0	0.0	0.768226183917	0.0	1.11910234136	1.63680508877	0.0	6.59460340783	0.0	1.63676465913	5.89742122223	0.0	0.0	0.0	0.0	0.0	0.0	0.0	6.72179864604	6.88808416317	0.0	0.0	0.0	0.0	0.954305097842	3.00591842123	14.6687531999	5.69031981742	4.08242852622	4.62505941355	0.0	0.554621210978	0.768294130221	0.0	0.0	0.0	0.0	4.99747341678	0.0	0.0	1.26694197711	0.0	5.70985799067	0.0	0.0	0.0	0.0	0.0	0.0	0.0	0.0	0.0	0.3038	0.0	0.0	6.35123137791	0.0	9.68990395252	0.9543	0.0	0.0	0.0	0.0	0.0	0.0	2.31761255852	0.0	0.0	0.0	0.0	0.554621210978	0.0	0.0	0.0	0.768226183917	0.0	0.0	0.0	0.3038	0.0	0.0	0.3038	0.0	0.0	0.0	0.554621210978	0.0	0.0	0.0	0.0	0.0	0.0	0.3038	0.0	0.0	0.3038	0.0	0.0	0.954245370977	1.11905366483	0.3038	0.0
TCGA-C8-A275	4.23396711068	6.1362241016	0.3751	0.0	0.0	0.0	0.375088410612	0.0	0.0	0.0	0.0	0.0	0.1997	0.375088410612	0.1997	10.1549392112	7.48520428017	7.0648610816	1.9339990724	11.5900863698	0.0	0.531447383573	0.3751	0.0	0.0	0.375088410612	0.0	3.09968128203	8.30677639934	6.74763409577	0.3751	0.5315	0.1997	0.0	0.1997	0.0	5.82093180643	0.0	0.0	0.1997	3.26474271062	0.0	0.0	0.3751	0.0	0.0	0.375088410612	0.375088410612	2.82529817012	0.0	0.0	2.91317967254	0.0	5.14153704497	0.0	0.531457782581	0.0	0.0	0.0	3.28687787149	0.0	7.3260767924	0.0	0.0	13.7241276998	0.0	0.0	0.0	14.56894657	8.40927353429	9.24682669443	8.2382129172	0.0	0.0	0.0	0.0	0.0	0.0	8.58186311816	0.5315	2.44742578642	0.0	3.8442682141	3.51012536057	18.3471821573	4.28978864161	0.0	0.0	0.0	0.0	0.0	0.0	0.1997	0.0	0.0	0.0	0.919044065159	0.1997	0.0	0.1997	0.672552767978	0.0	2.04196121287	0.0	0.0	3.048846014	0.0	0.375088410612	2.99606644529	0.0	0.0	0.0	0.0	0.0	0.0	0.0	7.44271362139	9.77327605329	0.0	0.0	0.0	0.0	0.375088410612	4.11537826228	15.3372476561	6.64861296322	3.17275460073	4.09044707899	0.0	0.0	0.1997	0.1997	0.1997	0.0	0.0	5.0731604482	0.0	0.0	0.375088410612	1.3131	2.0930484013	0.0	0.1997	0.0	0.0	1.31310835609	0.0	0.0	0.1997	0.0	1.31308984679	0.0	0.0	7.97258452267	0.375088410612	10.6379220613	0.0	0.0	0.0	0.0	0.0	0.0	0.0	2.94134835338	0.0	0.0	0.0	0.0	0.3751	0.0	0.0	0.0	0.531457782581	0.0	0.0	0.0	0.531457782581	0.0	0.0	0.672523913187	0.0	0.0	0.0	0.0	0.0	0.0	0.0	0.0	0.0	0.0	0.0	0.0	0.0	0.0	0.0	0.0	0.801034698114	0.0	0.0	0.0
TCGA-E9-A229	5.98280744908	8.09550962323	0.0	0.0	0.573525959935	0.0	0.573525959935	0.0	0.0	1.06921480895	0.0	0.0	1.50115003313	0.31503577382	0.450083302088	11.7782607177	9.99375122081	5.92601181248	2.25803110548	11.8308559087	0.1661	0.792637386981	0.573564322607	0.0	0.0	0.1661	0.0	4.61066634299	8.3003913515	4.55936051863	0.0	0.3151	0.1661	0.0	0.0	0.0	6.52234353518	0.0	0.0	0.0	5.26098189605	0.4501	0.0	0.31503577382	0.0	0.1661	1.62042384151	0.3151	1.22795299851	0.1661	0.0	1.43746305011	0.0	3.03569804687	0.0	0.1661	0.0	0.0	0.0	1.73062468385	0.0	4.05495337602	0.1661	0.0	11.3851450042	0.0	0.1661	0.0	11.5226444286	8.19199516867	9.08802904382	8.83741336338	0.0	0.0	0.0	0.0	0.0	0.0	8.84889973098	0.4501	0.573525959935	0.0	4.24334687301	2.80320438846	17.8908112531	5.13632914032	0.0	0.0	0.0	0.0	0.0	0.0	0.1661	0.0	0.0	0.0	0.1661	0.0	0.0	0.0	1.78272943479	0.0	3.11910982525	1.37101565808	0.0	7.12808782899	0.0	1.50105143952	6.63823972345	0.0	0.0	0.0	0.0	0.0	0.0	0.0	7.79764368997	7.01691137186	0.0	0.0	0.1661	0.0	0.31503577382	3.49198332892	14.7573029802	5.7008069358	3.64058498843	4.00101834012	0.0	0.3151	1.50102321025	0.0	0.0	0.0	0.0	4.26183885243	0.0	0.0	1.56191277533	0.31503577382	6.11565898871	0.1661	0.0	0.0	0.0	0.0	0.0	0.0	0.1661	0.0	0.792683512621	0.0	0.0	6.11058187546	0.0	9.20684868749	1.56199422821	0.1661	0.0	0.0	0.0	0.0	0.0	2.32976702196	0.0	0.450083302088	0.0	0.0	0.4501	0.1661	0.0	0.1661	1.06925619148	0.0	0.0	0.0	0.1661	0.573564322607	0.0	0.450024812682	0.0	0.0	0.1661	0.450024812682	0.1661	0.0	0.0	0.1661	0.0	0.0	0.573525959935	0.0	0.0	0.31503577382	0.0	0.0	1.43743610819	0.0	0.4501	0.31503577382
TCGA-AR-A24H	7.49270504666	7.70427298532	0.835626324145	0.0	0.0	0.0	0.2584	0.0	0.0	3.60665139886	0.2584	0.0	0.2584	0.0	0.667647150046	11.8357638702	8.40097438621	5.98602711451	2.17983237181	12.0779342761	0.0	0.4775	1.97915944032	0.0	0.0	0.0	0.0	5.70057402572	9.9193299035	5.24338025159	0.0	1.4675378834	0.2584	0.0	0.0	0.0	8.6303998951	0.0	0.667647150046	0.0	3.07970802775	0.0	0.0	0.667647150046	0.4775	0.0	0.477472993063	0.4775	2.56178216249	0.0	0.0	3.43407938662	0.0	6.03861829716	0.0	1.36140591289	0.0	0.0	0.0	2.69884045696	0.0	4.8508183972	0.477472993063	0.0	13.7786019852	0.0	0.477472993063	0.0	11.099996789	7.5130092692	10.1627006522	8.35418299749	0.0	0.0	0.0	0.0	0.0	0.0	7.35077622373	0.667647150046	0.83567336538	0.0	4.86060252068	4.66249932216	16.8734071293	4.29545354957	0.0	0.0	0.0	0.0	0.0	0.0	0.0	0.0	0.0	0.0	0.0	0.0	0.0	0.0	1.36142054769	0.667647150046	2.51301147371	3.80192720883	0.0	7.88989885429	0.4775	0.477472993063	4.30982493026	0.0	0.0	0.0	0.2584	0.0	0.0	0.0	7.19148770003	8.79171604442	0.0	0.2584	0.0	0.2584	0.0	2.65457822672	13.187739562	6.53314351649	2.11596252483	4.04418006968	0.477472993063	0.2584	0.667647150046	0.0	0.2584	0.0	0.0	4.95487587876	0.0	0.0	0.98611324686	0.0	6.27992860756	0.2584	1.36143858712	0.0	0.0	1.46760651791	0.0	0.0	0.0	0.0	1.12235379039	0.0	0.0	6.56636765327	0.0	8.8395022768	0.835647393989	0.2584	0.835626324145	0.0	0.0	0.0	0.0	2.35603257984	0.0	0.0	0.0	0.2584	0.986137244028	0.477472993063	0.0	0.0	0.477472993063	0.0	0.0	0.0	0.0	0.2584	0.0	0.986137244028	0.0	0.0	0.0	1.46753978522	0.2584	0.0	0.0	0.0	0.0	0.0	0.667647150046	0.0	0.0	0.667647150046	0.0	0.0	2.60891369296	0.98611324686	0.0	0.0
TCGA-EW-A1J5	6.46205418758	9.78715386907	0.0	0.0	0.0	0.0	0.0	0.0	0.0	0.669919153549	0.0	0.0	0.915693526638	0.0	0.3735	11.3660408461	7.85826900463	6.11374701692	1.47136741109	11.4302796618	0.0	0.669919153549	3.11801389305	0.0	0.0	0.0	0.0	4.35756818089	8.48586079155	5.529951565	0.0	0.3735	0.3735	0.0	0.0	0.0	6.34631713359	0.0	0.0	0.0	3.38610085139	0.0	0.0	0.0	0.0	1.7501046472	1.75007936332	0.0	2.27526525468	0.0	0.0	1.47140036607	0.0	4.1085612879	0.0	0.0	0.0	0.0	0.0	0.0	0.0	4.49626090068	0.0	0.0	13.4088365226	0.0	0.3735	0.6699	13.6795365273	8.18994923911	9.81392155723	8.85240373823	0.0	0.0	0.0	0.0	0.0	0.0	8.14098666658	0.3735	1.30884918588	0.0	3.5767503799	1.87152798028	17.5994752751	4.22708357025	0.0	0.0	0.0	0.0	0.0	0.0	0.669919153549	0.0	0.0	0.0	1.12561572494	0.0	0.0	0.0	0.915693526638	0.0	1.47132029533	0.9156	0.0	5.3004480594	0.0	0.669919153549	3.5768233766	0.0	0.0	0.9156	0.3735	0.0	0.0	0.0	7.32154648759	7.47080122005	0.0	0.0	0.0	0.0	0.0	2.7885253745	15.2264121786	6.59585997116	2.96270316765	4.96056890327	0.3735	0.0	1.61742957694	0.0	0.0	0.0	0.0	3.5405532894	0.0	0.0	0.0	0.3735	4.43845661729	0.0	0.3735	0.0	0.0	0.0	0.0	0.0	0.0	0.0	0.669919153549	0.0	0.0	5.35355199166	0.0	10.7066870663	0.3735	0.0	0.0	0.0	0.0	0.0	0.0	1.75005238461	0.0	0.0	0.0	0.0	0.0	0.0	0.0	0.0	0.669919153549	0.0	0.0	0.0	0.0	0.3735	0.0	1.75005219709	0.3735	0.0	0.0	0.0	0.0	0.0	0.0	0.0	0.0	0.0	0.9156	0.0	0.0	0.3735	0.0	0.0	1.9835689076	0.669919153549	0.0	0.0
TCGA-E2-A1L6	5.75943843659	8.14878475971	0.0	0.5443	0.0	0.0	0.5443	0.0	0.0	2.22248340823	0.0	0.0	1.71877279973	0.0	0.5443	12.5181997178	8.85354156557	6.61727322091	2.35758116191	11.2055107714	0.938568234879	0.938568234879	2.79878771699	0.0	0.0	0.0	0.0	4.01128889725	8.38664479635	5.35327545172	0.0	0.5443	0.0	0.0	0.0	0.0	6.84141585835	0.0	0.0	0.0	4.55207234928	0.5443	0.0	0.5443	0.0	0.0	1.24791535535	0.0	1.50247958934	0.0	0.0	0.5443	0.0	3.1362392737	0.0	0.0	0.0	0.0	0.0	2.07322814941	0.0	4.01134459022	0.0	0.0	11.3053188044	0.0	0.0	0.0	11.6520423946	7.62667575239	9.29893840944	8.63477184549	0.0	0.0	0.0	0.0	0.0	0.0	8.74826374216	0.0	1.24788972017	0.0	5.16328147579	2.59497239482	17.4687942841	5.97450387787	0.0	0.0	0.0	0.0	0.0	0.0	0.5443	0.0	0.0	0.0	0.0	0.0	0.0	0.0	0.5443	0.0	2.48115899908	3.27927591569	0.0	6.71489801626	0.0	1.71885236999	5.3205417651	0.0	0.0	0.0	0.0	0.0	0.0	0.0	7.39885045453	7.08977189224	0.0	0.0	0.0	0.0	1.24788972017	3.05900488533	15.0928267772	5.38526645208	3.83717654892	4.58002721033	0.0	0.0	0.9386	0.0	0.0	0.0	0.0	6.30231955248	0.0	0.0	0.5443	0.0	7.66632182174	0.0	0.0	0.0	0.0	0.0	0.0	0.0	0.0	0.0	0.5443	0.0	0.0	6.12422854479	0.0	9.0817666583	0.9386	0.0	0.0	0.0	0.0	0.0	0.0	1.7189	0.0	0.0	0.0	0.5443	0.5443	0.5443	0.0	0.0	1.24791535535	0.0	0.0	0.0	0.0	0.0	0.0	0.938568234879	0.0	0.0	0.0	0.0	0.0	0.0	0.0	0.0	0.0	0.0	0.0	0.0	0.0	0.5443	0.0	0.0	1.90689143076	0.5443	0.0	0.0
TCGA-E2-A14T	4.62629531064	7.8642397585	0.0	0.0	0.0	0.0	0.0	0.0	0.0	0.3068	0.0	0.0	1.94247717195	0.5597	0.3068	11.2126390381	8.91662234718	6.19999013892	2.33015313854	11.5343769736	0.0	0.3068	2.18732929324	0.0	0.0	0.0	0.0	5.7121725557	7.24976668731	5.32555949403	0.3068	0.0	0.0	0.0	0.0	0.0	6.16227906526	0.0	0.0	0.0	4.46543282206	0.0	0.0	0.559660154703	0.0	0.3068	0.774775398758	0.0	1.12757750544	0.0	0.0	0.774741072055	0.0	3.1015398351	0.3068	0.3068	0.0	0.0	0.0	0.774741072055	0.0	3.10152974608	0.0	0.0	10.5665367571	0.0	0.0	0.0	12.5477421489	6.73734151571	8.67877953958	8.96944369201	0.0	0.0	0.0	0.0	0.0	0.0	8.40387306621	0.5597	0.774775398758	0.0	4.24877030491	3.78626386868	17.695734465	5.21027606479	0.0	0.0	0.0	0.0	0.0	0.0	0.0	0.0	0.0	0.0	0.0	0.0	0.0	0.0	0.774741072055	0.559660154703	2.02879233472	1.75265616232	0.559660154703	5.77594273014	0.3068	1.27612530929	5.16337214464	0.0	0.0	0.0	0.0	0.0	0.0	0.0	7.03977876254	8.18988584266	0.0	0.0	0.0	0.0	0.3068	2.68940443125	15.1868335089	5.85486175418	3.54398022339	4.77106634634	0.0	0.961908252748	1.64741544281	0.0	0.0	0.0	0.0	4.78356352537	0.0	0.0	0.7748	0.0	6.04810083983	0.3068	0.961929861261	0.0	0.0	0.0	0.0	0.0	0.0	0.0	1.64748188085	0.0	0.0	6.68843469609	0.0	8.88732725858	1.41075164377	0.0	0.0	0.0	0.0	0.0	0.0	0.961908252748	0.0	0.0	0.0	0.0	0.3068	0.0	0.0	0.0	0.774741072055	0.0	0.3068	0.0	0.0	0.0	0.0	1.12755824086	0.0	0.0	0.0	0.3068	0.0	0.0	0.0	0.0	0.0	0.0	1.12757750544	0.0	0.0	0.0	0.0	0.0	0.3068	0.3068	0.0	0.0
TCGA-E2-A1LB	6.43987331247	6.71908870672	0.3774	0.0	0.0	0.0	0.0	0.0	0.0	1.31902336356	0.0	0.0	0.923746153778	0.0	1.1349	11.577951325	8.67960223618	7.56507744974	2.19786519043	10.9740655153	0.0	0.3774	2.4555362896	0.0	0.0	0.3774	0.0	4.62181998521	8.6530880241	5.59220803344	0.0	0.3774	0.0	0.0	0.0	0.0	7.35977495885	0.0	0.0	0.0	4.1971196231	0.0	0.0	0.6763	0.0	0.676265082119	0.923746153778	0.0	2.28892407208	0.0	0.0	1.48234800055	0.0	3.82335427626	0.0	0.0	0.0	0.0	0.0	2.86373420957	0.0	5.27331208254	0.3774	0.0	12.2919122566	0.0	0.0	0.0	11.8563223467	7.85318321233	9.3597482664	9.49740884387	0.0	0.0	0.0	0.0	0.0	0.0	8.80543495326	0.3774	0.92371673949	0.0	4.35295959315	2.97764434443	17.9370099201	5.2164440552	0.0	0.0	0.0	0.0	0.0	0.0	0.0	0.0	0.0	0.0	0.92371673949	0.0	0.0	0.0	1.48233663536	0.0	0.3774	3.66229627493	0.3774	4.84834555116	0.0	0.676265082119	5.13280198205	0.0	0.0	0.3774	0.0	0.3774	0.0	0.0	7.9935336171	8.86401493218	0.0	0.0	0.0	0.0	0.0	2.97765261614	14.4074976345	4.49362165671	2.3746179178	4.65646742464	0.0	0.0	0.0	0.0	0.0	0.0	0.0	5.16927264439	0.0	0.0	0.6763	0.0	5.30637958864	0.0	0.0	0.0	0.0	0.0	0.3774	0.0	0.0	0.0	0.3774	0.0	0.0	5.76083748513	2.67402451693	8.93713419368	0.3774	0.0	0.0	0.0	0.0	0.0	0.0	1.13486020864	0.0	0.0	0.0	0.676265082119	0.9237	0.3774	0.0	0.0	0.0	0.0	0.0	0.0	0.0	0.3774	0.0	1.13486020864	0.0	0.0	0.0	0.0	0.3774	0.0	0.0	0.0	0.0	0.0	0.3774	0.0	0.0	0.3774	0.0	0.0	1.48234800055	0.3774	0.3774	0.0
TCGA-BH-A0C7	6.49434058828	7.68577781561	0.0	0.0	0.0	0.0	0.0	0.0	0.0	0.980056075413	0.0	0.0	2.70297020007	0.4051	0.4051	11.2960922402	8.89074895888	7.04773926975	1.55834070534	12.6584357218	0.0	0.0	2.55167922559	0.0	0.0	0.0	0.0	4.07773581298	7.16316540764	4.76870677351	0.0	0.0	0.721032571997	0.0	0.0	0.0	6.81409725421	0.0	0.4051	0.0	4.52643920925	0.0	0.0	0.0	0.0	0.0	0.4051	0.721032571997	2.62931486827	0.0	0.4051	1.84541362834	0.0	3.02368097621	0.0	0.0	0.0	0.0	0.0	2.77305596205	0.0	3.18670874463	0.7211	0.0	12.8082408613	0.0	0.0	0.0	11.993271718	7.46267794911	8.40161738565	9.34515872794	0.4051	0.0	0.0	0.0	0.0	0.0	8.46385143974	0.0	0.0	0.0	4.25971769091	3.02368142241	18.3353295783	4.04978497311	0.0	0.0	0.0	0.0	0.0	0.0	0.0	0.0	0.0	0.0	0.4051	0.0	0.0	0.0	1.19962511747	0.0	1.97005014799	0.4051	0.4051	5.43117650529	0.0	0.980112422066	4.56648823465	0.0	0.4051	0.0	0.0	0.0	0.0	0.0	6.25202478762	8.98051705916	0.0	0.0	0.0	0.0	0.721032571997	0.980112422066	15.4297400253	5.42029701927	3.33307834634	4.60544899752	0.0	0.0	0.4051	0.0	0.0	0.0	0.0	4.02125971661	0.0	0.0	0.0	0.0	5.39832062391	0.0	0.0	0.0	0.0	0.0	0.0	0.4051	0.0	0.0	1.97005014799	0.0	0.0	5.86750982706	0.0	9.15560180452	0.4051	0.0	0.0	0.0	0.0	0.0	0.0	0.4051	0.0	0.0	0.0	0.0	0.980112422066	0.4051	0.0	0.0	0.0	0.0	0.0	0.4051	0.4051	0.4051	0.0	1.39010662246	0.0	0.0	0.0	0.4051	0.0	0.0	0.4051	0.0	0.0	0.0	0.4051	0.0	0.0	1.19962511747	0.0	0.0	2.08472726808	0.4051	0.0	0.0
TCGA-E2-A15S	5.57465633854	9.73716539158	0.6313	0.0	0.0	0.0	0.0	0.0	0.0	1.06895982891	0.0	0.0	0.0	1.67615612246	0.0	12.7856802316	7.28346647652	7.40526366059	2.27569211913	9.71945011264	0.0	0.0	2.57049598337	0.0	0.0	0.0	0.0	4.21453474998	9.00934240391	5.47129648664	0.0	0.6313	0.0	0.0	0.0	0.0	5.50657841822	0.0	0.0	0.0	3.9328197854	0.6313	0.0	0.6313	0.0	0.0	1.06895982891	0.0	0.6313	0.0	0.0	0.6313	0.0	4.65264644973	0.0	0.6313	0.0	0.0	0.0	1.06895982891	0.0	4.55492619687	1.90482186507	0.0	10.8371746854	0.0	0.0	0.0	13.6369605006	8.47631881755	9.92568712441	8.87412735097	0.0	0.0	0.0	0.0	0.0	0.0	8.40102359223	0.0	0.6313	0.0	4.85772943725	2.81517497024	17.1696534962	6.53398338319	0.0	0.0	0.0	0.0	0.0	0.0	0.0	0.0	0.0	0.0	0.0	0.0	0.0	0.0	0.6313	0.0	2.92354726936	0.0	0.0	5.83259251375	0.0	1.4042	4.65257673533	0.0	0.0	0.6313	0.0	0.0	0.0	0.0	5.77590560809	8.49181712638	0.0	0.0	0.0	0.0	0.6313	3.11845901871	14.8481758936	4.45011860797	1.6761	4.29741168709	0.0	0.0	0.0	0.0	0.0	0.0	0.0	5.26023000724	0.0	0.0	0.6313	0.6313	5.41677511925	0.0	0.0	0.0	0.0	0.0	0.0	0.0	0.0	0.0	1.90482317765	0.0	0.0	7.6297923558	0.0	9.15677578097	0.6313	0.0	0.0	0.0	0.0	0.0	0.0	2.10217079136	0.0	0.0	0.0	0.0	0.0	0.6313	0.0	0.0	0.6313	0.0	0.0	0.0	0.0	0.6313	0.0	0.6313	0.0	0.0	0.0	1.06895982891	0.0	0.0	0.0	0.0	0.0	0.0	0.6313	0.0	0.0	0.0	0.0	0.0	2.10224179467	0.0	0.0	0.0
TCGA-EW-A1OZ	6.01634085787	7.34832378334	0.0	0.0	0.0	0.0	0.0	0.0	0.0	0.0	0.37	0.0	0.37	0.37	2.1725304155	11.4934537324	8.42465020265	7.96277429603	2.26317812243	12.7042700148	0.0	0.37	2.89361323632	0.0	0.0	0.37	0.0	5.21913723169	7.31164451878	6.06753002708	0.0	0.37	0.0	0.0	0.0	0.37	7.06304931642	0.0	0.0	0.0	4.21262286624	0.0	0.0	0.0	0.0	0.0	0.908461025392	0.664214903171	2.64664118896	0.0	0.0	1.60704773992	0.0	4.72429291953	0.0	0.0	0.0	0.0	0.0	2.17250487313	0.0	3.56276585696	0.37	0.0	14.7880071635	0.0	0.0	0.0	10.890920122	6.81598457758	8.98012676943	9.80141796666	0.0	0.0	0.0	0.0	0.0	0.0	8.28016888862	0.0	1.11729272895	0.0	4.94573280458	2.89359959004	18.7935580467	5.17312126744	0.0	0.0	0.0	0.0	0.0	0.0	0.6642	0.0	0.0	0.0	0.664214903171	0.37	0.0	0.37	1.29963642832	0.0	2.26315426111	1.46157841764	0.0	5.88692682498	0.0	0.0	4.95934410118	0.0	0.0	0.0	0.0	0.0	0.0	0.0	6.64952658812	7.57312539343	0.0	0.0	0.0	0.0	0.37	3.37221558916	15.1049638089	5.45855460832	2.71246299103	5.20779436625	0.0	0.0	0.37	0.0	0.0	0.0	0.0	2.83576752551	0.0	0.0	0.0	0.0	4.67564089422	0.0	1.9720865465	0.0	0.0	0.0	0.0	0.0	0.0	0.0	0.37	0.0	0.0	5.51497766391	1.4615	8.91517977895	1.46158699285	0.37	0.0	0.0	0.0	0.0	0.0	1.97211768976	0.0	0.0	0.0	0.0	0.0	1.1173	0.0	0.0	0.664214903171	0.0	0.0	0.0	0.37	0.0	0.0	1.46157841764	0.0	0.0	0.0	1.29968295895	0.0	0.0	0.0	0.0	0.0	0.0	1.2996893665	0.37	0.0	0.37	0.0	0.37	2.17254493445	0.0	0.37	0.0
TCGA-A7-A3J1	3.80613241401	10.2668293777	0.0	0.0	0.0	0.0	0.2333	0.0	0.0	0.2333	0.0	0.0	1.55120825074	0.610311205634	0.0	10.6505329895	7.34713703555	5.79202558174	1.55120825074	10.9400061105	0.0	0.767345854992	1.3672012463	0.0	0.0	0.0	0.0	4.18587249217	6.4802724737	5.90616107818	0.0	0.2333	0.4341	0.0	0.0	0.2333	4.79976348674	0.0	0.0	0.0	3.8060824703	0.2333	0.0	0.2333	0.767313565224	0.0	0.610286408549	0.0	1.15618290581	0.0	0.0	0.43407198143	0.0	1.4621589716	0.0	0.2333	0.0	0.0	0.0	1.26556086758	0.0	3.03491237734	0.0	0.0	11.6902306844	0.0	0.0	0.0	12.6227536631	6.8574923851	9.08103785494	8.23589193963	0.0	0.0	0.2333	0.0	0.0	0.0	8.3191036491	0.610311205634	0.0	0.0	3.61269699833	2.17321364545	18.6068139344	3.28917266371	0.0	0.0	0.0	0.0	0.0	0.0	0.4341	0.0	0.0	0.0	0.43407198143	0.0	0.0	0.0	1.03781995567	0.0	1.71441017446	0.2333	0.0	5.76903818392	0.0	1.36721767826	4.19971332622	0.0	0.0	0.2333	0.0	0.0	0.0	0.0	6.66378786157	7.58726274614	0.0	0.0	0.0	0.0	0.43407198143	1.46217972648	15.9787089571	6.46607684007	2.60642613598	5.47090376863	0.0	0.0	2.05633437704	0.0	0.0	0.0	0.0	3.92753539622	0.0	0.0	0.2333	0.2333	4.40487112875	0.0	0.0	0.0	0.0	0.0	0.2333	0.0	0.0	0.0	0.43407198143	0.0	0.0	5.6730191082	0.0	9.83357828828	0.43407198143	0.0	0.0	0.0	0.0	0.0	0.0	0.2333	0.0	0.0	0.0	0.0	0.0	0.0	0.0	0.0	0.908912772736	0.0	0.0	0.0	0.2333	0.0	0.0	1.36721592028	0.0	0.0	0.0	0.2333	0.0	0.0	0.0	0.0	0.2333	0.0	0.4341	0.0	0.0	0.610286408549	0.0	0.0	1.36720963541	0.610286408549	0.0	0.0
TCGA-E2-A1LS	5.62856226056	8.43497908682	0.0	0.0	0.0	0.0	0.0	0.0	0.0	0.2624	0.0	0.0	0.2624	0.0	1.92320641148	13.5297510125	7.45405320216	6.42922629559	4.56923714669	9.74709762032	0.0	0.2624	2.88422149172	0.0	0.0	0.0	0.0	5.15819974489	9.012452778	3.9782715351	0.2624	1.26078870066	0.0	0.0	0.0	0.0	6.7349970932	0.0	0.0	0.0	3.06704579002	0.0	0.0	0.0	0.2624	2.42988832854	0.676609875952	0.676644099482	0.2624	0.2624	0.0	1.48298119208	0.0	2.71920934489	0.4843	0.0	0.0	0.0	0.0	1.37609850966	0.0	4.16634311856	1.58243283419	0.0	11.976323484	0.0	0.2624	0.0	11.4120492349	8.55613541492	10.1223601574	9.35243083221	0.0	0.0	0.84627411088	1.13542253478	0.0	0.0	7.97006557786	0.484339103453	1.84517611248	0.0	5.72421440225	4.66308843663	15.0855749441	7.07516672727	0.0	0.0	0.0	0.0	0.0	0.2624	0.0	0.0	0.0	0.0	0.676609875952	0.0	0.0	0.0	0.998091860771	0.0	2.5818158906	3.34709203462	0.0	6.59611959266	0.2624	0.676609875952	4.64021616029	0.0	0.0	0.0	0.0	0.0	0.0	0.0	6.17812122824	9.64115342562	0.0	0.0	0.0	0.0	0.0	4.16632302616	13.7344777921	4.4946291884	0.4843	3.34709857333	0.0	0.0	0.6766	0.0	0.0	0.0	0.0	5.61102113486	0.0	0.0	0.0	0.2624	6.59614208123	0.2624	0.0	0.0	0.0	0.0	0.0	0.0	0.0	0.0	2.76229956128	0.0	0.0	4.89358106454	0.4843	9.65084294991	1.13539763375	0.0	0.0	0.0	0.0	0.0	0.0	2.06749363436	0.0	0.0	0.0	0.2624	0.4843	0.0	0.2624	0.0	4.99631836919	0.0	0.0	0.0	0.0	0.484339103453	0.0	1.48295015873	0.0	0.0	0.0	0.676644099482	0.2624	0.0	0.0	0.0	0.0	0.0	1.4830081839	0.0	0.0	0.0	0.0	0.0	3.03226656042	0.2624	0.0	0.0
TCGA-BH-A1ES	6.84423628867	6.52380375997	0.2323	0.0	0.0	0.0	0.2323	0.0	0.0	1.26152528809	0.0	0.0	1.15240068525	2.32707318772	0.9057	11.1200219568	8.54944670222	7.37727430696	2.99774007048	11.1191115435	0.2323	0.432331365062	2.79482786609	0.0	0.0	0.0	0.0	5.22924824841	9.01021065515	4.78416416426	0.0	0.607947455729	0.2323	0.0	0.0	0.0	7.05028235858	0.0	0.0	0.0	4.68963117006	0.0	0.0	0.2323	0.0	0.0	1.54674967752	0.432331365062	1.92409558321	0.0	0.2323	1.63057891204	0.0	3.23037529282	0.4323	0.607947455729	0.0	0.0	0.0	0.2323	0.0	4.60928605471	1.03430623945	0.0	13.3138185983	0.0	0.2323	0.0	13.4045680131	8.53392093887	9.62808648227	8.72170140396	0.0	0.0	0.0	0.0	0.0	0.0	8.49391594518	0.2323	1.15243322243	0.0	4.37433750073	2.51515248935	17.4395789641	7.0176256289	0.0	0.0	0.0	0.0	0.0	0.0	0.0	0.0	0.0	0.0	0.2323	0.0	0.0	0.0	0.905726246216	0.0	1.54676232708	2.72029824067	0.4323	6.58285229749	1.36305739474	0.607947455729	5.29488466349	0.0	0.0	0.0	0.0	0.0	0.0	0.0	8.75823642479	7.21542040738	0.0	0.0	0.0	0.2323	0.432331365062	3.5644763629	15.3097496758	4.37434385459	2.83067802584	3.90449788426	0.0	0.0	0.764537139797	0.0	0.0	0.0	0.0	5.01213754884	0.0	0.0	0.764512225923	0.4323	5.03534277047	0.764469650671	0.607975225451	0.0	0.0	0.0	0.2323	0.0	0.0	0.0	2.110757091	0.0	0.0	8.63689895608	0.2323	11.1368003971	1.26157695865	0.0	0.0	0.0	0.0	0.0	0.0	2.89985279897	0.0	0.432331365062	0.0	0.0	1.03435207582	0.0	0.0	0.0	2.11072999432	0.0	0.0	0.0	0.2323	0.0	0.0	1.03434155203	0.0	0.0	0.0	0.607975225451	0.0	0.2323	0.0	0.0	0.0	0.0	0.764512225923	0.0	0.0	0.2323	0.0	0.0	0.764512225923	0.764512225923	0.0	0.0
TCGA-A7-A2KD	6.20200682417	7.43909569508	0.3306	0.0	0.0	0.0	0.0	0.0	0.0	0.0	0.0	0.0	0.82587416531	0.0	0.8258	10.8668368417	8.54641821259	7.52225075496	2.12026812457	11.3636537619	0.0	0.3306	0.5993	0.0	0.0	0.3306	0.0	4.93612519289	8.14583909478	6.35056558744	0.0	0.5993	0.3306	0.3306	0.0	0.3306	5.59639053511	0.0	0.0	0.0	4.56443704021	1.0215	0.0	0.3306	0.0	1.0215	1.19377104313	0.3306	1.02151804619	0.0	0.0	1.61361348214	0.0	3.84706254227	0.0	0.0	0.0	0.0	0.0	0.82587416531	0.0	4.08461052006	0.82579993229	0.0	10.2795875431	0.0	0.599386851736	0.0	12.2592424759	7.83693661453	8.67563161077	9.34075048162	0.0	0.0	0.3306	0.0	0.0	0.0	8.71327251594	0.3306	0.5993	0.0	5.48465986797	2.42696806468	18.8702019095	4.6556906726	0.0	0.0	0.0	0.0	0.0	0.0	0.599386851736	0.0	0.0	0.0	0.3306	0.0	0.0	0.3306	0.0	0.0	2.35617321647	0.3306	0.599386851736	6.43881432388	0.0	1.02151798707	5.41673215848	0.0	0.0	0.0	0.0	0.0	0.0	0.0	6.8367691906	8.57005675492	0.0	0.0	0.0	0.0	0.82579993229	1.93834697844	16.2616236814	6.29008708767	3.32376959319	4.82254111936	0.0	0.0	0.599386851736	0.0	0.0	0.0	0.0	4.48374292303	0.0	0.0	0.3306	0.0	4.65567843433	0.0	0.0	0.0	0.0	0.0	0.0	0.0	0.0	0.0	1.02151798707	0.0	0.0	6.89722618608	0.3306	8.73611972005	1.7302003359	0.0	0.0	0.0	0.0	0.0	0.0	1.93834697844	0.0	0.0	0.0	0.0	0.3306	0.0	0.0	0.0	0.3306	0.0	0.0	0.0	0.0	0.0	0.0	1.347685629	0.0	0.0	0.0	0.3306	0.0	0.0	0.0	0.0	0.0	0.3306	0.599386851736	0.0	0.0	0.0	0.0	0.0	2.12026688935	0.599386851736	0.0	0.0
TCGA-AR-A24S	5.01832249568	9.35368110929	0.0	0.0	0.0	0.5412	0.5412	0.0	0.0	0.0	0.0	0.0	0.93384816031	0.5412	0.0	12.4071737503	8.85641192828	6.76057077982	2.21468107432	11.7983402764	0.0	0.5412	1.2422	0.0	0.0	0.0	0.0	3.4613204005	8.25088042584	5.56776320342	0.0	0.0	0.0	0.0	0.0	0.5412	6.587008203	0.0	0.0	0.0	4.45547560532	0.5412	0.0	0.0	0.0	0.0	1.24217394878	1.2422	1.24217394878	0.0	0.0	1.71192383533	0.0	3.33686959167	0.0	0.0	0.0	0.0	0.0	0.5412	0.0	2.69205762608	0.93384816031	0.0	9.76786833389	0.0	0.0	0.0	12.8592324552	8.59792011474	9.60453587206	8.28284813262	0.0	0.0	0.5412	0.0	0.0	0.0	9.44033757503	0.0	1.71189660444	0.0	4.2636805663	3.68206568171	18.1812262505	5.4674338542	0.0	0.0	0.0	0.0	0.0	0.0	0.5412	0.0	0.0	0.0	0.0	0.0	0.0	0.0	1.71195706542	0.5412	1.496103484	1.49613859225	0.5412	6.74234293505	0.0	0.0	5.01833872124	0.0	0.0	0.0	0.0	0.0	0.0	0.0	6.57333400675	7.59999027406	0.0	0.0	0.0	0.0	0.5412	4.15724476075	15.8685599301	6.89360466123	2.47297986117	4.72744158398	0.0	0.0	0.93384816031	0.0	0.0	0.0	0.0	4.48505771042	0.0	0.0	0.0	0.0	6.32565294639	0.5412	1.49613859225	0.0	0.0	0.5412	0.0	0.0	0.0	0.0	0.93384816031	0.0	0.0	6.82572481356	1.2422	8.50340827444	0.5412	0.0	0.0	0.0	0.0	0.0	0.0	0.5412	0.0	0.0	0.0	0.0	0.0	0.5412	0.0	0.0	2.21461305245	0.0	0.0	0.0	0.0	0.0	0.0	0.5412	0.0	0.0	0.0	0.0	0.0	0.0	0.0	0.0	0.0	0.0	1.71191541616	0.0	0.0	1.496103484	0.0	0.0	1.49613859225	0.0	0.0	0.0
TCGA-AR-A1AP	4.43543722693	9.98701435962	0.0	0.0	0.0	0.0	0.0	0.0	0.0	0.0	0.0	0.0	1.02279631985	1.61528068465	0.0	11.4200133522	8.67629039613	7.71035619426	2.35826404821	12.3899730065	0.0	1.02279631985	1.34924077015	0.0	0.0	0.0	0.0	3.99657805979	7.8620658086	5.43651922292	0.6002	0.0	0.0	0.0	0.0	0.0	6.71014459685	0.0	0.0	0.0	4.65812262101	0.0	0.0	0.6002	0.0	0.0	0.6002	0.0	1.34924370507	0.0	0.0	1.83981398202	0.0	3.74228479773	0.0	0.0	0.0	0.0	0.0	2.03406446046	0.0	3.5649307104	0.6002	0.0	10.7753052279	0.0	0.0	0.0	12.2248819356	7.2689463342	9.18220263939	8.98768905365	0.6002	0.0	0.0	0.0	0.0	0.0	9.13263180368	0.0	0.6002	0.0	4.71596342849	1.61528068465	18.5432414399	5.15248096699	0.0	0.0	0.0	0.0	0.0	0.0	0.0	0.0	0.0	0.0	0.0	0.0	0.0	0.0	2.03405041403	0.0	2.62280923897	0.0	0.0	6.93362895951	0.0	0.0	4.46945411155	0.0	0.0	0.0	0.0	0.0	0.0	0.0	6.9518125874	8.86213760224	0.0	0.0	0.0	0.0	0.0	2.2052791859	14.1285709085	5.50367693579	2.49657912499	4.68736434485	0.0	0.0	0.6002	0.0	0.0	0.0	0.0	4.29082638848	0.0	0.0	0.6002	0.0	6.7997186297	0.0	0.0	0.0	0.0	0.0	0.0	0.0	0.0	0.0	1.02279631985	0.0	0.0	6.66683283054	0.6002	9.69982169026	1.34924370507	0.6002	0.0	0.0	0.0	0.0	0.0	2.20522277639	0.0	0.6002	0.0	0.0	0.6002	0.0	0.0	0.0	0.6002	0.0	0.0	0.0	0.0	0.0	0.0	1.61532749972	0.0	0.0	0.0	0.0	0.0	0.0	0.0	0.0	0.0	0.0	0.0	0.0	0.0	0.6002	0.6002	0.0	0.6002	0.0	0.0	0.0
TCGA-AR-A1AK	5.21266200365	7.88032594422	0.0	0.0	0.0	0.0	0.438767190484	0.0	0.0	0.438767190484	0.0	0.0	0.917351377473	1.47372390785	1.04711844943	13.2032471586	8.36556648223	6.3708930483	2.2426001142	12.8185445012	0.0	0.9174	4.28429250587	0.0	0.0	0.4388	0.0	4.05670473439	8.27741077389	6.04560186994	0.438767190484	0.0	0.236	0.0	0.0	0.236	7.47025502034	0.0	0.0	0.0	4.05670000401	0.0	0.0	0.616545145243	0.0	0.236	1.27615900915	0.236	1.04713997078	0.0	0.0	1.27612228429	0.0	4.18913273538	0.0	0.0	0.0	0.0	0.0	1.47370787641	0.0	4.1607637182	0.917374952449	0.0	11.1504661382	0.0	0.0	0.0	13.1202511122	8.13230551499	9.72389643808	7.76127863957	0.0	0.0	0.0	0.0	0.0	0.0	8.99100053799	0.4388	0.236	0.0	4.8264089482	3.45336477197	18.5037204126	4.64359639306	0.0	0.0	0.0	0.0	0.0	0.0	1.72717231942	0.0	0.0	0.0	0.6166	0.0	0.0	0.0	0.917419454782	0.236	1.80256136886	1.27615903108	0.0	7.21112150101	0.0	1.37835315658	4.70385194152	0.0	0.0	0.0	0.236	0.236	0.0	0.0	7.46151635332	7.49317144642	0.0	0.0	0.0	0.0	0.917327830227	2.95501307344	15.7776045441	6.78544681456	3.05095452315	5.59337011063	0.236	0.0	2.98767165435	0.0	0.0	0.236	0.0	3.92782419387	0.0	0.0	0.438767190484	0.236	6.65410779785	0.0	0.9174	0.0	0.0	0.0	0.0	0.0	0.0	0.0	0.917327830227	0.0	0.0	5.34473138722	0.236	8.88056140573	0.6166	0.0	0.0	0.0	0.0	0.0	0.0	0.236	0.0	0.0	0.0	0.0	0.616545145243	0.0	0.0	0.0	0.917374952449	0.0	0.0	0.0	0.236	0.0	0.0	1.64745819592	0.0	0.0	0.0	0.438767190484	0.236	0.0	0.0	0.0	0.0	0.0	1.47373353784	0.0	0.0	0.774773976185	0.0	0.0	1.56317922109	0.4388	0.0	0.0
TCGA-AC-A2BK	5.83209824652	7.35454134745	0.765281561873	0.0	0.0	0.0	0.7652	0.0	0.0	2.05254696579	0.0	0.0	0.4328	2.05249777055	3.47823630327	9.57596329353	3.80149260577	7.9293442461	3.23196684108	11.8010668934	0.0	0.0	1.45895908193	0.0	0.0	0.4328	0.0	5.42552105935	8.03703610227	7.25562932447	0.0	0.0	0.0	0.0	0.0	1.26267571469	5.16917002018	0.0	0.0	0.0	0.7652	0.0	0.0	1.9254	0.0	0.4328	0.4328	1.45893946432	2.47181392055	0.0	0.0	2.64319356127	0.0	3.6488990987	0.0	0.0	0.0	0.0	0.0	4.33908769519	0.0	1.92545103701	0.4328	0.0	8.14079582712	0.0	0.0	0.0	14.0038842829	8.88431332653	8.59688640831	9.7085465379	0.0	0.0	0.0	0.4328	0.0	0.0	9.11478419528	0.0	1.92545103701	0.0	7.41499226925	6.19099651633	18.55829774	5.47174744986	0.0	0.0	0.0	0.0	0.0	0.0	0.0	0.0	0.0	0.0	1.26267571469	0.4328	0.4328	0.0	0.4328	0.0	3.38472847919	0.0	0.4328	6.85471274183	0.765281561873	0.765281561873	1.45890865474	0.0	0.0	0.0	0.0	0.4328	0.0	0.0	4.9902193534	13.1996851423	0.0	0.0	0.0	0.0	0.0	2.37788369857	14.4247179789	4.26227363504	0.4328	8.38681005236	0.0	0.0	0.0	0.0	0.0	0.0	0.0	6.53916609205	0.0	0.0	0.0	0.0	3.64885839165	0.0	0.0	0.0	0.0	0.0	0.0	0.0	0.0	0.0	2.277375604	0.0	0.0	6.71757143268	0.0	8.82546845151	0.4328	0.0	1.92540134427	0.0	0.0	0.0	0.0	0.0	0.0	0.0	0.0	2.05253129577	0.0	0.7652	0.0	0.0	0.0	0.0	0.0	0.0	0.0	0.4328	0.0	3.23198978826	0.0	0.0	0.0	1.78611948817	0.0	0.0	0.0	0.0	0.0	0.0	0.765281561873	0.4328	0.0	0.0	0.0	0.0	1.63180693062	1.63173486595	0.0	0.0
TCGA-C8-A3M7	3.37716430308	6.92432410964	0.0	0.0	0.0	0.0	0.1975	0.0	0.0	0.1975	0.0	0.0	0.666163305418	0.0	0.0	10.4724940607	7.68321976987	5.99874029723	2.43334976421	8.84758907816	0.0	0.526197654941	0.6662	0.0	0.0	0.0	0.0	3.63738089816	7.30105058866	5.51570714936	0.1975	0.0	0.0	0.0	0.0	0.0	4.25144034863	0.0	0.0	0.0	3.91507192146	0.0	0.0	0.3712	0.0	0.1975	0.3712	0.1975	1.12020283268	0.0	0.0	0.0	0.0	2.12915843158	0.0	0.0	0.0	0.0	0.0	0.666154982538	0.0	2.6511970889	0.1975	0.0	12.6575845382	0.0	0.0	0.0	12.5719789247	6.81760866592	8.08350376006	8.00744369597	0.0	0.0	0.0	0.0	0.0	0.0	8.67553304303	0.1975	0.666163305418	0.0	4.4388354493	2.65119236788	17.2575369261	5.71420540208	0.0	0.0	0.0	0.0	0.0	0.0	0.0	0.0	0.0	0.0	0.526206825692	0.0	0.0	0.0	0.1975	0.0	1.38624985938	0.1975	0.371189789036	5.596668567	0.0	0.793729465984	4.14778939323	0.0	0.0	0.0	0.0	0.0	0.0	0.0	6.08231488069	8.83651873211	0.0	0.0	0.0	0.0	0.526197654941	1.30287858606	17.492355233	5.1126589159	2.98108289336	4.95780892363	0.0	0.0	0.1975	0.0	0.0	0.0	0.0	2.50966410311	0.0	0.0	0.0	0.1975	3.97009122297	0.0	0.0	0.0	0.0	0.0	0.0	0.0	0.0	0.0	1.12017152306	0.0	0.0	5.24133286335	0.5262	9.53118880964	0.666157110787	0.0	0.1975	0.0	0.0	0.0	0.0	0.1975	0.0	0.0	0.0	0.0	0.0	0.1975	0.0	0.0	0.666154982538	0.0	0.0	0.0	0.0	0.0	0.0	1.74308024578	0.0	0.0	0.0	0.3712	0.0	0.0	0.0	0.0	0.0	0.0	0.1975	0.0	0.0	0.793735136367	0.0	0.0	0.793742754847	0.371189789036	0.0	0.0
TCGA-C8-A12T	5.5629511159	7.35925565742	0.0	0.0	0.0	0.0	0.0	0.0	0.0	1.27075288897	0.4364	0.0	0.0	0.0	1.04241710797	10.203397562	9.29215722053	8.96509680617	2.28852757934	11.5839470272	0.0	0.0	2.94701512938	0.0	0.0	0.771	0.0	3.88518053909	7.84924815869	5.45090978855	0.0	0.4364	0.0	0.0	0.0	0.0	6.39856868648	0.0	0.0	0.0	4.81761204153	0.4364	0.0	0.4364	0.0	1.79603130332	0.4364	0.0	1.2708	0.0	0.0	1.93575350301	0.0	2.65499151283	0.0	0.0	0.0	0.0	0.0	0.770995390876	0.0	6.27235017881	0.4364	0.0	14.410211711	0.0	0.0	0.0	12.2954702272	7.29906425726	8.84614985676	8.97220919954	0.0	0.0	0.0	0.0	0.0	0.0	8.31381016518	0.0	0.770995390876	0.0	4.04804724033	3.13275951999	18.4044990461	3.85030383231	0.0	0.0	0.0	0.0	0.0	0.0	0.4364	0.0	0.0	0.0	0.0	0.0	0.0	0.0	0.771	0.0	1.79602823739	0.771	0.0	4.85327880112	0.0	1.04241710797	4.78094544989	0.0	0.0	0.0	0.0	0.0	0.0	0.0	6.37415889403	7.87552404439	0.0	0.0	0.0	0.0	0.0	2.48337654206	15.4707605925	5.08111964589	2.80839082357	4.01695068469	0.0	0.4364	0.4364	0.0	0.0	0.0	0.0	5.43925123219	0.0	0.0	0.0	0.771	4.6851688357	0.0	0.4364	0.0	0.0	0.0	0.771	0.0	0.4364	0.0	0.4364	0.0	0.4364	8.17081997091	0.0	10.0138198245	0.0	0.0	0.0	0.0	0.0	0.0	0.0	2.87932156379	0.0	0.0	0.0	0.0	0.4364	0.0	0.0	0.0	0.0	0.0	0.0	0.0	0.4364	0.0	0.0	0.770995390876	0.0	0.0	0.0	0.770995390876	0.0	0.0	0.0	0.0	0.0	0.0	0.4364	0.0	0.0	0.0	0.0	0.4364	1.64123214448	0.0	0.0	0.0
TCGA-E2-A1IF	5.74543320101	7.85740036649	0.0	0.0	0.0	0.0	0.0	0.0	0.0	0.0	0.0	0.0	2.23096760186	0.9438	0.0	12.5693047433	10.3882876996	5.8872430801	2.90023858558	12.793019995	0.9438	0.0	4.06191779539	0.0	0.0	0.0	0.0	4.64468524184	8.17117776715	4.88911703743	0.0	0.0	0.0	0.0	0.0	0.0	7.53700799816	0.0	0.9438	0.0	6.11575262915	0.0	0.0	1.50953190486	0.0	0.0	0.0	0.0	1.91490853442	0.0	0.0	0.0	0.0	3.5949745226	0.0	0.0	0.0	0.0	0.0	1.50953190486	0.0	2.23096760186	0.0	0.0	10.1274548354	0.0	0.0	0.0	12.1184388465	8.07562275623	9.85989293079	8.67679201312	0.0	0.0	0.0	0.0	0.0	0.0	9.3853949682	0.9438	0.0	0.0	4.53401024868	3.48027075621	18.0085139518	4.59042047843	0.0	0.0	0.0	0.0	0.0	0.0	0.0	0.0	0.0	0.0	0.0	0.0	0.0	0.0	1.9149	0.0	3.2192135381	0.0	0.0	7.81663290409	0.0	2.70968232097	6.65463565187	0.0	0.0	0.0	0.0	0.0	0.0	0.0	8.09522296308	7.82249497639	0.0	0.0	0.0	0.0	0.0	3.48025556189	15.5328651393	5.99564982206	5.05861187437	5.09806983158	0.0	1.50953190486	0.0	0.0	0.0	0.0	0.0	4.69700586229	0.0	0.0	1.50953190486	0.0	7.3859290125	0.0	0.0	0.0	0.0	0.0	0.0	0.0	0.0	0.0	0.0	0.0	0.0	5.56013070639	0.0	9.54194146336	2.2309607465	0.0	0.0	0.0	0.0	0.0	0.0	1.5096	0.0	0.0	0.0	0.0	1.50953190486	0.0	0.0	0.0	0.9438	0.0	0.0	0.0	0.0	0.0	0.0	1.9149	0.0	0.0	0.0	0.0	0.0	0.0	0.0	0.0	0.0	0.0	0.9438	0.0	0.0	1.50953190486	0.0	0.0	0.0	0.0	0.9438	0.0
TCGA-E2-A15A	5.5687561985	7.74071222676	0.0	0.0	0.0	0.0	0.0	0.8835	0.0	1.4274404408	0.0	0.0	0.0	0.8835	0.0	12.333002575	7.85569945652	7.80749820871	2.13070245938	11.9338601137	0.0	0.0	0.8835	0.8835	0.0	0.0	0.0	4.62381464558	8.6997299374	6.32935106103	0.0	0.8835	0.8835	0.0	0.0	0.8835	6.83544691101	0.0	0.0	0.0	3.94129741115	0.0	0.0	1.4274404408	0.0	1.4274404408	0.0	0.0	1.82149026563	0.0	0.0	2.38517608126	0.0	3.94127648876	0.0	0.8835	0.0	0.0	0.8835	2.38517608126	0.0	5.71512394217	0.0	0.0	10.3474491621	0.0	0.0	0.0	13.3382877987	7.7966045564	9.00979138823	9.37171717026	0.0	0.0	0.0	0.0	0.0	0.0	9.1896045556	0.0	1.4274404408	0.0	5.59422588364	3.58288722369	18.1541246963	5.34713964116	0.0	0.0	0.0	0.0	0.0	0.0	0.0	0.0	0.0	0.0	0.0	0.0	0.0	0.0	1.4274	0.0	2.95579741681	5.15524207711	0.0	5.71512549818	0.0	1.4274404408	4.52132037065	0.0	0.0	0.0	0.0	0.0	0.0	0.0	7.20938600784	9.12777718981	0.0	0.0	0.0	0.0	0.0	3.47739804922	15.1971219509	6.75876650236	1.82149026563	5.61919833857	0.0	0.0	0.8835	0.0	0.0	0.0	0.0	4.57351322849	0.0	0.0	0.8835	2.13072729682	4.41114512688	0.0	0.0	0.0	0.0	0.0	0.0	0.0	0.0	0.0	0.8835	0.0	0.0	7.53921163914	0.0	9.55785323432	0.0	0.0	0.8835	0.8835	0.0	0.0	0.0	0.8835	0.0	0.0	0.0	0.0	0.0	0.8835	0.0	0.0	0.8835	0.0	0.0	0.0	0.0	0.0	0.0	0.0	0.0	0.0	0.0	1.4274404408	0.0	0.0	0.8835	0.0	0.0	0.0	0.0	0.0	0.0	0.8835	0.0	0.0	1.82149026563	0.8835	0.0	0.0
TCGA-BH-A0DT	5.35840722688	7.40765162951	0.0	0.0	0.659971805335	0.0	0.0	0.0	0.0	0.0	0.0	0.0	0.0	0.3674	0.659971805335	12.2961266725	8.79774057992	6.89529114001	2.49583770717	11.0847213793	0.0	0.3674	1.45429525027	0.0	0.0	0.0	0.0	3.58747950208	8.32077743767	5.15028368023	0.3674	0.3674	0.0	0.0	0.0	0.3674	6.63821600933	0.0	0.0	0.0	4.72916984549	0.3674	0.0	0.659971805335	0.0	0.0	1.11110043238	0.0	1.29285754089	0.0	0.0	1.29289428662	0.0	3.36186805459	0.0	0.0	0.0	0.0	0.0	1.85212018797	0.0	3.47906130448	0.659971805335	0.0	13.0251449144	0.3674	0.0	0.0	13.2786245283	7.79251208165	8.58434474231	8.68739740272	0.0	0.0	0.0	0.0	0.0	0.0	8.96366914136	0.0	0.903121971711	0.0	4.41292083613	2.82589797106	17.7516841532	5.76459601885	0.0	0.0	0.0	0.0	0.0	0.0	0.659971805335	0.0	0.0	0.0	0.0	0.0	0.0	0.0	0.0	0.0	1.73130527365	4.05841691569	0.0	6.74348098017	0.0	1.29287610447	5.3584196066	0.0	0.0	0.0	0.0	0.0	0.0	0.0	7.35239320999	7.80944012093	0.0	0.0	0.0	0.0	0.659971805335	3.5874656487	14.9526353675	6.09350706526	3.68829184379	5.11447640001	0.0	0.659971805335	0.66	0.0	0.0	0.0	0.0	4.45164585313	0.0	0.0	1.45427514666	0.0	6.17107695991	0.0	0.66	0.0	0.0	0.0	0.0	0.0	0.0	0.0	0.659971805335	0.0	0.0	5.81007589497	0.0	9.08419959434	0.3674	0.0	0.0	0.0	0.0	0.0	0.3674	1.9636	0.0	0.0	0.0	0.3674	0.3674	0.0	0.0	0.0	0.903098149653	0.0	0.0	0.0	0.0	0.0	0.0	0.0	0.0	0.0	0.3674	0.3674	0.0	0.0	0.0	0.0	0.0	0.0	1.11110203429	0.0	0.0	0.0	0.0	0.0	1.59940516403	0.0	0.0	0.0
TCGA-E2-A14N	5.99130022451	7.78364330498	0.0	0.479	0.0	0.0	0.0	0.0	0.0	1.12521965904	0.0	0.0	0.479	1.56993719301	3.80689929572	13.1103757883	9.83266712587	6.16760629056	2.51744789588	11.2604531219	0.0	0.479	3.08445891454	0.0	0.0	0.838	0.0	5.63900158502	9.45529460782	6.34579616928	0.0	0.838	0.0	0.0	0.0	1.12520917792	7.42885415753	0.0	0.0	0.0	5.27816517015	0.479	0.0	0.479	0.479	0.837987210026	1.56999622221	0.479	3.21255349033	0.0	0.0	1.56992949224	0.0	3.49044633965	0.0	0.0	0.0	0.0	0.0	1.56993719301	0.0	3.99676177284	0.479	0.0	12.0459487525	0.0	0.0	0.0	13.7349261261	9.32668755577	10.5671773896	8.93116688994	0.0	0.0	0.0	0.0	0.0	0.0	9.4689982642	0.837987210026	1.12521965904	0.0	6.24455568233	6.57168978736	17.0364051382	5.67277582218	0.0	0.0	0.479	0.0	0.0	0.0	0.837987210026	0.0	0.0	0.0	0.0	0.0	0.0	0.0	1.56993719301	0.0	2.86803328079	0.479	0.838	9.18258588123	0.0	1.12521965904	6.24455847782	0.0	0.479	0.0	0.0	0.0	0.0	0.0	7.69046270324	7.8565425457	0.0	0.0	0.0	0.0	0.0	4.62223697778	17.196027841	9.19910660256	4.164573346	5.84079389484	0.0	0.0	1.12520917792	0.0	0.0	0.0	0.0	5.56894072599	0.0	0.0	1.12521965904	0.0	7.27594684571	0.479	1.3647	0.0	0.0	0.0	0.0	0.0	0.0	0.0	2.05324584152	0.0	0.0	6.06103137646	0.479	9.74935455991	1.90945190679	0.0	0.0	0.0	0.0	0.0	0.0	2.05324854402	0.0	0.0	0.0	0.0	2.51738415371	0.479	0.0	0.0	3.27256647245	0.0	0.0	0.0	0.0	0.479	0.0	3.27255645252	0.479	0.0	0.0	1.12520917792	0.0	0.0	0.0	0.0	0.0	0.0	0.838	0.0	0.0	0.479	0.0	0.0	1.74965533191	2.05324303541	0.0	0.0
TCGA-AR-A1AU	5.10044334612	7.34897225197	0.0	0.0	0.0	0.0	0.515749512737	0.0	0.0	0.0	0.0	0.0	1.75008699846	1.44309013873	2.46274227767	11.6564917639	7.81046012045	7.42307385792	1.65482519693	11.0406397487	0.0	0.717785091283	3.38615802707	0.0	0.0	0.2808	0.0	4.61015630601	8.70171516643	5.35647490444	0.2808	0.0	0.0	0.0	0.0	0.0	6.13765131621	0.0	0.0	0.0	4.00376742321	0.2808	0.0	0.5158	0.717785091283	0.515749512737	0.515749512737	0.0	0.7178	0.0	0.0	1.19492370341	0.0	3.32557567698	0.0	0.0	0.0	0.0	0.2808	1.32434726045	0.0	3.55385097303	0.5158	0.0	10.8194770428	0.0	0.0	0.0	13.2635253662	7.25669881598	9.23987403404	9.0535222312	0.0	0.0	0.2808	0.0	0.0	0.0	9.0030021176	0.894932972203	1.44311009589	0.0	5.13612797886	3.09102187117	17.9721378067	5.00711440237	0.0	0.0	0.2808	0.0	0.0	0.0	0.0	0.0	0.0	0.0	0.0	0.0	0.0	0.0	0.2808	0.2808	1.6548331588	4.11534522443	0.717741200102	6.29596598479	0.0	0.0	4.94812958787	0.0	0.0	0.0	0.0	0.0	0.0	0.0	6.92539227073	7.76557607308	0.0	0.0	0.0	0.0	0.2808	2.40534328798	15.3964929269	4.51845286424	3.12697296477	4.68437039385	0.895	0.0	0.894894152726	0.0	0.0	0.0	0.0	4.33086952456	0.0	0.0	0.717785091283	0.0	4.55843411012	0.515749512737	3.5800768659	0.0	0.0	0.0	0.0	0.0	0.0	0.0	1.05268844541	0.0	0.0	6.47741149361	0.0	9.20720418107	0.5158	0.0	0.0	0.0	0.0	0.0	0.2808	1.65486245273	0.0	0.0	0.0	0.0	0.2808	0.2808	0.0	0.0	1.32434726045	0.0	0.0	0.0	0.0	0.0	0.0	0.515749512737	0.0	0.0	0.0	0.0	0.0	0.0	0.0	0.0	0.0	0.0	0.7178	0.0	0.0	1.32438724193	0.0	0.0	1.05268844541	0.5158	0.0	0.0
TCGA-AO-A12A	5.53733801335	7.24822168888	0.3365	0.0	0.0	0.0	0.0	0.0	0.0	0.3365	0.0	0.0	0.3365	1.03615745662	1.20999364908	12.6589226917	9.55550966367	7.03365802155	2.22571546913	10.9720984953	0.3365	0.838402178709	3.84760706905	0.0	0.0	0.0	0.0	3.97353425568	7.78690722251	5.12449328962	0.0	0.6091	0.0	0.0	0.0	0.0	7.02495781885	0.0	0.3365	0.0	5.1882502948	0.838344273117	0.0	0.3365	1.03606836679	0.0	1.20992085035	0.0	1.3651	0.0	0.0	1.6329070652	0.0	2.76099813132	0.3365	0.0	0.0	0.0	0.0	1.03605647864	0.0	3.42204042375	0.0	0.0	12.3849126361	0.0	0.0	0.0	11.4662890163	8.28413869346	9.49589769084	8.61801445211	0.0	0.0	0.0	0.0	0.0	0.0	8.54377077872	0.3365	0.609167877902	0.0	4.60747151589	2.3792085202	17.4048134472	5.29826965334	0.0	0.0	0.0	0.0	0.0	0.0	0.3365	0.0	0.0	0.0	0.3365	0.0	0.0	0.3365	0.609167877902	0.0	1.85864972951	4.42547033122	0.3365	6.76412362142	0.0	1.75018114383	5.31741179111	0.0	0.0	0.0	0.0	0.0	0.0	0.0	7.41291832324	8.04971117384	0.0	0.0	0.0	0.0	1.21004458145	3.15054970834	15.0065564027	6.6135881502	3.58877084018	4.47742250162	0.0	0.0	1.03605647864	0.0	0.0	0.0	0.0	4.75511200044	0.0	0.0	0.609167877902	0.0	6.56635519642	0.0	0.0	0.0	0.0	0.0	0.0	0.0	0.0	0.0	1.95956330715	0.0	0.0	5.6244025152	0.0	9.35602342612	0.609167877902	0.0	0.0	0.0	0.0	0.0	0.0	1.75019804185	0.0	0.0	0.0	0.0	0.3365	0.0	0.0	0.0	4.13323716279	0.0	0.0	0.0	0.0	0.3365	0.0	0.838344273117	0.0	0.0	0.0	0.3365	0.0	0.0	0.0	0.0	0.0	0.0	0.6091	0.0	0.0	0.0	0.0	0.3365	2.05379875859	0.0	0.0	0.0
TCGA-BH-A18I	4.95083948398	7.71261885184	0.0	0.0	0.0	0.0	0.4489	0.0	0.0	1.82978416365	0.0	0.0	0.4489	0.0	0.7907	11.2046668896	8.85504901265	7.08787480811	1.82978416365	11.0290776386	0.0	0.790770536922	1.82979856392	0.0	0.0	0.0	0.0	3.2867732176	8.15820716247	5.38806215444	0.4489	0.0	0.4489	0.0	0.0	0.0	7.24192851095	0.0	0.0	0.0	4.95080554627	0.4489	0.0	0.0	0.0	0.790770536922	1.06689013733	0.0	1.49819962708	0.0	0.0	1.97079401624	0.0	2.92023239244	0.0	0.0	0.0	0.0	0.0	0.0	0.0	4.12298426909	0.0	0.0	11.6837434519	0.0	0.0	0.0	13.6203337251	7.70004689597	8.94645586836	8.04915367495	0.0	0.0	0.0	0.0	0.0	0.0	9.23995591142	0.0	0.4489	0.0	4.47041742299	3.17464840851	18.0476578554	5.73307345578	0.0	0.0	0.0	0.0	0.0	0.0	0.0	0.0	0.0	0.0	0.0	0.0	0.0	0.0	0.4489	0.4489	2.21716868264	0.0	0.0	7.00421158269	0.4489	0.790770536922	5.15676789697	0.0	0.0	0.0	0.0	0.0	0.0	0.0	6.53870757939	9.72310914292	0.0	0.0	0.0	0.0	0.0	2.6948135815	14.8995128623	5.94451071797	3.23180002014	5.17144269857	0.0	0.0	2.77389421513	0.0	0.0	0.0	0.0	4.93366965534	0.0	0.0	0.0	0.4489	4.82647507859	0.0	0.4489	0.0	0.0	0.0	0.0	0.0	0.0	0.0	0.4489	0.0	0.0	6.54438322104	0.0	9.7630594196	0.7907	0.4489	0.4489	0.0	0.0	0.0	0.0	1.49819962708	0.0	0.0	0.0	0.4489	1.0669	0.0	0.0	0.0	0.0	0.0	0.0	0.0	0.0	0.0	0.0	1.29861499886	0.4489	0.0	0.0	0.0	0.0	0.0	0.0	0.4489	0.0	0.0	0.4489	0.4489	0.0	0.0	0.0	0.0	1.67355398202	0.4489	0.0	0.0
TCGA-D8-A1Y1	6.00728756445	6.41421433256	0.0	0.0	0.0	0.0	0.0	0.0	0.0	1.47706119787	0.0	0.0	0.532	0.0	0.0	11.4133304491	9.3781716841	7.03087703739	2.5620115125	10.8090720391	0.532	0.0	3.4343728133	0.0	0.0	0.532	0.0	3.70490461058	8.40902105068	4.96921209537	0.0	0.0	0.0	0.0	0.0	0.532	7.87173044148	0.0	0.532	0.0	4.67395026032	0.532	0.0	0.0	0.0	0.532	1.87800484456	0.0	2.66704891475	0.0	0.0	1.47701286031	0.0	3.97419358533	0.0	0.0	0.0	0.0	0.0	2.44870630373	0.0	4.59625871737	0.532	0.0	11.8630574234	0.0	0.532	0.0	12.234616973	8.57176335539	9.0996374185	8.56158923506	0.0	0.0	0.0	0.0	0.0	0.0	8.95029876896	0.0	1.22514244224	0.0	5.16123927971	3.37360651275	17.5915862602	5.53874612451	0.0	0.0	0.0	0.0	0.0	0.0	0.532	0.0	0.0	0.0	0.0	0.0	0.0	0.0	1.47701886194	0.0	0.9198	4.90623517727	0.0	6.81932543598	0.0	0.0	6.70060465563	0.0	0.0	0.0	0.0	0.0	0.0	0.0	8.75268802402	8.1641223425	0.0	0.0	0.0	0.0	0.532	3.43441325162	13.8523383561	4.88464199991	2.3257943309	4.42716471072	0.0	0.0	1.22514244224	0.0	0.0	0.0	0.0	4.30229143935	0.0	0.0	0.532	0.0	4.42713772356	0.0	0.0	0.0	0.0	0.532	0.0	0.0	0.0	0.0	3.93260719302	0.0	0.0	6.42169605362	0.0	8.01296774793	0.919808830941	0.0	0.0	0.0	0.0	0.0	0.0	1.2252	0.0	0.0	0.0	0.0	0.0	0.532	0.0	0.0	0.0	0.0	0.0	0.0	0.0	0.0	0.0	1.22514958868	0.0	0.0	0.0	0.0	0.0	0.0	0.0	0.0	0.0	0.0	0.532	0.0	0.0	0.0	0.0	0.0	1.47701286031	0.919808830941	0.9198	0.532
TCGA-D8-A1JA	7.82222635499	6.64231281705	0.0	0.0	0.0	0.0	0.0	0.0	0.0	1.0866448409	0.0	0.0	0.6433	0.0	1.4253	10.0675534381	8.28418015733	7.2493648284	2.1280914722	12.517063491	0.0	1.92957624068	3.23700286648	0.0	0.0	0.0	0.0	5.04564308159	8.83158738826	5.71963181154	0.0	0.6433	0.0	0.0	0.0	0.0	6.99991345256	0.0	0.0	0.0	3.54549960393	0.0	0.0	0.0	0.0	0.0	0.6433	0.0	3.05390839479	0.0	0.0	3.67804662946	0.0	4.51817993314	0.0	0.6433	0.0	0.0	0.0	3.91144941483	0.0	5.06994073899	0.6433	0.0	12.5158193521	0.0	0.0	0.0	9.35669388889	5.44968355142	8.21765772517	9.88758545414	0.0	0.0	0.0	0.0	0.0	0.0	7.23864346278	0.6433	0.6433	0.0	4.32942081134	2.45816906128	18.1814131584	6.3950658679	0.0	0.0	0.0	0.0	0.0	0.0	0.6433	0.0	0.0	0.0	0.6433	0.0	0.0	0.0	0.6433	0.0	1.0866448409	0.6433	0.0	4.28856716564	0.0	1.0866448409	3.7400383285	0.0	0.0	0.0	0.0	0.0	0.0	0.0	6.98076211769	9.07343926028	0.0	0.0	0.0	0.0	0.0	2.8441345444	13.938201679	3.74005087136	1.42525905783	3.14837156466	0.0	0.0	0.0	0.0	0.0	0.0	0.0	4.48234700807	0.0	0.0	0.6433	1.0866	2.59862646576	0.0	0.6433	0.0	0.0	0.0	0.0	0.0	0.0	0.0	1.69934060803	0.0	0.0	7.28097568505	0.6433	9.36286409006	0.6433	0.0	0.0	0.0	0.0	0.0	0.0	2.59866441482	0.0	0.0	0.0	0.0	0.0	1.0866	0.0	0.0	2.12809428766	0.0	0.0	0.0	1.0866448409	1.0866	0.0	0.0	0.0	0.0	0.0	0.6433	0.0	0.0	0.0	0.0	0.0	0.0	0.6433	0.0	0.0	0.6433	0.0	0.0	0.6433	0.0	0.0	0.0
TCGA-BH-A1EW	4.94129270697	7.71769471398	1.05269939848	0.0	0.0	0.0	0.0	0.0	0.0	0.4416	0.0	0.0	1.81013949498	3.97112507029	0.4416	11.8037540294	8.66546914497	7.0568913152	2.58823046061	11.5592837916	0.0	0.0	1.95047539311	0.0	0.0	0.0	0.0	4.29441398881	7.90181404544	6.24504698486	0.0	0.0	0.0	0.0	0.0	0.4416	6.43613288466	0.0	0.0	0.0	4.58014073198	0.0	0.0	0.7793	0.0	0.0	0.0	0.0	1.48063034399	0.0	0.0	1.65480988462	0.0	2.58832175697	0.0	0.0	0.0	0.0	0.0	1.05264476864	0.0	4.09724340537	0.0	0.0	12.0280386107	0.0	0.7793	0.0	13.619548688	6.82133597441	8.43556330304	8.73138362079	0.0	0.0	0.0	0.4416	0.0	0.0	8.7313683734	0.0	1.28245005753	0.0	3.2074056685	2.58831967993	17.7865602709	3.90372089131	0.0	0.0	0.0	0.0	0.0	0.0	1.65478259536	0.0	0.0	0.0	0.4416	0.0	0.0	0.0	1.2824505705	0.0	3.55382592815	0.0	0.0	6.43616953022	0.0	1.2824034703	4.03556074753	0.0	0.0	0.4416	0.0	0.0	0.0	0.0	6.82592427982	7.73962236304	0.0	0.0	0.0	0.0	0.0	3.50911530131	16.1827464199	6.51168348155	3.31513584686	4.78141306661	0.0	0.4416	0.779233971256	0.0	0.0	0.0	0.0	4.99085706968	0.0	0.0	0.0	0.779233971256	5.67629011297	0.0	0.0	0.0	0.0	0.4416	0.0	0.0	0.0	0.0	0.4416	0.0	0.0	7.1027236533	0.0	9.80261478199	0.4416	0.0	0.0	0.0	0.0	0.0	0.0	1.0527	0.0	0.0	0.0	0.0	0.4416	0.0	0.0	0.0	2.82542695124	0.0	0.0	0.0	0.0	0.0	0.0	1.05269939848	0.0	0.0	0.4416	0.0	0.4416	0.0	0.0	0.0	0.0	0.0	0.779233971256	0.0	0.0	0.779233971256	0.0	0.0	1.2824034703	0.0	0.0	0.0
TCGA-EW-A1OX	5.53146861481	9.63118473567	0.0	0.0	0.0	0.0	0.0	0.0	0.0	0.92759752306	0.0	0.0	0.2021	2.38119850251	0.2021	10.5575752153	5.23008673322	6.52757039243	1.32399212251	11.7995200919	0.0	0.0	3.38842632003	0.0	0.0	0.2021	0.0	1.40810268451	6.46514552776	4.510942265	0.0	0.8088	0.2021	0.0	0.0	0.0	5.90531775972	0.0	0.0	0.0	0.927612358488	0.2021	0.0	0.0	0.0	0.379336227957	0.808859056917	0.0	1.56295568053	0.0	0.0	1.4080972749	0.0	3.54529198464	0.0	0.0	0.0	0.0	0.379336227957	0.0	0.0	4.0562019842	0.379336227957	0.0	10.7351498177	0.0	0.0	0.0	11.1513894818	6.52998332672	9.76411278787	5.36252773318	0.0	0.0	0.2021	0.0	0.0	0.0	7.49350128046	0.0	0.537129268348	0.0	2.81019560334	1.23463450306	17.9133110915	6.03334617957	0.0	0.0	0.0	0.0	0.0	0.0	0.0	0.0	0.0	0.0	0.2021	0.0	0.0	0.0	0.0	0.0	0.379336227957	5.10962197601	0.0	2.8102243169	0.0	0.537129268348	1.76791316759	0.0	0.0	0.2021	0.0	0.0	0.0	0.0	5.96205376322	5.40920657465	0.0	0.0	0.0	0.0	0.0	1.03736638249	13.1384914929	0.808859056917	0.537129268348	3.42923143977	0.0	0.0	1.23461645517	0.0	0.0	0.0	0.0	4.01658401974	0.0	0.0	0.0	0.0	4.52039723498	0.0	0.0	0.0	0.0	0.0	0.0	0.0	0.0	0.0	1.1393704898	0.0	0.0	6.35814533539	0.0	9.39711666877	0.2021	0.0	0.0	0.0	0.0	0.0	0.0	1.70273817485	0.0	0.0	0.0	0.0	0.2021	0.9276	0.0	0.0	0.0	0.0	0.0	0.0	0.0	0.2021	0.0	0.9276419738	0.0	0.0	0.0	0.379336227957	0.0	0.0	0.0	0.0	0.0	0.0	0.5371	0.0	0.0	0.0	0.0	0.0	1.32396187319	0.2021	0.0	0.0
TCGA-E9-A1RD	3.12858404344	7.93874149033	0.0	0.0	0.0	0.0	0.0	0.0	0.0	0.1968	0.0	0.0	1.21122495849	0.0	0.0	8.16127079634	7.88889977478	6.68250787781	1.29948056501	11.9689067216	0.0	0.3699	0.1968	0.0	0.0	0.3699	0.0	3.59778223052	5.36930901538	4.77113174976	0.0	0.0	0.0	0.0	0.0	0.0	5.80604323073	0.0	0.0	0.0	3.83785151633	0.0	0.0	0.0	0.0	0.0	0.1968	0.1968	2.21832456399	0.0	0.0	1.29952266206	0.0	1.29948647233	0.0	0.1968	0.0	0.0	0.0	0.369948354897	0.0	4.6587902449	0.0	0.0	12.5132871304	0.0	0.0	0.0	12.3973709505	5.6383976296	7.17653697138	9.0976749381	0.0	0.0	0.0	0.0	0.0	0.0	7.87543297489	0.524481514055	0.0	0.0	1.60689542009	0.5245	17.9122141827	4.44309063656	0.0	0.0	0.0	0.0	0.0	0.1968	0.3699	0.0	0.0	0.0	0.0	0.0	0.0	0.0	0.66410801334	0.0	0.369948354897	0.1968	0.0	3.9915651223	0.0	0.3699	3.15251049428	0.0	0.0	0.524481514055	0.0	0.0	0.0	0.0	5.92189608594	8.45419565365	0.0	0.0	0.0	0.0	0.0	0.1968	14.8960999036	3.10421124383	2.89345495165	4.04363965222	0.0	0.0	0.3699	0.0	0.0	0.0	0.0	4.4719183869	0.0	0.0	0.1968	0.3699	0.9083	0.0	0.0	0.0	0.0	0.0	0.524481514055	0.0	0.0	0.0	0.3699	0.0	0.0	6.43938403225	0.0	9.70186909837	0.791382958103	0.0	0.0	0.0	0.0	0.0	0.0	0.1968	0.0	0.0	0.0	0.0	0.0	0.0	0.0	0.0	0.0	0.0	0.0	0.0	0.1968	0.1968	0.0	0.369948354897	0.0	0.0	0.1968	0.66410801334	0.0	0.0	0.0	0.0	0.0	0.0	0.1968	0.0	0.0	0.0	0.0	0.0	1.01651288206	0.1968	0.0	0.0
TCGA-AR-A254	5.60108759745	9.45911857331	0.0	0.2277	0.0	0.0	0.0	0.0	0.0	0.0	0.0	0.0	0.0	3.03246805354	0.8914	11.311720763	8.51138000961	6.76917852535	1.34430577794	12.5680731685	0.0	0.59739379298	0.891400394185	0.0	0.0	0.2277	0.0	4.76362259294	7.84748272234	5.16528454813	0.0	0.7519	0.0	0.0	0.0	0.424312987011	6.64896063811	0.0	0.0	0.0	4.45038344517	0.0	0.0	0.0	0.0	0.2277	0.424312987011	1.2436467002	2.69428362245	0.0	0.0	1.34421687818	0.0	4.24452365616	0.2277	0.2277	0.0	0.0	0.0	0.2277	0.0	5.15844870138	0.2277	0.0	15.9725811401	0.0	0.4244	0.0	12.0567523729	7.90526034378	9.38172396157	9.0612582652	0.0	0.0	0.0	0.0	0.0	0.0	8.701136284	0.7519	0.4244	0.0	5.41124742823	4.36917309265	18.0740141676	4.32059677303	0.0	0.0	0.0	0.0	0.0	0.0	0.2277	0.0	0.0	0.0	0.424312987011	0.0	0.0	0.0	0.4244	0.2277	2.73185364836	0.2277	0.0	6.11336705096	0.597316612711	1.24360520511	5.17899388149	0.0	0.0	0.0	0.0	0.0	0.0	0.0	7.31762024307	7.92570227798	0.0	0.0	0.0	0.0	0.891415436268	2.14404555312	15.0044185347	6.68297162787	2.65562101084	4.19151325459	0.2277	0.59739379298	0.0	0.0	0.0	0.4244	0.0	3.97327300091	0.0	0.0	0.424312987011	2.44523039996	6.10259721622	0.0	0.4244	0.0	0.0	1.24368477682	0.0	0.0	0.0	0.0	0.4244	0.0	0.0	7.27525488	0.0	9.61258130744	0.891400394185	0.2277	0.2277	0.0	0.0	0.0	0.0	1.96606588075	0.0	0.751852805197	0.0	0.0	0.4244	0.4244	0.0	0.0	2.44519539933	0.0	0.0	0.0	0.424312987011	0.0	0.0	1.01861163432	0.0	0.0	0.0	0.597316612711	0.0	0.0	0.0	0.0	0.0	0.0	1.52652825697	0.0	0.0	1.24361313713	0.0	0.0	2.35161847115	0.0	0.2277	0.0
TCGA-GM-A2DI	3.61907968685	6.29197342627	0.1861	0.0	0.0	0.0	0.0	0.0	0.0	1.40693416293	0.0	0.0	0.350913777059	0.1861	0.0	10.0515881858	7.97295611963	7.57185423051	1.96004021604	10.7853830757	0.0	0.1861	0.0	0.0	0.0	0.3508	0.0	3.23215195934	7.86716221668	6.57838163121	0.0	0.0	0.1861	0.0	0.0	0.632848791937	5.26453038991	0.0	0.0	0.0	4.54219232224	0.3508	0.0	0.498712122399	0.6328	0.0	0.1861	0.1861	2.27926407167	0.0	0.0	0.973417937964	0.0	1.32999575488	0.0	0.1861	0.0	0.0	0.0	0.973491836193	0.0	4.28131263383	0.498712122399	0.0	10.8194105534	0.0	0.0	0.0	14.3667814776	7.71580090766	8.85127729514	8.39362054146	0.0	0.0	0.0	0.0	0.0	0.0	9.29490979436	0.1861	1.54945086422	0.0	3.12237206487	2.3969999463	17.8972043814	3.63514618602	0.0	0.0	0.0	0.0	0.0	0.0	0.1861	0.0	0.0	0.1861	0.1861	0.0	0.0	0.0	0.3508	0.1861	3.56971872437	0.3508	0.0	5.52388815879	0.350913777059	1.1627458063	4.35110419372	0.0	0.0	0.1861	0.0	0.0	0.0	0.0	6.08234920759	8.13500532007	0.0	0.0	0.0	0.0	1.16275937983	2.19496592817	16.7057166669	8.05881732687	4.25032359121	5.60366186435	0.0	0.0	0.0	0.0	0.0	0.0	0.0	3.75763494713	0.1861	0.0	0.498814812927	0.0	3.05228010759	0.0	0.0	0.0	0.0	0.0	0.498712122399	0.0	0.0	0.0	2.10553286257	0.0	0.0	6.1895952418	0.0	8.8555566415	0.973482166609	0.0	0.0	0.0	0.0	0.0	0.0	0.4987	0.3508	0.0	0.0	0.0	0.0	0.0	0.0	0.1861	0.632953410684	0.0	0.0	0.0	0.350913777059	0.1861	0.0	1.85412995131	0.0	0.0	0.0	0.0	0.0	0.0	0.0	0.0	0.0	0.0	0.1861	0.0	0.0	0.498712122399	0.0	0.0	1.54947591061	0.3508	0.1861	0.0
TCGA-AR-A24W	4.14839314298	8.90385919727	0.0	0.0	0.0	0.0	0.0	0.0	0.0	0.0	0.0	0.0	0.0	0.7887	1.6702	11.5818745723	9.10404013466	6.82997032262	2.42364141849	11.4774828451	0.0	0.0	3.95891932636	0.0	0.0	0.0	0.0	3.95888279239	7.83742739819	4.20640494917	0.0	0.0	0.0	0.0	0.0	0.0	5.75782454291	0.0	0.0	0.0	4.2064373229	0.0	0.0	0.0	0.0	0.0	0.7887	0.7887	1.96720705985	0.0	0.0	0.7887	0.0	0.7887	0.0	0.0	0.0	0.0	0.0	1.96720705985	0.0	2.76979615013	0.0	0.0	13.1246865423	0.0	0.0	0.0	13.1497686839	7.21619180407	8.2358917575	9.33290150237	0.0	0.0	0.0	0.0	0.0	0.0	8.51373748658	0.7887	1.67018378342	0.0	1.29574313441	0.0	16.5491250899	2.60709409283	0.0	0.0	0.0	0.0	0.0	0.0	1.6702	0.0	0.0	0.0	0.0	0.0	0.0	0.0	0.7887	0.0	2.76981844532	1.2958	0.0	6.03894243829	0.0	1.2958	4.31585255151	0.0	0.0	0.0	0.0	0.0	0.0	0.0	6.45249758338	8.66876844672	0.0	0.0	0.0	0.0	0.0	2.42364141849	15.577025649	3.88975909982	3.65996481216	3.81719263377	0.0	0.0	1.29574313441	0.0	0.0	0.0	0.0	5.10712174811	0.0	0.0	0.0	0.0	6.30100868927	0.0	0.7887	0.0	0.0	0.0	0.0	0.0	1.2958	0.0	1.67022764998	0.0	0.0	5.86976207713	0.7887	9.48272531379	0.7887	0.0	0.0	0.0	0.0	0.0	0.0	2.21337907242	0.0	0.0	0.0	0.0	0.0	0.0	0.0	0.0	0.0	0.0	0.0	0.0	0.0	0.0	0.0	0.0	0.0	0.0	0.0	0.0	0.0	0.0	0.0	0.0	0.0	0.0	1.6702	0.0	0.0	1.29574313441	0.0	0.0	1.67018378342	0.0	0.0	0.0
TCGA-D8-A1J8	6.23859688355	6.69219783412	0.0	0.0	0.0	0.0	0.4225	0.0	0.0	0.4225	0.4225	0.0	1.01488659938	0.4225	0.4225	10.9612776934	7.99329390578	7.3573132684	2.24566075718	11.1461092809	0.4225	0.748887137029	3.34852934555	0.0	0.0	0.0	0.0	3.3485751507	8.40160146504	5.65341512476	0.0	0.7489	0.0	0.0	0.0	0.4225	6.32684705453	0.0	0.0	0.0	3.69018050716	0.4225	0.0	0.4225	0.0	0.7489	0.0	0.0	2.90005078953	0.4225	0.0	1.43362987266	0.0	3.57136199897	0.0	0.0	0.0	0.0	0.0	2.02217544579	0.0	3.76428185705	0.4225	0.0	12.5576545002	0.0	0.0	0.0	12.9973977427	7.97000023899	9.28922099487	7.9303010519	0.0	0.0	0.0	0.0	0.0	0.0	9.08570508598	0.0	0.748887137029	0.0	4.95139457996	2.90002690436	17.9098531807	6.76171236197	0.0	0.0	0.0	0.0	0.0	0.0	1.0148	0.0	0.0	0.0	0.4225	0.0	0.0	0.0	0.4225	0.0	1.23940234906	0.0	0.4225	5.48828121952	0.0	0.0	4.05751219355	0.0	0.0	0.0	0.0	0.0	0.0	0.0	7.3147238757	8.77766279025	0.0	0.0	0.0	0.0	0.4225	1.75766059254	15.6088299088	7.01420322657	1.43354041581	5.31419385925	0.0	0.0	0.4225	0.0	0.0	0.0	0.0	4.44321194352	0.0	0.0	0.0	0.0	2.9000467081	0.0	0.0	0.0	0.0	0.0	0.4225	0.0	0.0	0.0	0.748887137029	0.0	0.0	5.89527764945	0.0	9.31645805806	0.7489	0.0	0.0	0.0	0.0	0.0	0.0	0.7489	0.0	0.0	0.0	0.0	0.4225	0.4225	0.4225	0.0	0.748887137029	0.0	0.0	0.0	0.0	0.0	0.0	1.23940234906	0.4225	0.0	0.0	0.0	0.0	0.0	0.0	0.4225	0.0	0.0	0.0	0.0	0.0	0.0	0.0	0.0	1.43362187033	0.0	0.0	0.0
TCGA-BH-A1F2	6.13432833274	7.73877396275	0.0	0.0	0.0	0.0	0.0	0.0	0.0	1.05787109144	0.0	0.0	0.6238	0.0	2.68030078507	12.3624443805	9.788596134	6.64382771394	3.18818177361	11.6891418363	0.0	0.0	3.4955	0.0	0.0	0.0	0.0	4.10678548018	9.65072628859	5.76970504681	0.0	1.0579	0.0	0.0	0.0	0.0	6.47863913857	0.0	0.0	0.0	5.52043167258	1.88940337542	0.0	0.0	1.0579	0.0	1.0579	1.05787109144	3.35002684618	0.0	0.0	1.66163836202	0.0	3.74871986613	0.0	0.0	0.0	0.0	0.0	1.88942156092	0.0	3.91316841118	0.0	0.0	12.3505171834	0.0	0.0	0.0	12.6586099145	7.31746651328	9.68998209108	9.20879444129	0.0	0.0	0.0	0.0	0.0	0.0	8.98527662611	1.05787109144	0.0	0.0	5.43280683333	2.6802424137	18.0368549746	4.66358434137	0.0	0.0	0.0	1.05787109144	0.0	0.0	0.0	0.0	0.0	0.0	0.0	0.0	0.0	0.0	0.0	0.0	0.6238	1.05787109144	1.05787109144	6.41602195946	0.0	0.0	6.31181681025	0.0	0.0	0.0	0.0	0.0	0.0	0.0	7.16808806516	7.778423025	0.0	0.0	0.0	0.0	0.0	3.09992886751	15.6711530988	4.56812214362	3.86039367765	4.43011749257	0.0	0.6238	0.0	0.0	0.0	0.0	0.0	3.74870752651	0.0	0.0	1.39112290891	0.0	7.81354666525	0.0	0.6238	0.0	0.0	0.0	0.0	0.0	0.0	0.0	0.6238	0.0	0.0	6.25162517021	0.0	8.26043542391	1.0579	0.0	0.0	0.0	0.0	0.0	0.0	2.41355515235	0.0	0.0	0.0	0.0	0.6238	1.0579	0.0	0.0	0.6238	0.0	0.0	0.0	0.0	0.0	0.0	1.05787109144	0.6238	0.0	0.0	0.6238	0.0	0.0	0.0	0.0	0.0	0.0	1.0579	0.0	0.0	1.39112290891	0.6238	0.0	1.6616193389	0.0	0.0	0.0
TCGA-BH-A0BR	5.45243919995	6.93414899313	0.0	0.0	0.4189	0.0	0.4189	0.0	0.0	0.0	0.0	0.0	1.00768085645	2.12729466204	0.743140641365	11.8115448367	9.40124347738	7.28524755974	3.23615527301	11.890224246	0.0	0.4189	3.12912273069	0.0	0.0	0.0	0.0	4.15752093303	7.63004953339	5.07381120344	0.0	0.4189	0.0	0.0	0.0	0.0	6.80098488631	0.0	0.0	0.0	5.08817344812	0.4189	0.0	0.0	0.0	0.4189	0.7431	0.0	1.00771468805	0.4189	0.0	0.743140641365	0.0	1.74773029983	0.0	0.743140641365	0.0	0.0	0.0	0.0	0.0	4.07333371603	0.0	0.0	11.4804721249	0.0	0.0	0.0	11.8522413407	7.83123104861	9.47342998212	8.86398210377	0.4189	0.0	0.4189	0.0	0.0	0.0	8.47343766171	0.0	0.4189	0.0	2.82057980274	2.01157364052	17.8538654845	5.86481010992	0.0	0.0	0.0	0.0	0.0	0.0	1.59526232938	0.0	0.0	0.0	0.0	0.0	0.0	0.0	1.59517206721	0.0	2.0115943941	0.0	0.0	5.22442672578	0.0	0.4189	5.11651361371	0.0	0.0	0.0	0.0	0.4189	0.0	0.0	6.59516113223	8.55323837686	0.0	0.0	0.0	0.0	0.4189	2.6759764166	15.1152868719	5.41876114968	3.47343679519	3.33575060489	0.0	0.4189	0.4189	0.0	0.0	0.0	0.0	5.34893477461	0.0	0.0	0.4189	0.0	6.21160674944	0.0	1.00768085645	0.0	0.0	0.0	0.4189	0.0	0.0	0.0	1.00768085645	0.0	0.0	6.36099260188	0.0	10.3392036565	0.7431	0.0	0.0	0.4189	0.0	0.0	0.0	1.42463808926	0.0	0.0	0.0	0.0	0.4189	0.0	0.0	0.0	1.59521709684	0.0	0.0	0.0	0.4189	0.4189	0.0	0.7431	0.0	0.0	0.0	0.4189	0.0	0.0	0.0	0.0	0.0	0.0	0.0	0.0	0.0	2.23452650206	0.0	0.0	1.00768085645	0.0	0.0	0.0
TCGA-A7-A3IY	6.9290566579	7.69456256598	0.4279	0.0	0.0	0.0	0.0	0.0	0.0	0.0	0.0	0.0	0.757490907808	1.77280126178	1.02570192791	11.9614530069	8.95071090125	7.14154148529	2.85111461478	12.0659606311	0.4279	0.7576	1.77277559813	0.4279	0.0	0.4279	0.0	5.37161608814	8.29552153329	6.79197343501	0.0	0.4279	0.0	0.0	0.0	0.0	6.96142012628	0.0	0.0	0.0	4.98792361467	0.757490907808	0.0	0.4279	0.0	0.0	1.44711654374	0.0	1.77280011314	0.0	0.0	0.4279	0.0	3.63170797836	0.0	0.0	0.0	0.0	0.0	1.77274947721	0.0	4.19105514474	0.0	0.0	11.1866252915	0.0	0.0	0.0	11.7638877618	7.82332971359	9.15063861904	9.37205586952	0.0	0.0	0.0	0.0	0.0	0.0	8.78892954521	0.0	1.02561133709	0.0	5.15102496998	3.92199417905	18.2656504555	6.07994139354	0.0	0.0	0.0	0.0	0.0	0.0	1.02570192791	0.0	0.0	0.0	0.0	0.0	0.0	0.0	0.0	0.0	2.36279462504	5.01896125913	0.0	6.73227227274	0.757490907808	1.61907094306	6.16568406911	0.0	0.0	0.0	0.0	0.0	0.0	0.0	8.46581340896	8.56388891731	0.0	0.0	0.0	0.0	0.0	2.62750047323	16.635997938	5.9808640605	3.74748910712	5.4072696081	0.0	0.0	1.25170314088	0.0	0.0	0.0	0.0	5.50924829167	0.0	0.0	0.0	0.0	5.39551238329	0.0	0.0	0.0	0.0	0.0	0.0	0.0	0.0	0.0	1.02570192791	0.0	0.0	7.0468017267	0.0	8.5453531727	1.77277559813	0.0	0.0	0.0	0.0	0.0	0.0	1.0257	0.0	0.4279	0.0	0.0	0.757490907808	0.0	0.0	0.0	0.0	0.0	0.0	0.0	0.0	0.0	0.0	1.4470461577	0.0	0.0	0.0	0.4279	0.0	0.0	0.0	0.0	0.0	0.0	1.44704746121	0.0	0.0	0.0	0.4279	0.0	1.25162568596	0.757490907808	0.4279	0.0
TCGA-E9-A1RH	5.26856081983	6.86502227581	0.0	0.573	0.0	0.0	0.0	0.0	0.0	1.3004	0.0	0.0	0.573	1.30030854486	1.97299051278	9.78889603288	9.5451201294	7.98637277929	2.9684351382	12.0296239575	0.0	0.0	3.66707082857	0.0	0.0	0.573	0.0	5.07343932194	8.69694118245	6.2122685124	0.0	0.982	0.0	0.0	0.0	0.0	6.3736892919	0.0	0.0	0.0	5.74587268981	0.573	0.0	0.982018845742	0.0	0.573	0.982018845742	0.0	2.8756117458	0.573	0.0	0.573	0.0	4.13580225368	0.982	0.573	0.0	0.0	0.0	4.39178742176	0.0	4.63769557821	0.0	0.0	11.1104270367	0.0	0.0	0.0	11.9321669071	8.08032752895	9.4223063407	9.71793121441	0.0	0.0	0.0	0.0	0.0	0.0	9.66434476539	0.0	1.30032365934	0.0	4.09519048164	2.29304319547	18.1871766556	4.2136961971	0.0	0.0	0.0	0.0	0.0	0.0	0.0	0.0	0.0	0.0	0.573	0.982018845742	0.0	0.0	1.56092486246	0.0	3.35966219359	0.0	0.0	5.67877664599	0.0	0.573	5.07343468628	0.0	0.0	0.573	0.0	0.0	0.0	0.0	7.09341708676	7.28149966343	0.0	0.0	0.0	0.0	0.0	4.17527734719	14.4126674681	4.17526960641	3.61062141344	3.96612336953	0.573	1.30032365934	0.573	0.0	0.0	0.0	0.0	2.96846028258	0.0	0.0	0.0	0.0	3.72143554349	1.56091224581	2.4299592384	0.0	0.0	0.0	0.0	0.573	0.0	0.0	0.982018845742	0.0	0.0	7.54149333144	0.0	9.64427627244	1.30030854486	0.0	0.0	0.0	0.0	0.0	0.0	2.42993587774	0.0	0.0	0.0	0.0	0.573	0.0	0.0	0.0	3.77382076091	0.0	0.0	0.0	0.573	1.56093747901	0.0	0.0	0.0	0.0	0.0	1.30032365934	0.0	0.0	0.0	0.0	0.0	0.0	0.982	0.0	0.0	0.0	0.0	0.0	1.78158759316	0.0	0.0	0.0
TCGA-BH-A18V	5.36095479256	7.98381480743	0.0	0.8246	0.0	0.0	0.0	0.0	0.0	0.0	0.8246	0.0	1.72819559543	0.0	2.2796	11.7319441742	8.34365898807	7.93921817597	2.98913805694	11.8532870731	0.0	0.8246	1.72826166096	0.0	0.0	0.0	0.0	4.49765035123	8.69727106251	6.30162274551	0.0	0.0	0.0	0.0	0.0	0.0	7.81627619913	0.0	0.0	0.0	4.22769090815	0.0	0.0	0.8246	0.0	0.0	0.8246	0.0	2.49225601606	0.0	0.0	3.24519205088	0.0	3.65154191011	0.0	0.0	0.0	0.0	0.0	1.72826166096	0.0	3.65149716419	0.8246	0.0	16.2201131656	0.0	0.0	0.0	13.3096675788	8.98540553933	9.96296778988	9.39699519159	0.0	0.0	0.0	0.0	0.0	0.0	9.61270070935	0.0	0.0	0.0	7.01981811602	6.16877275371	17.774189979	4.80677263297	0.0	0.0	0.0	0.0	0.0	0.0	3.24516284966	0.0	0.0	0.0	0.8246	0.0	0.0	0.0	0.8246	0.0	2.27965289354	0.8246	0.8246	8.50241821447	0.0	0.8246	4.34181386102	0.0	0.0	0.0	0.0	0.0	0.0	0.0	6.46162244353	8.88778146218	0.0	0.0	0.0	0.0	0.8246	4.03752948468	14.5832243318	6.88515604386	3.24525013407	5.82070135862	0.0	0.8246	0.0	0.0	0.0	0.0	0.0	4.9575437513	0.0	0.0	1.34601389665	0.0	5.33362033624	0.0	0.0	0.0	0.0	1.7283	0.8246	0.0	0.0	0.0	1.72826166096	0.0	0.0	7.32746227869	0.0	11.231101474	0.0	0.0	0.8246	0.0	0.0	0.0	0.0	1.3461	0.0	0.0	0.0	0.0	0.8246	0.8246	0.0	0.0	2.27958165078	0.0	0.0	0.0	0.8246	0.0	0.0	1.3461	0.0	0.0	0.0	0.0	0.0	0.0	0.0	0.0	0.0	0.0	1.72826166096	0.0	0.0	0.0	0.0	0.0	0.0	0.0	0.0	0.0
TCGA-A7-A26J	5.247046117	8.49612801515	0.0	0.4425	0.4425	0.0	0.0	0.0	0.0	1.05444662873	0.0	0.0	1.0544119878	0.4425	0.7807	11.5069356475	8.50757102022	6.29540628863	2.30711364967	11.521157822	0.0	0.0	2.9673	0.0	0.0	0.0	0.0	4.13040923147	7.75992919766	4.42377296664	0.0	0.0	0.0	0.0	0.0	0.0	6.86535255169	0.0	0.0	0.0	4.47121704609	0.0	0.0	0.4425	0.0	0.0	0.0	0.7807	1.95306116907	0.0	0.0	1.6571325717	0.0	3.64241788968	0.0	0.0	0.0	0.0	0.0	0.780658120977	0.0	3.03210265288	0.0	0.0	12.1906854539	0.0	0.0	0.0	12.6082001621	7.96450994175	9.15119786425	8.04911726853	0.0	0.0	0.0	0.0	0.0	0.0	8.93012475183	0.4425	0.0	0.0	3.72313634921	1.95305975354	17.9971192503	4.66744180148	0.0	0.0	0.0	0.0	0.0	0.0	0.0	0.0	0.0	0.0	0.4425	0.0	0.0	0.0	0.7807	0.0	2.19846671537	0.0	0.4425	5.8054464922	0.0	0.780658120977	4.97792675838	0.0	0.0	0.0	0.0	0.0	0.0	0.0	6.63988700672	7.01703000596	0.0	0.0	0.0	0.0	0.4425	2.40814225175	15.3949059741	4.99430032073	3.51229657289	3.76183753737	0.0	0.0	0.780658120977	0.0	0.0	0.0	0.0	4.64688688414	0.0	0.0	1.05444662873	0.0	6.08267259497	0.0	0.0	0.0	0.0	0.0	0.4425	0.0	0.0	0.0	0.7807	0.0	0.0	5.38972788959	0.0	10.0067314134	0.7807	0.0	0.0	0.0	0.0	0.0	0.0	0.780658120977	0.0	0.0	0.0	0.4425	0.0	0.4425	0.0	0.0	0.0	0.0	0.0	0.0	0.0	0.0	0.0	0.0	0.4425	0.0	0.0	0.0	0.0	0.0	0.0	0.0	0.0	0.0	0.4425	0.0	0.0	0.0	0.0	0.0	0.780658120977	0.0	0.4425	0.0
TCGA-C8-A133	5.09788650554	10.6149016449	0.0	0.0	0.0	0.0	0.0	0.0	0.0	0.0	0.0	0.0	0.6537	3.70467837731	0.6537	10.6973790381	6.68703101747	6.16000795462	1.10191589394	9.66860467681	0.0	1.10191589394	1.102	0.0	0.0	0.6537	0.0	3.34646663805	8.26532106199	5.04878984069	0.0	0.0	0.0	0.0	0.0	0.0	6.4139149302	0.0	0.0	0.0	2.86902263016	0.0	0.0	0.0	0.0	0.6537	1.4434572252	0.0	0.0	0.0	0.0	1.10191589394	0.0	1.7193184515	0.0	0.0	0.0	0.0	0.0	1.4434572252	0.0	4.09175043585	0.0	0.0	8.09732459382	0.0	0.0	0.0	11.8459671892	7.32517017039	8.7985152911	8.45160666584	0.0	0.0	0.0	0.0	0.0	0.0	8.34119401952	0.6537	1.10191589394	0.0	4.80438707349	1.71936571535	15.7339416561	5.47787919813	0.0	0.0	0.0	0.0	0.0	0.0	2.97795722268	0.0	0.0	0.0	0.0	0.0	0.0	0.0	0.0	0.0	0.6537	2.75111071201	0.0	4.27377121275	0.0	0.6537	2.3255897162	0.0	0.0	0.0	0.0	0.0	0.0	0.0	6.79517759911	6.39437428158	0.0	0.0	0.0	0.0	0.0	1.7193184515	12.9307339783	3.34646791467	1.7193184515	2.481812612	0.0	0.0	1.10191589394	0.0	0.0	0.0	0.0	6.05198939287	0.0	0.0	0.0	0.6537	3.99128809637	0.0	0.0	0.0	0.0	0.0	0.0	0.0	0.0	0.0	0.6537	0.0	0.0	6.6296854193	0.0	8.5996845166	0.0	0.0	0.0	0.0	0.0	0.0	0.0	2.869	0.0	0.0	0.0	0.0	0.0	0.0	0.0	0.0	0.0	0.0	0.0	0.0	0.0	0.0	0.0	1.102	0.0	0.0	0.0	0.6537	0.0	0.0	0.0	0.0	0.0	0.0	1.4434	0.0	0.0	0.0	0.0	0.0	0.6537	0.0	0.0	0.0
TCGA-E9-A22B	6.09172286642	9.95113615382	0.0	0.0	0.1608	0.0	0.3054	0.0	0.0	0.0	0.1608	0.0	3.43103871778	1.04336452931	0.1608	13.1959261166	9.08910983671	6.67793111794	2.80998595468	11.8382345187	0.0	0.557361019561	0.4369	0.0	0.0	0.668592596839	0.0	5.47200893863	7.48496538328	5.55756540117	0.436874033699	0.0	0.0	0.0	0.0	0.1608	7.43172161384	0.0	0.0	0.0	4.41129540977	0.0	0.0	0.1608	0.0	0.0	1.58701401143	0.305461308104	0.868119995908	0.1608	0.0	1.40633325751	0.0	3.3331200175	0.0	0.305461308104	0.0	0.0	0.0	1.40629185363	0.0	4.23281885287	1.04343989774	0.0	14.1443700468	0.0	0.1608	0.1608	12.1298346681	7.76381037922	9.06674739068	9.79697300906	0.0	0.0	0.0	0.0	0.0	0.0	8.4221210687	0.5574	0.305461308104	0.0	3.76710438254	2.54442835351	17.5333554853	5.11757162384	0.0	0.0	0.0	0.0	0.0	0.0	0.6686	0.0	0.0	0.0	0.1608	0.1608	0.1608	0.1608	1.64254184879	0.305461308104	2.21875135999	0.0	0.1608	5.93648655262	0.0	1.69603023273	5.53208987585	0.0	0.0	0.0	0.0	0.0	0.0	0.0	7.83630592237	8.43199810042	0.0	0.0	0.0	0.0	0.305461308104	3.34990371892	16.1115939964	6.25429385394	2.88097305814	4.29481075721	0.0	0.557361019561	1.34068724023	0.0	0.1608	0.0	0.0	4.59843950802	0.0	0.0	0.1608	0.0	5.98295754416	0.0	0.0	0.0	0.0	0.0	0.305461308104	0.0	0.1608	0.0	1.34070111855	0.0	0.0	7.21989114603	0.4369	9.18457966712	0.868138011853	0.0	0.0	0.0	0.0	0.0	0.0	1.27191917678	0.0	0.0	0.0	0.3054	0.305461308104	0.0	0.0	0.0	2.02331646501	0.0	0.0	0.0	0.0	0.1608	0.0	1.46908967423	0.0	0.0	0.0	0.4369	0.0	0.0	0.0	0.0	0.0	0.0	0.868119995908	0.0	0.0	1.19968365797	0.0	0.1608	0.958376292034	0.436930001864	0.1608	0.0
TCGA-BH-A0H3	5.3660207769	7.25357096339	0.0	0.0	0.633424175793	0.0	0.3512	0.0	0.0	0.0	0.0	0.0	0.0	0.3512	0.869348435829	12.6325347813	9.84454505688	6.6150242635	2.1068816116	10.717659113	0.0	1.24982114921	3.1239492108	0.0	0.0	0.0	0.0	4.13240137894	8.75330827885	5.33679675945	0.0	0.0	0.0	0.0	0.0	0.633424175793	6.91437099342	0.0	0.0	0.0	5.81060371615	0.8694	0.0	0.0	0.3512	0.0	1.24978153709	0.0	0.3512	0.0	0.0	0.869368964164	0.0	3.62066112058	0.0	0.0	0.0	0.0	0.0	2.01143148555	0.0	2.57558676034	0.8694	0.0	10.8274590857	0.0	0.3512	0.0	14.1781542625	8.16544280514	9.56163648592	7.83538017417	0.0	0.0	0.0	0.0	0.0	0.0	9.36639119979	0.0	0.869348435829	0.0	4.22033359662	2.28057673191	17.6305682048	4.50936869394	0.0	0.0	0.0	0.0	0.0	0.0	0.0	0.0	0.0	0.0	0.0	0.0	0.0	0.0	0.8694	0.0	3.91238406997	3.52025520073	0.0	6.7614921753	0.0	1.68032915328	5.76745252939	0.0	0.0	0.0	0.0	0.0	0.0	0.0	6.78331524298	8.73943120157	0.0	0.0	0.0	0.0	0.0	3.3356635329	16.064281384	6.18315582876	3.96426479851	4.80796505849	0.0	0.633424175793	0.633424175793	0.3512	0.0	0.0	0.0	4.08630333064	0.0	0.0	1.24979730713	0.0	6.77966795448	0.0	1.07212238739	0.0	0.0	0.0	0.0	0.0	0.0	0.0	0.633424175793	0.0	0.0	5.55551525841	0.0	8.71788062646	1.40802375849	0.3512	0.0	0.0	0.0	0.0	0.0	2.01144155311	0.0	0.0	0.0	0.0	1.40802736377	0.0	0.0	0.0	1.24983691882	0.0	0.0	0.0	0.3512	0.3512	0.0	0.869348435829	0.3512	0.0	0.0	0.3512	0.0	0.0	0.0	0.0	0.0	0.0	0.8694	0.0	0.0	1.0720775829	0.0	0.3512	1.6803020408	1.07205974549	0.633424175793	0.0
TCGA-BH-A1FC	7.57478094167	7.13551072672	0.0	1.46257989073	0.0	0.9092	0.0	0.0	0.0	0.0	0.0	0.0	0.0	0.9092	0.0	12.2509175162	7.75566980013	5.79277209782	3.00431893451	11.8784343617	0.0	0.9092	4.28087996277	0.0	0.0	0.0	0.0	5.62327712848	9.71342440108	5.59732750082	0.0	0.9092	0.0	0.0	0.0	0.0	8.03700655532	0.0	0.0	0.0	3.41386957443	0.0	0.0	0.9092	0.0	0.0	2.64802814351	0.0	2.83717785251	0.0	0.0	0.9092	0.0	5.30865991814	0.0	0.0	0.0	0.0	0.0	5.37118132343	0.0	2.43032563578	0.0	0.0	11.9054483075	0.0	0.0	0.0	14.6149358531	10.6492667177	10.9442967988	8.66765093435	0.0	0.0	0.0	0.0	0.0	0.0	9.09574301616	0.9092	2.43029038958	0.0	5.83775070046	5.5440537761	17.2941734922	6.60856056724	0.0	0.0	0.0	0.0	0.0	0.0	3.5281	0.0	0.0	0.0	0.0	0.0	0.0	0.0	0.9092	0.9092	2.43031386412	0.0	0.0	8.53729285566	0.0	0.0	3.73255039973	0.0	0.0	0.0	0.0	0.0	0.0	0.0	8.04182999895	7.71405345196	0.0	0.0	0.0	0.9092	0.0	5.34026460037	14.9625144871	8.52360522934	1.8616	5.81546450893	0.0	0.0	0.0	0.0	0.0	0.0	0.0	5.64871543371	0.0	0.0	0.0	0.0	3.6339593168	0.0	0.0	0.0	0.0	0.9092	0.0	0.0	0.0	0.0	0.0	0.0	0.0	5.51663216605	0.0	9.95974008663	0.9092	0.0	0.0	0.0	0.0	0.0	0.0	1.4626	0.0	0.0	0.0	0.0	0.0	0.0	0.0	0.0	2.8371490725	0.0	0.0	0.0	0.0	1.46257989073	0.0	3.00434046773	0.0	0.0	0.0	0.9092	0.0	0.0	0.0	0.0	0.0	0.0	0.0	0.9092	0.0	0.0	0.0	0.0	1.86156297298	1.86157822373	0.0	0.0
TCGA-E2-A1II	7.09651515535	7.40289687882	0.0	0.0	0.0	0.0	0.839858083119	0.0	0.0	0.0	0.0	0.0	0.839858083119	0.0	1.3672	12.0119232354	6.81714600348	5.90313932859	1.75256371023	11.8439643041	0.0	0.0	2.30721657523	0.0	0.0	0.0	0.0	3.3338898722	9.30305730838	5.12780900621	0.0	0.4802	0.0	0.0	0.0	1.12750854681	6.74993999987	0.0	0.0	0.0	2.52085441652	0.0	0.0	0.4802	0.0	0.0	1.57270203422	0.4802	1.75255419562	0.0	0.0	1.75252513848	0.0	3.49416264046	0.0	0.0	0.0	0.0	0.0	1.57270203422	0.0	3.7271185078	0.0	0.0	7.27999065736	0.0	0.0	0.4802	11.4200884949	8.66464979804	10.1746020733	6.96130179308	0.0	0.0	0.4802	0.0	0.0	0.0	9.05254213801	1.1275	1.36718991775	0.0	6.09873624459	5.77374437825	17.0331509994	8.01395668173	0.0	0.0	0.0	0.0	0.0	0.0	1.36722297822	0.0	0.0	0.0	0.0	0.4802	0.0	0.0	0.8398	0.0	1.57266708492	0.0	0.0	4.82014480968	0.0	0.0	3.1535458091	0.0	0.0	0.0	0.0	0.0	0.0	0.0	6.26351810472	7.94398897419	0.0	0.0	0.0	0.0	0.0	5.12779005543	13.7230191893	7.59488667422	1.91249273271	5.64299390869	0.0	0.0	0.839858083119	0.0	0.0	0.0	0.0	2.6168371492	0.0	0.0	0.0	0.0	2.52084083441	0.4802	1.12746096325	0.0	0.0	0.0	0.0	0.0	0.0	0.0	2.05635434248	0.0	0.0	5.04391576286	0.0	8.40036781593	0.839858083119	0.0	0.0	0.0	0.0	0.0	0.0	0.4802	0.0	0.0	0.0	0.0	0.4802	0.4802	0.4802	0.0	0.4802	0.0	0.0	0.0	0.0	0.0	0.0	1.36718991775	0.0	0.0	0.0	0.0	0.0	0.0	0.0	0.0	0.0	0.0	1.36718991775	0.0	0.0	0.4802	0.0	0.0	1.12746096325	0.4802	0.0	0.0
TCGA-D8-A1XS	4.02337118423	7.80145240389	0.0	0.0	0.0	0.0	0.0	0.0	0.0	0.264	0.0	0.0	0.487081735993	0.680259559172	0.264	11.2245873691	8.59448322627	6.79487999934	1.76961953415	12.3036418694	0.0	1.14068546655	2.58970586297	0.0	0.0	0.0	0.0	3.26819956014	7.15344322227	5.023472904	0.0	0.0	0.0	0.0	0.0	0.0	5.98297281218	0.0	0.0	0.0	3.7919492676	0.264	0.0	0.264	0.0	0.0	0.680259559172	0.6802	1.93026091337	0.0	0.0	0.6802	0.0	3.74946680202	0.0	0.0	0.0	0.0	0.0	0.264	0.0	3.95023646052	0.487081735993	0.0	12.5523351337	0.0	0.0	0.0	12.1078589439	6.99438525604	8.00463506058	8.10270719491	0.0	0.0	0.0	0.0	0.0	0.0	8.49839082698	0.0	0.850598782054	0.0	4.31289821397	3.14260408435	18.583672154	3.3270987687	0.0	0.0	0.0	0.0	0.0	0.0	2.43769628755	0.0	0.0	0.0	0.264	0.0	0.264	0.0	0.680259559172	0.264	1.58882404946	0.680259559172	0.0	4.46491144897	0.0	0.487081735993	4.72802094872	0.0	0.0	0.0	0.0	0.0	0.0	0.0	7.28184290513	7.72956521446	0.0	0.0	0.0	0.0	0.264	2.58978881244	14.7926666207	4.74970839273	3.23780339002	4.56622080916	0.264	0.0	0.85057038956	0.0	0.0	0.0	0.0	3.29796469262	0.0	0.0	0.264	0.0	4.6948096434	0.0	0.0	0.0	0.0	0.0	0.264	0.264	0.0	0.0	0.680243583877	0.0	0.4871	4.86355311168	0.0	8.870532273	1.0029	0.0	0.0	0.0	0.0	0.0	0.0	1.7696	0.0	0.0	0.0	0.0	0.264	0.0	0.0	0.0	0.680243583877	0.0	0.0	0.0	0.264	0.264	0.0	1.26635309815	0.264	0.0	0.0	0.0	0.0	0.0	0.0	0.0	0.0	0.0	0.0	0.0	0.0	0.0	0.0	0.0	0.85057038956	0.264	0.0	0.0
TCGA-AR-A1AQ	5.93404040112	7.91622911535	0.0	0.0	0.0	0.9345	0.9345	0.0	0.0	0.9345	0.0	0.0	0.9345	0.0	4.0435624895	11.6569962334	8.22818772472	7.97487939153	2.6931	10.9718107332	0.0	0.0	1.4969	0.0	0.0	0.0	0.0	4.57167851458	10.6149696479	6.3103539433	0.0	0.0	0.0	0.0	0.0	0.0	7.91624199626	0.0	0.0	0.0	4.19480216123	0.0	0.0	0.0	2.6931	0.9345	0.9345	0.0	2.88329453879	0.0	0.0	0.9345	0.0	3.68318122591	0.0	0.0	0.0	0.0	0.0	4.39548178834	0.0	4.19478423081	1.49695123292	0.0	13.4429294156	0.0	0.9345	0.0	12.6655229064	8.45864521087	9.52775309697	8.38975584945	0.0	0.0	0.0	0.0	0.0	0.0	9.34581026554	0.0	0.9345	0.0	7.68667703082	6.42195147275	17.2488230545	5.70121354527	0.0	0.0	0.0	0.0	0.0	0.0	2.47405711263	0.0	0.0	0.0	0.0	0.0	0.0	0.0	1.4969	0.0	1.4969	0.0	0.0	6.83274144655	0.0	0.9345	5.19129963543	0.0	0.0	0.0	0.0	0.0	0.0	0.0	6.79774730046	8.7639420279	0.0	0.0	0.0	0.0	2.21565143728	5.79884960834	14.6377992967	7.46647252664	3.0513002627	5.59640334492	0.9345	0.0	0.0	0.0	0.0	0.0	0.0	5.64972542666	0.0	0.0	0.0	0.0	4.3954719582	0.0	0.0	0.0	0.0	0.9345	0.0	0.0	0.0	0.0	2.21565143728	0.0	0.0	7.03673169038	0.0	9.88835158983	0.0	0.0	1.4969	0.0	0.0	0.0	0.0	1.9006	0.0	0.0	0.0	0.0	0.0	0.0	0.0	0.0	2.47408313814	0.0	0.0	0.0	0.9345	0.0	0.0	2.47408313814	0.0	0.0	0.0	1.90056126267	0.0	0.0	0.0	0.0	0.0	0.0	2.21562030608	0.0	0.0	0.0	0.0	0.0	0.9345	1.4969	0.0	0.0
TCGA-GM-A2D9	3.25868304766	7.32757068059	0.531354564919	0.0	0.1523	0.0	0.290046401854	0.0	0.0	1.29104229489	0.0	0.0	1.07948737018	1.00133838113	0.0	9.9905332958	8.02437750085	6.87021336944	1.58671463656	10.2227257099	0.0	0.0	0.738041872869	0.0	0.0	0.0	0.0	4.54681161524	6.79268938472	6.12034086002	0.0	0.1523	0.290046401854	0.0	0.0	0.415737122119	5.84388134393	0.0	0.0	0.0	4.46191805834	0.29	0.0	0.5313	0.1523	0.415779651129	0.1523	0.1523	1.2239307623	0.1523	0.0	0.290046401854	0.0	1.7388303007	0.1523	0.1523	0.0	0.0	0.0	1.07944790639	0.0	3.13619486861	0.0	0.0	12.0806129886	0.0	0.0	0.0	13.9260765682	7.28492287309	8.98495472079	9.27719862036	0.0	0.0	0.0	0.0	0.0	0.0	8.34885102557	0.290046401854	0.918806596042	0.0	2.47610909497	2.04153874123	17.44284308	4.73346748446	0.0	0.0	0.0	0.0	0.0	0.0	0.29	0.0	0.0	0.1523	0.290046401854	0.0	0.0	0.0	0.738041872869	0.0	2.25845572145	0.0	0.0	4.93590846001	0.0	0.638453575383	4.77509483512	0.0	0.0	0.0	0.0	0.0	0.0	0.0	6.13872697758	8.32102630984	0.1523	0.0	0.0	0.0	0.1523	1.41669263154	16.5733531354	4.83259035963	3.85486152456	5.14098104987	0.0	0.0	0.290046401854	0.0	0.0	0.0	0.1523	5.04205955535	0.0	0.0	0.290046401854	0.0	3.72734441241	0.0	0.0	0.0	0.0	0.0	0.290046401854	0.0	0.0	0.0	0.63849002071	0.0	0.0	5.92539540739	0.0	9.56674024753	0.9188	0.0	0.0	0.0	0.0	0.0	0.0	0.738	0.0	0.0	0.0	0.0	0.6384	0.0	0.0	0.0	0.290046401854	0.0	0.0	0.0	0.0	0.0	0.0	1.83193456156	0.0	0.0	0.0	0.1523	0.0	0.0	0.0	0.0	0.0	0.0	0.1523	0.0	0.0	0.0	0.0	0.1523	1.22398467699	0.1523	0.0	0.0
TCGA-AR-A24O	5.0501074464	8.55783104958	0.0	0.0	0.0	0.0	0.0	0.0	0.0	0.0	0.0	0.0	1.18166264879	0.8841	0.5087	12.1535943104	8.82723999174	7.13027558687	2.26453193719	11.4340705664	0.0	0.5087	3.24114705784	0.0	0.0	0.0	0.0	4.01972555023	7.6233368687	4.41231887561	0.0	0.0	0.0	0.0	0.0	0.0	6.57411183853	0.0	0.0	0.0	4.57470670737	0.8841	0.0	0.8841	0.0	0.0	0.0	0.0	1.42826345113	0.0	0.0	1.63868421946	0.0	2.26453713607	0.0	0.0	0.0	0.0	0.0	1.63876588311	0.0	4.16281332649	0.5087	0.0	10.8541917422	0.0	0.0	0.0	12.2614610742	7.38140192095	8.5723292552	9.11701647356	0.0	0.0	0.0	0.0	0.0	0.0	9.11264183401	0.5087	0.884039214228	0.0	3.03337640721	2.26455776365	17.3929423714	4.64954711687	0.0	0.0	0.0	0.0	0.0	0.0	0.0	0.0	0.0	0.0	0.0	0.0	0.0	0.0	0.5087	0.0	2.60247145873	0.884039214228	0.5087	5.46345998675	0.0	1.18166264879	5.03160744257	0.0	0.0	0.5087	0.0	0.0	0.0	0.0	5.85982806778	7.04049155811	0.0	0.0	0.5087	0.0	0.884039214228	3.17519951228	15.2591673841	4.76620120964	3.47853007495	4.22935927776	0.0	0.0	0.0	0.0	0.0	0.0	0.0	3.86086542217	0.0	0.0	0.0	0.0	5.30279947934	0.0	0.5087	0.0	0.0	0.0	0.0	0.0	0.0	0.0	0.5087	0.0	0.0	6.12749170067	0.0	10.0179194953	0.5087	0.0	0.0	0.0	0.0	0.0	0.0	1.63871104651	0.0	0.0	0.0	0.0	0.5087	0.0	0.0	0.0	1.63871104651	0.0	0.0	0.0	0.0	0.0	0.0	0.5087	0.0	0.0	0.0	0.0	0.0	0.0	0.0	0.0	0.0	0.0	0.5087	0.0	0.0	1.8224	0.0	0.0	0.884039214228	0.0	0.0	0.0
TCGA-AO-A1KR	6.84685379883	7.84053332858	1.60293457345	0.0	0.0	0.0	1.0135	0.0	0.0	1.0135	0.0	0.0	0.0	0.0	4.02521980769	12.8805832583	9.0848319107	7.44459373465	3.02359016348	12.4192154185	0.0	0.0	3.34619334044	0.0	0.0	0.0	0.0	6.83403138965	9.6707394929	5.98069259596	0.0	1.0135	0.0	0.0	0.0	1.0135	7.96341047794	0.0	0.0	0.0	4.02526076367	0.0	0.0	0.0	0.0	1.60293457345	0.0	1.0135	2.60741958373	0.0	0.0	1.60293457345	0.0	4.48511272807	0.0	0.0	0.0	0.0	0.0	2.60739088189	0.0	4.19536020616	1.0135	0.0	11.717341117	0.0	0.0	0.0	11.866114868	9.21418963575	11.0855915908	10.0183660172	1.0135	0.0	1.0135	0.0	0.0	0.0	9.69042770879	0.0	2.02020292136	0.0	7.33964569196	6.82106164894	17.4695867939	6.7948411074	0.0	0.0	1.0135	0.0	0.0	0.0	0.0	0.0	0.0	0.0	0.0	0.0	0.0	0.0	1.60293457345	0.0	1.0135	2.60741958373	0.0	7.35767302969	0.0	0.0	5.15540879759	0.0	0.0	1.0135	0.0	0.0	0.0	0.0	8.26998088949	8.4985044728	0.0	0.0	0.0	0.0	0.0	4.48515492859	15.3346901427	8.62676967464	1.0135	6.41890722576	0.0	0.0	2.34350703083	0.0	0.0	0.0	0.0	5.48572777494	1.0135	0.0	1.0135	0.0	4.83330074901	0.0	0.0	0.0	0.0	0.0	1.0135	0.0	0.0	0.0	2.02025191573	0.0	0.0	6.4015982458	1.603	10.0436735088	1.0135	0.0	1.0135	0.0	0.0	0.0	0.0	3.34620320166	0.0	0.0	0.0	0.0	2.3435	0.0	0.0	0.0	4.93291989637	0.0	0.0	0.0	0.0	2.0202	0.0	3.60965979429	0.0	0.0	0.0	0.0	0.0	0.0	0.0	0.0	0.0	0.0	1.60293457345	0.0	0.0	1.60293457345	1.0135	0.0	2.34350703083	1.60293457345	0.0	0.0
TCGA-A2-A04W	5.81057548933	8.05223323454	0.0	0.0	0.0	0.0	0.0	0.0	0.0	0.3481	0.3481	0.0	0.3481	0.862933606045	0.3481	11.0887285666	10.0776043781	6.87014129406	2.86332024031	11.2430749192	0.0	0.3481	2.42393411062	0.0	0.0	0.3481	0.0	3.89898197283	8.12170082932	5.86566023103	0.3481	0.6284	0.0	0.0	0.0	0.0	6.07284274936	0.0	0.0	0.0	5.77506299659	0.3481	0.0	0.3481	0.3481	0.3481	0.0	0.0	1.2415087592	0.0	0.0	0.3481	0.0	2.18515234536	0.0	0.0	0.0	0.0	0.0	0.862933606045	0.0	3.01711652729	0.3481	0.0	12.4882721052	0.0	0.0	0.0	11.3518680112	7.70511696276	8.53760490021	8.63193485962	0.3481	0.0	0.0	0.3481	0.0	0.0	8.30592185767	0.3481	0.628322240743	0.0	3.32276720006	3.01711512291	17.942810225	6.01920929153	0.0	0.0	0.0	0.0	0.0	0.0	0.0	0.0	0.0	0.0	0.0	0.0	0.0	0.0	1.5412	0.0	3.0171057632	0.862933606045	0.3481	6.2795290781	0.0	0.628322240743	5.63157203112	0.0	0.0	0.0	0.0	0.0	0.0	0.0	8.71859841978	7.94288572591	0.0	0.0	0.0	0.0	0.0	3.15606065426	15.3227690144	5.48101615786	4.26935045085	3.54141353075	0.0	0.6284	0.6284	0.0	0.0	0.0	0.0	5.25228360047	0.0	0.0	0.862867514075	0.0	6.63690013762	0.0	0.0	0.0	0.0	0.0	0.3481	0.0	0.0	0.0	0.862933606045	0.0	0.0	6.51730103863	0.0	8.85239693148	2.26920123271	0.0	0.0	0.0	0.0	0.0	0.0	2.18509454178	0.3481	0.0	0.0	0.0	0.6284	0.3481	0.0	0.0	1.39913801552	0.0	0.3481	0.0	0.0	0.0	0.0	0.862867514075	0.0	0.0	0.0	0.3481	0.0	0.0	0.0	0.0	0.0	0.0	0.3481	0.0	0.0	0.862867514075	0.0	0.0	1.89881026586	0.3481	0.0	0.3481
TCGA-C8-A12N	5.68766180421	6.25529487549	0.5071	0.0	0.0	0.0	0.0	0.0	0.0	0.881527819399	0.0	0.0	0.881571515215	1.1785370191	0.5071	9.95364217517	9.53908086944	0.507071677296	2.1953382579	11.0259301144	0.0	0.0	3.29936507538	0.0	0.0	0.0	0.0	4.0332068537	7.62555638593	5.60266775993	0.2757	1.3069	0.2757	0.0	0.0	0.2757	6.80163232632	0.0	0.0	0.0	5.35052607579	0.2757	0.0	0.2757	0.0	0.0	0.881549667472	0.706439378541	0.881571515215	0.0	0.0	1.98120964085	0.0	2.38178193662	0.0	0.2757	0.0	0.0	0.0	0.507071677296	0.0	4.30318980388	0.5071	0.0	11.2852540692	0.0	0.0	0.0	12.8522926074	7.36675009004	8.58439349982	9.31458685178	0.0	0.0	0.0	0.0	0.0	0.0	8.02128357555	0.0	0.881514789961	0.0	2.74112267448	1.90208176834	17.9103025297	4.74965528103	0.0	0.0	0.0	0.0	0.0	0.0	0.0	0.0	0.0	0.0	0.0	0.0	0.0	0.0	1.03768761408	0.0	2.05618046174	2.38180265081	0.0	5.89072857785	0.0	0.5071	4.63202513382	0.0	0.0	0.0	0.0	0.0	0.0	0.0	6.55903526305	8.53198678563	0.0	0.0	0.0	0.0	0.2757	2.19533153695	14.7930759258	4.71534895037	4.06987452189	3.60415906368	0.0	0.2757	0.881571515215	0.0	0.0	0.0	0.0	6.56225219128	0.0	0.0	0.507071677296	0.507071677296	4.94964486554	0.0	0.0	0.0	0.0	0.0	0.0	0.0	0.0	0.0	0.8815	0.0	0.0	6.80707787552	0.2757	9.90595132845	1.03764304136	0.0	0.0	0.0	0.0	0.0	0.0	2.12740626699	0.0	0.0	0.0	0.0	0.2757	0.0	0.0	0.0	0.2757	0.0	0.0	0.0	0.5071	0.0	0.0	0.507071677296	0.0	0.0	0.2757	0.2757	0.0	0.0	0.0	0.0	0.0	0.0	0.0	0.0	0.0	0.2757	0.0	0.2757	2.12740376016	0.0	0.2757	0.0
TCGA-A2-A1FZ	6.28208942694	8.7443158041	0.0	0.0	0.0	0.0	0.655723865119	0.0	0.0	0.0	0.0	0.0	1.59164194901	0.655723865119	1.59176010145	12.410553644	9.20729844887	7.08378255492	1.95505265199	10.8464713919	0.0	0.3648	2.33000593634	0.0	0.0	0.0	0.0	3.17892705726	8.29482943685	5.62462728373	0.0	0.6558	0.0	0.0	0.0	0.0	6.80443698367	0.0	0.0	0.0	4.68616709487	0.0	0.0	0.0	0.0	0.3648	0.3648	0.0	2.0583	0.0	0.0	0.655723865119	0.0	2.15461295311	0.0	0.0	0.0	0.0	0.0	2.48639087964	0.0	4.49690148498	0.0	0.0	12.9243325023	0.0	0.0	0.0	11.9122295051	7.9229535581	9.30827937024	9.21077988738	0.0	0.0	0.0	0.3648	0.0	0.0	8.81970937132	0.0	0.3648	0.0	4.04759391839	2.24501729269	17.6829547459	4.70217416562	0.0	0.0	0.0	0.0	0.0	0.0	1.59173126406	0.0	0.0	0.0	0.3648	0.0	0.0	0.0	1.28601929074	0.0	2.92936204116	0.0	0.0	5.63295964718	0.0	1.10493747081	5.13911447263	0.0	0.0	0.0	0.0	0.0	0.0	0.0	7.71934154203	7.29677400153	0.0	0.0	0.0	0.0	0.6558	3.13233444962	14.7597028245	4.63698282224	3.03443274628	4.68613250483	0.3648	0.0	1.44703324584	0.0	0.0	0.0	0.0	6.92887629619	0.655723865119	0.0	0.897776699644	0.0	5.72216745341	0.0	0.897776699644	0.0	0.0	0.0	0.0	0.0	0.3648	0.0	0.3648	0.0	0.0	6.4717332299	1.1049	9.9507273245	1.44698788633	0.0	0.0	0.0	0.0	0.0	0.0	2.33000593634	0.0	0.0	0.0	0.0	0.3648	0.6558	0.0	0.0	2.62737355798	0.0	0.3648	0.0	0.3648	0.6558	0.0	0.3648	0.3648	0.0	0.0	0.0	0.0	0.0	0.0	0.0	0.0	0.0	0.3648	0.0	0.0	0.3648	0.0	0.0	1.72321252184	0.3648	0.0	0.0
TCGA-D8-A1XY	5.27669844657	7.38456798084	0.0	0.0	0.416	0.0	0.0	0.0	0.0	1.41736251473	0.0	0.0	0.416	1.0019	0.738505287245	12.3725143396	10.6547956697	6.56341731436	1.87724224187	12.0432323012	0.0	1.58745661102	2.50565438553	0.0	0.0	0.0	0.0	4.58858173069	7.43836692885	4.81099380601	0.0	1.0019	0.0	0.0	0.0	0.0	6.44112829139	0.0	0.0	0.0	5.7937626392	0.0	0.0	0.416	0.0	0.0	1.58751151115	0.0	1.00191995487	0.0	0.0	0.416	0.0	3.70393692191	0.0	0.0	0.0	0.0	0.0	1.4174392456	0.0	3.22576892518	0.416	0.0	7.9423772599	0.0	0.0	0.0	11.6163529739	8.19686820381	8.65238647975	8.89856372171	0.0	0.0	0.0	0.0	0.0	0.0	8.79276027415	0.0	0.738505287245	0.0	3.91038295925	2.00286900422	18.1345857861	5.4521615277	0.0	0.0	0.0	0.0	0.0	0.0	1.7396	0.0	0.0	0.0	0.0	0.0	0.0	0.0	0.0	0.416	2.32495965437	4.4410361772	0.0	5.99617067914	0.0	1.87723640325	6.87001089171	0.0	0.0	0.416	0.0	0.0	0.0	0.0	8.14841059313	7.75418730401	0.0	0.0	0.0	0.0	0.0	2.74017166867	14.6140862961	5.14661772255	3.97313932471	4.87809896431	0.0	0.416	1.73965105512	0.0	0.0	0.0	0.0	4.46304814681	0.0	0.0	0.416	0.0	6.87816650397	0.416	0.416	0.0	0.0	0.0	0.0	0.0	0.0	0.0	1.877234002	0.0	0.0	5.06253881951	0.0	7.71111393652	2.32499159388	0.0	0.0	0.0	0.0	0.0	0.0	3.74049934857	0.0	0.0	0.0	1.0019	0.7385	0.0	0.0	0.7385	0.416	0.0	0.0	0.0	0.0	0.416	0.0	1.58751151115	0.0	0.0	0.0	1.00192435973	0.0	0.0	0.0	0.0	0.0	0.0	0.0	0.0	0.0	0.416	0.0	0.0	1.58752774371	0.0	0.416	0.0
TCGA-AC-A2FB	4.51113400919	8.11249589025	0.409967142177	0.0	0.15	0.0	0.409967142177	0.0	0.0	0.524289418099	0.0	0.0	1.06734549774	0.524289418099	0.15	11.6255771278	8.50335100104	7.70244084171	2.5411849944	10.4489458984	0.0	0.2858	0.821192325269	0.0	0.0	0.0	0.0	2.8349838564	7.49816838533	5.66509342146	0.0	0.15	0.41	0.0	0.0	0.410024541295	4.97029889971	0.0	0.0	0.0	4.81053664893	0.2858	0.0	0.285862557945	1.2776	0.409967142177	0.728870789163	0.410024541295	1.98480294092	0.285862557945	0.0	0.728853630245	0.0	1.90267900109	0.0	0.0	0.0	0.0	0.0	0.2858	0.0	3.96086810693	0.409967142177	0.0	12.7232188496	0.0	0.0	0.0	13.3408199653	7.7611585603	8.82141435158	8.32853519645	0.0	0.0	0.0	0.0	0.0	0.0	8.97693320476	0.2858	0.908037263632	0.0	3.13403759648	2.59451304016	17.8770625268	3.28758220242	0.0	0.0	0.0	0.0	0.0	0.0	1.85972679568	0.0	0.0	0.0	0.285862557945	0.0	0.0	0.0	1.14086391493	0.0	2.51376557168	0.728870789163	0.0	5.57510631597	0.0	2.09990341084	4.31861612977	0.0	0.0	0.630192868219	0.0	0.0	0.0	0.0	7.30479850055	9.04435467346	0.0	0.0	0.0	0.0	1.27757125608	3.23821310865	15.8684172311	7.89600262876	3.69395682623	5.46847183769	0.0	0.0	0.989885368189	0.0	0.0	0.0	0.0	4.5041669655	0.0	0.0	0.630164661444	0.15	4.30264134323	0.409967142177	0.15	0.0	0.15	0.0	0.15	0.0	0.0	0.0	0.7288444472	0.0	0.0	6.02687042226	0.15	9.61839067105	1.67407660149	0.0	0.15	0.0	0.0	0.0	0.0	1.0674	0.0	0.0	0.0	0.0	0.908014310199	0.0	0.0	0.0	1.14087756348	0.0	0.0	0.0	0.0	0.2858	0.0	1.21081923078	0.0	0.0	0.0	0.285862557945	0.0	0.0	0.0	0.0	0.0	0.0	0.15	0.0	0.0	0.8212131466	0.0	0.0	1.57146581908	0.15	0.524319772714	0.0
TCGA-D8-A1JC	5.95192703099	9.8487462402	0.0	0.0	0.0	0.0	0.0	0.0	0.0	0.0	0.0	0.0	1.13363165222	2.62639597963	0.0	12.1952454319	9.22130664471	7.20051402027	2.31631939466	11.5543230619	0.8449	0.4834	3.28648648658	0.0	0.0	0.4834	0.0	5.0721391942	8.44665060071	6.47519479425	0.4834	0.8449	0.0	0.0	0.0	0.844842832685	7.73579576525	0.0	0.0	0.0	5.05496770382	0.0	0.0	0.0	0.0	0.4834	1.13363165222	0.0	2.31626417469	0.0	0.0	1.58027895228	0.0	3.73765358557	0.0	0.0	0.0	0.0	0.0	2.0650630309	0.0	5.20259619538	0.4834	0.0	12.8853615995	0.0	0.4834	0.0	11.6354724448	8.67593892925	9.32973127122	9.18228627346	0.0	0.0	0.0	0.0	0.0	0.0	8.88109208318	0.8449	0.4834	0.0	4.81081019188	3.16365514694	18.1996585541	4.65995513223	0.0	0.0	0.0	0.0	0.0	0.0	0.8449	0.0	0.0	0.4834	0.4834	0.0	0.0	0.0	1.92083325452	0.4834	1.76058271675	0.0	0.844842832685	6.97256278004	0.0	0.0	5.15501689171	0.0	0.0	0.0	0.0	0.0	0.0	0.0	8.04064266862	7.79905372455	0.0	0.0	0.0	0.0	0.844842832685	4.27127165218	14.9681710697	5.80558215584	3.09810527157	5.43272102132	0.4834	0.0	0.844842832685	0.0	0.0	0.0	0.0	4.7481101156	0.0	0.0	1.13363165222	0.0	6.6795523593	0.0	0.4834	0.0	0.0	0.4834	0.0	0.0	0.0	0.0	1.58022880031	0.0	0.0	6.75591700331	0.8449	8.78542688838	1.7606	0.0	0.0	0.0	0.0	0.0	0.0	1.1337	0.0	0.0	0.0	0.0	0.4834	0.4834	0.0	0.0	1.13363165222	0.0	0.0	0.0	0.4834	0.0	0.0	0.0	0.0	0.0	0.0	1.37414260558	0.0	0.0	0.0	0.0	0.0	0.0	0.4834	0.0	0.0	0.0	0.0	0.0	2.42722893259	0.4834	0.0	0.0
TCGA-E9-A1N5	5.03533770101	8.5826769267	0.0	0.0	0.5216	0.0	0.0	0.0	0.0	0.0	0.0	0.0	0.5216	1.2057	0.0	11.3956953202	7.93599795461	6.49635350775	2.42092308605	11.6126021311	0.0	0.9038	3.27950732112	0.0	0.0	0.0	0.0	2.82721219221	7.56662465015	4.64117863792	0.0	0.0	0.0	0.0	0.0	0.0	6.91606900826	0.0	0.0	0.0	3.81408917035	0.0	0.0	0.5216	0.0	0.903881171003	0.5216	0.0	1.45524855208	0.0	0.0	1.2057265847	0.0	2.16480281088	0.0	0.0	0.0	0.0	0.0	1.45524855208	0.0	4.95653653331	0.0	0.0	12.3561243381	0.0	0.5216	0.0	11.8819947565	7.32553205663	8.31117059001	7.69653533503	0.0	0.0	0.0	0.0	0.0	0.0	8.37120891229	1.2057	0.5216	0.0	3.85805954168	3.14398698559	18.0820070707	5.12805855407	0.0	0.0	0.0	0.0	0.0	0.0	0.0	0.0	0.0	0.0	0.0	0.0	0.0	0.5216	0.0	0.0	1.66799754244	2.53370703496	0.0	5.21523264655	0.0	0.0	4.30210487243	0.0	0.0	0.0	0.0	0.0	0.0	0.0	6.18703851937	7.74418757288	0.0	0.0	0.0	0.0	0.0	2.735895767	14.3081061054	5.09164300238	2.63835593818	4.09715763175	0.0	0.5216	0.5216	0.0	0.0	0.0	0.0	3.62332681549	0.0	0.0	0.0	0.0	5.28131691135	0.0	0.0	0.0	0.0	0.0	0.0	0.0	0.0	0.0	0.903881171003	0.0	0.0	6.09813909556	0.0	9.76392448222	0.5216	0.0	0.0	0.0	0.0	0.0	0.0	2.63837339305	0.0	0.0	0.0	0.0	0.0	0.0	0.0	0.0	1.2057265847	0.0	0.0	0.0	0.0	0.0	0.0	0.5216	0.0	0.0	0.0	0.0	0.0	0.0	0.0	0.0	0.0	0.0	0.9038	0.0	0.0	0.0	0.0	0.0	1.20579242841	0.5216	0.0	0.0
TCGA-BH-A0DX	5.16702400177	7.43865976477	0.0	0.0	0.6204	0.0	0.6204	0.0	0.0	0.6204	0.0	0.0	1.38515346845	0.0	0.0	11.9503201914	10.6574526106	7.69959527758	1.88232390588	11.4019448612	0.0	0.6204	4.09759265523	0.0	0.0	0.0	0.0	3.55418247918	7.34165944261	5.99699989877	0.0	1.3852	0.0	0.0	0.0	0.0	6.7682537181	0.0	0.0	0.0	6.15764177986	0.0	0.0	0.6204	0.0	0.6204	1.38515346845	0.0	2.07865978959	0.0	0.0	1.05283508104	0.0	2.2514081891	0.0	0.0	0.0	0.0	0.0	0.6204	0.0	3.091332079	0.0	0.0	11.97825166	0.0	0.0	0.0	12.7835940852	7.94893968794	9.59258407534	9.20172527932	0.0	0.0	0.0	0.0	0.0	0.0	9.40869009216	0.6204	1.05283508104	0.0	3.48666443736	2.54501540064	17.9609623221	3.61876247663	0.0	0.0	0.0	0.0	0.0	0.0	1.0529	0.0	0.0	0.0	0.0	0.0	0.0	0.0	1.05283508104	0.0	2.25137197399	0.0	0.0	6.35996117257	0.0	1.05283508104	5.94766476209	0.0	0.0	0.0	0.0	0.0	0.0	0.0	7.21689014847	8.51088270777	0.0	0.0	0.0	0.0	0.6204	2.54503622628	14.9600889617	6.52898806381	5.05485176393	5.05484974179	0.0	1.3851019039	0.0	0.0	0.0	0.0	0.0	5.16697588052	0.0	0.0	1.3851019039	0.6204	7.06309940933	0.0	1.38515346845	0.0	0.0	0.0	0.6204	0.0	0.0	0.0	1.88235019837	0.0	0.0	6.33138391051	0.0	9.90712265179	0.0	0.0	0.0	0.0	0.0	0.0	0.0	1.8823	0.0	0.0	0.0	0.0	1.05283508104	0.0	0.0	0.0	0.6204	0.0	0.0	0.0	0.0	0.0	0.0	1.05283508104	0.0	0.0	0.0	0.0	0.0	0.0	0.0	0.0	0.0	0.0	0.6204	0.0	0.0	0.0	0.0	0.0	1.8822909376	0.6204	0.6204	0.0
TCGA-E2-A14O	6.05054863794	8.60492357526	0.8773	0.0	0.5043	0.5043	0.0	0.0	0.0	0.0	0.0	0.0	1.41892853168	4.11443913162	0.5043	10.9229243359	9.06785159117	7.77222591415	2.59014152544	11.3703625491	0.0	0.0	2.77793339794	0.0	0.0	0.87724946443	0.0	4.63535384054	7.40281894224	5.88677378301	0.5043	0.5043	0.0	0.0	0.0	0.0	7.49274158129	0.0	0.0	0.0	4.90087649855	0.0	0.0	0.0	0.5043	0.87724946443	0.0	0.0	2.4862408946	0.0	0.0	1.97422584108	0.0	3.35138791112	0.0	0.0	0.0	0.0	0.0	1.17332247575	0.0	2.94402972349	0.0	0.0	11.6379547398	0.0	0.0	0.0	13.5176082798	7.6572594618	9.40978957452	9.84350485947	0.0	0.0	0.0	0.0	0.0	0.0	8.74800802848	0.5043	0.87724946443	0.0	2.59017382125	2.2528516403	18.2487887099	5.60607960882	0.0	0.0	0.0	0.0	0.0	0.0	1.1733636354	0.0	0.0	0.0	0.5043	0.0	0.0	0.5043	0.87724946443	0.5043	1.97424671469	2.37427292702	0.0	5.30379556006	0.0	0.0	5.09000943807	0.0	0.0	0.0	0.0	0.0	0.0	0.0	8.05698605332	7.4275955346	0.0	0.0	0.0	0.0	0.0	1.97424671469	14.5919918333	5.93690212189	3.0204211283	5.85584663672	0.0	0.0	0.87724946443	0.0	0.0	0.0	0.0	5.39270770059	0.0	0.0	0.87724946443	1.41889381419	4.2153872346	0.0	0.0	0.0	0.0	0.5043	0.0	0.0	0.0	0.0	1.41892853168	0.0	0.0	5.61838331896	0.0	9.28857583261	1.62870843996	0.0	0.0	0.0	0.0	0.0	0.0	1.418924488	0.0	0.5043	0.0	0.0	0.0	0.87724946443	0.0	0.0	0.5043	0.0	0.0	0.0	0.0	0.0	0.0	1.62867842086	0.0	0.0	0.0	0.5043	0.0	0.0	0.0	0.0	0.0	0.0	0.5043	0.0	0.0	0.8773	0.0	0.0	2.12024256512	0.87724946443	0.0	0.0
TCGA-E9-A1N3	5.83709384225	10.6513310734	0.0	0.0	0.0	0.0	0.2182	0.0	0.0	0.0	0.0	0.0	0.861092383023	3.11668254831	0.0	11.8767952823	7.24663970422	6.83887812043	2.84892097695	10.268997573	0.0	0.575167623046	1.39656198658	0.0	0.0	0.2182	0.0	4.36409000112	8.03204097026	4.45277319407	0.0	0.2182	0.0	0.0	0.0	0.0	6.08971151862	0.0	0.0	0.0	2.78198820196	0.2182	0.0	0.407692747415	0.4077	0.4077	1.64273532272	0.0	1.64278087184	0.0	0.0	1.09961551549	0.2182	2.94380380815	0.0	0.0	0.0	0.0	0.2182	1.97785074023	0.0	4.07364382354	1.09962646127	0.0	9.12943470518	0.0	0.0	0.0	11.7809491157	7.54665110777	9.09538893697	8.40578341804	0.0	0.0	0.0	0.0	0.0	0.0	8.0894057974	0.0	0.861097679733	0.0	4.10131672237	2.09270085718	15.899806765	5.55590493886	0.0	0.0	0.0	0.0	0.0	0.0	3.19594042643	0.2182	0.0	0.0	0.0	0.0	0.0	0.0	0.407692747415	0.0	1.39655385951	0.725140851888	0.4077	4.50561079961	0.407692747415	1.09956850258	4.38675774348	0.0	0.0	0.0	0.0	0.0	0.0	0.0	7.98541741402	6.52011607245	0.0	0.0	0.0	0.0	0.0	2.09270347959	14.001757379	4.04535966302	1.48340798168	3.11667877213	0.2182	0.0	3.45416253483	0.0	0.2182	0.0	0.0	5.94043924408	0.0	0.0	0.0	0.0	5.63390525887	0.0	0.0	0.0	0.0	0.0	0.4077	0.0	0.2182	0.0	0.575167623046	0.0	0.0	6.0296826729	0.2182	9.54562016429	0.5751	0.0	0.0	0.0	0.0	0.0	0.0	0.8611	0.0	0.407692747415	0.0	0.0	0.2182	0.0	0.0	0.0	1.20551251042	0.0	0.4077	0.0	0.0	0.2182	0.0	0.985276273222	0.0	0.0	0.0	0.4077	0.0	0.0	0.0	0.0	0.0	0.0	0.725207615475	0.0	0.0	0.407692747415	0.0	0.0	1.205552023	0.0	0.0	0.0
TCGA-C8-A1HF	6.72345380931	7.8971951557	0.0	0.0	0.0	0.0	0.0	0.0	0.0	0.5858	0.0	0.0	0.0	0.0	0.0	12.159383976	8.97392286614	8.00798691463	2.80942702285	11.5323066948	0.0	0.5858	2.90896674242	0.0	0.0	0.5858	0.0	6.39466711819	9.86579632237	6.27848038206	0.0	0.0	0.0	0.0	0.0	1.00125606667	8.04403651735	0.0	0.0	0.0	5.25021785275	0.0	0.0	0.0	0.0	0.5858	1.3234	0.5858	3.52571685822	0.0	0.0	1.00125606667	0.0	4.78367575183	0.0	0.0	0.0	0.0	0.0	3.75710339348	0.0	5.15207418989	0.0	0.0	10.4877098667	0.0	0.0	0.0	14.0028459687	8.5531556568	10.1212862267	9.56748423771	0.0	0.0	0.0	0.0	0.0	0.0	9.0871785221	0.0	1.58663701338	0.0	5.17222143442	3.9564299076	17.8668292646	4.39461153591	0.0	0.0	0.0	0.0	0.0	0.0	1.00125606667	0.0	0.0	0.0	1.00125606667	0.0	0.0	0.5858	1.32339039836	0.0	3.75712745413	1.80912379944	0.0	6.86033755602	0.0	0.5858	5.47806960256	0.0	0.0	0.0	0.0	0.0	0.0	0.0	7.74721241482	8.17228880123	0.0	0.0	0.0	0.0	0.0	3.32407719872	16.4954516222	7.43698441269	3.3944939557	4.58725477073	0.5858	0.0	0.5858	0.0	0.0	0.0	0.0	2.32383747295	0.0	0.0	1.80908491594	0.0	4.35980439524	0.0	0.0	0.0	0.0	0.0	1.00125606667	0.0	0.0	0.0	1.00125606667	0.0	0.0	6.9739029491	0.0	9.96667613364	0.5858	0.0	0.0	0.0	0.0	0.0	0.0	3.39452215601	0.0	0.0	0.0	0.5858	1.5865	0.5858	0.0	0.0	3.4616604221	0.0	0.0	0.0	0.0	0.0	0.0	2.00175292337	0.0	0.0	0.0	1.32339039836	0.0	0.0	0.0	0.0	0.0	0.0	1.00125606667	0.0	0.0	0.0	0.0	0.0	2.17183393046	1.00125606667	0.0	0.0
TCGA-A2-A0ES	4.66650649915	7.78923987769	0.0	0.4016	0.4016	0.0	0.0	0.0	0.0	1.38132575308	0.0	0.0	0.972998664717	0.0	0.0	12.6729490818	9.89986568386	6.86092692641	2.45787368134	10.9580163664	0.4016	0.0	3.85622087452	0.0	0.0	0.0	0.0	3.36581519973	7.90002108819	4.57233172636	0.0	0.7155	0.0	0.0	0.0	0.0	5.74536757736	0.0	0.0	0.0	5.42799482022	0.0	0.0	0.4016	0.4016	0.0	0.7155	0.0	0.715405105657	0.0	0.0	0.4016	0.0	1.9594491089	0.4016	0.0	0.0	0.0	0.0	0.973078042556	0.0	3.8561703614	0.0	0.0	12.1667899569	0.0	0.0	0.0	11.3954300694	7.64165601492	8.42017286716	8.8525933968	0.0	0.0	0.0	0.0	0.0	0.0	8.90283602003	0.0	0.972998664717	0.0	3.53519683477	1.95940949279	16.8707769186	3.45302550447	0.0	0.0	0.0	0.0	0.0	0.0	0.0	0.0	0.0	0.0	0.0	0.0	0.0	0.0	0.4016	0.4016	3.57455736898	3.72225731002	0.4016	7.47468952882	0.0	1.54893141508	5.59059079067	0.0	0.0	0.0	0.0	0.0	0.0	0.0	7.77453451124	7.23751277087	0.0	0.0	0.0	0.715405105657	0.972998664717	3.57463918177	15.0121584271	5.20759683411	3.27306578731	4.6481982956	0.0	0.0	1.1916	0.0	0.0	0.0	0.0	4.3174989844	0.0	0.0	1.38130067028	0.715405105657	8.53569150068	0.0	0.0	0.0	0.0	0.0	0.0	0.0	0.4016	0.0	1.19157926003	0.0	0.0	5.81284555187	0.9731	9.3501202838	2.0738	0.0	0.0	0.0	0.0	0.0	0.0	2.7609	0.0	0.0	0.0	0.0	0.4016	0.0	0.0	0.0	1.83509391585	0.0	0.0	0.0	0.0	0.0	0.0	1.69914446005	0.0	0.0	0.0	1.38130067028	0.0	0.0	0.0	0.0	0.0	0.0	0.715405105657	0.0	0.0	1.19156038827	0.0	0.0	1.38126593926	0.0	0.4016	0.0
TCGA-C8-A26W	4.56045810454	6.53533503617	0.2764	0.0	0.0	0.397	0.396977319949	0.0	0.0	1.58790206845	0.0	0.0	0.508249736062	1.11200870841	0.0	10.3209148533	8.08542324733	7.32487909426	2.09528937626	10.6859506254	0.0	0.508249736062	0.8834	0.0	0.0	0.508270732613	0.0	3.86993142663	8.39832913481	6.42622389691	0.0	0.0	0.0	0.0	0.0	0.0	5.21783374074	0.0	0.0	0.0	4.24411233216	0.0	0.0	0.707993127547	0.1448	0.0	0.397	0.396977319949	4.53435362939	0.0	0.0	0.508264028258	0.0	2.09531429494	0.0	0.0	0.0	0.0	0.1448	1.36952780376	0.0	6.74866288915	0.1448	0.0	7.77641019414	0.0	0.0	0.0	14.8811168986	7.42490288593	8.98424924442	9.39387990223	0.5083	0.0	0.0	0.0	0.0	0.0	8.48165176454	0.397	1.18076681665	0.0	3.66904733366	2.55017547293	17.5658156239	4.5144937504	0.0	0.0	0.0	0.0	0.0	0.0	2.05925895946	0.0	0.0	0.2764	0.396961881638	0.0	0.0	0.0	1.0396878749	0.0	3.39267419469	0.883380532015	0.1448	4.9730728872	0.1448	0.883383673239	4.60490303663	0.0	0.0	0.1448	0.0	0.0	0.0	0.0	5.7062313148	7.61717109432	0.0	0.0	0.0	0.0	0.508249736062	2.13048457475	16.2035195592	6.38307010961	4.28376571354	4.56684429568	0.0	0.508270732613	0.396977319949	0.0	0.0	0.0	0.0	4.74785731107	0.0	0.0	0.1448	0.0	3.51768026658	0.0	0.0	0.0	0.0	0.0	0.1448	0.0	0.0	0.0	0.508249736062	0.0	0.0	6.13687807433	0.1448	9.40944671126	0.611597835505	0.0	0.0	0.0	0.0	0.0	0.0	1.63768702213	0.396977319949	0.0	0.2764	0.1448	0.798347177712	0.0	0.0	0.0	0.2764	0.0	0.0	0.0	0.1448	0.1448	0.0	2.19844464662	0.0	0.0	0.0	0.396977319949	0.0	0.0	0.0	0.0	0.0	0.0	0.276383215927	0.0	0.0	0.1448	0.0	0.0	1.03974022889	0.0	0.1448	0.1448
TCGA-C8-A1HL	5.58312387572	7.81010890069	0.5552	0.0	0.0	0.0	0.0	0.0	0.0	2.82827728768	0.0	0.0	3.08925870169	0.955122788837	0.0	12.7742157884	7.99136398178	7.28882191023	2.62369601262	12.0846101182	0.0	0.0	3.37683738458	0.0	0.0	0.0	0.0	5.76847667906	9.11482526065	5.54014697612	0.0	0.9552	0.5552	0.0	0.0	0.0	7.77344159373	0.0	0.0	0.0	4.37256486694	0.0	0.0	0.0	0.0	0.955122788837	1.52480597951	0.0	0.955122788837	0.0	0.0	1.52480597951	0.0	4.95614879957	0.5552	0.0	0.0	0.0	0.0	0.5552	0.0	5.26872543419	0.0	0.0	12.1874623972	0.0	0.0	0.0	14.1097817898	8.10147048476	10.3596108409	8.62166819899	0.0	0.0	0.0	0.0	0.0	0.0	8.36652449757	0.0	1.74289834033	0.0	3.16667642704	2.50947444136	18.1909336005	7.63382095303	0.0	0.0	0.0	0.0	0.0	0.0	0.0	0.0	0.0	0.0	0.955122788837	0.0	0.0	0.0	0.955122788837	0.0	1.93218538048	0.5552	0.0	5.25104716087	0.0	0.5552	4.2709876617	0.0	0.0	0.0	0.0	0.0	0.0	0.0	7.51296914984	7.75165269051	0.0	0.0	0.0	0.0	0.0	2.72960376748	15.2714729711	5.19671523014	1.74288579507	3.82203964866	0.0	0.0	0.5552	0.0	0.0	0.0	0.0	4.55646963105	0.0	0.0	0.0	0.0	6.17691725172	0.0	0.0	0.0	0.0	0.0	0.0	0.0	0.0	0.0	0.5552	0.0	0.0	5.85289748272	0.5552	10.4854331334	0.5552	0.0	0.0	0.0	0.0	0.0	0.0	2.7296	0.0	0.0	0.0	0.0	0.0	0.0	0.0	0.0	0.5552	0.0	0.0	0.0	0.5552	0.5552	0.0	0.9552	0.0	0.0	0.0	0.5552	0.0	0.0	0.0	0.0	0.0	0.0	0.5552	0.0	0.0	0.0	0.0	0.0	1.74284968684	0.5552	0.0	0.0
TCGA-BH-A1FR	5.69275120892	11.6305015952	0.719104089558	0.0	0.0	0.4039	0.4039	0.0	0.0	0.719104089558	0.0	0.0	2.08090889207	3.41849919157	0.0	12.8306843179	7.5451546077	7.73211253766	2.54747448267	10.1725599444	0.0	0.4039	4.127407277	0.0	0.0	0.0	0.0	4.87928595805	9.1039171204	6.17153427596	0.0	0.0	0.0	0.0	0.0	0.0	6.41490666968	0.0	0.0	0.0	3.5437280282	0.0	0.0	0.4039	0.0	0.4039	1.19677482217	0.4039	2.08094152349	0.0	0.0	1.38700198264	0.0	3.83252453121	0.0	0.0	0.0	0.0	0.0	1.38702828485	0.0	4.25490633355	0.0	0.0	7.85802110457	0.0	0.4039	0.0	12.6043700275	7.78595531027	9.81663202119	9.6024430011	0.0	0.0	0.0	0.0	0.0	0.4039	8.79216173708	0.0	1.38702828485	0.0	5.5206956265	2.2859555304	17.0381245336	6.46849388741	0.0	0.0	0.0	0.0	0.0	0.0	3.12995190291	0.0	0.0	0.0	0.0	0.0	0.0	0.0	0.0	0.0	2.62509707086	3.6588817954	0.0	5.27802494349	0.0	1.19680776826	4.17980890749	0.0	0.0	0.4039	0.0	0.0	0.0	0.0	7.71446953992	7.56498061477	0.0	0.0	0.0	0.0	0.4039	3.23266894035	14.9596291972	6.19713447494	2.37854340719	4.6197038038	0.0	0.4039	0.719104089558	0.0	0.0	0.0	0.0	6.48940576071	0.0	0.0	0.0	0.719104089558	5.22912530777	0.0	0.4039	0.0	0.0	0.0	0.4039	0.0	0.4039	0.0	0.0	0.0	0.0	6.4790215173	0.0	9.32353196513	0.7191	0.0	0.0	0.0	0.0	0.0	0.0	2.1870678644	0.0	0.0	0.0	0.0	0.4039	0.0	0.0	0.0	0.977634932793	0.0	0.0	0.0	0.0	0.0	0.0	0.719104089558	0.0	0.0	0.0	0.0	0.0	0.0	0.0	0.0	0.0	0.0	0.0	0.0	0.0	0.719104089558	0.0	0.0	1.70555380218	0.0	0.0	0.0
TCGA-E9-A245	4.56126177503	9.41342160548	0.0	0.0	0.0	0.0	0.1707	0.0	0.0	0.0	0.0	0.0	0.0	4.49047993251	0.0	9.87215861368	6.81425877863	6.59749577302	1.46384295667	8.62945938501	0.0	0.3233	0.587248285006	0.0	0.0	0.0	0.0	2.52932809965	7.07435588167	5.34663054369	0.0	0.0	0.32332279268	0.0	0.1707	0.0	5.470295116	0.0	0.1707	0.0	3.15591000762	0.0	0.0	0.1707	0.1707	0.0	0.461312431836	0.0	2.13467098623	0.0	0.0	1.32605582526	0.0	1.91202592673	0.0	0.0	0.0	0.0	0.0	1.09116145095	0.0	4.01774842734	0.461312431836	0.0	6.91982195586	0.0	0.0	0.0	13.9213192115	6.28067983759	8.02934833907	8.67007258438	0.0	0.0	0.0	0.0	0.0	0.0	7.86339385395	0.3233	1.75976930041	0.0	1.91204713984	0.703103116489	16.3778413178	5.17672573577	0.0	0.0	0.0	0.0	0.0	0.0	0.910138614261	0.0	0.0	0.0	0.1707	0.0	0.0	0.0	0.0	0.0	1.00346607552	3.114671494	0.0	3.11469914495	6.40563125172	0.1707	2.13464704538	0.0	0.0	0.3233	0.0	0.0	0.0	0.0	6.23086867766	7.47858799968	0.0	0.0	0.0	0.0	0.32332279268	2.00518968837	15.3635100735	3.34614073882	2.52932022789	2.39793362787	0.0	0.1707	0.0	0.0	0.0	0.0	0.0	5.61415262802	0.0	0.0	0.0	0.0	3.72064038155	0.0	0.0	0.0	0.0	0.0	0.0	0.0	0.0	0.0	1.25194700017	0.0	0.0	6.00401500091	0.0	9.33454168142	0.1707	0.0	0.0	0.0	0.0	0.0	0.0	1.1738	0.0	0.0	0.0	0.0	0.461333145161	0.0	0.1707	0.0	0.3233	0.0	0.0	0.0	0.0	0.0	0.0	0.0	0.0	0.0	0.0	0.0	0.0	0.0	0.0	0.0	0.0	0.0	0.32332279268	0.0	0.0	0.32332279268	0.0	0.0	1.09110386876	0.1707	0.0	0.0
TCGA-AQ-A1H3	5.38692535438	8.00731079411	0.2478	0.0	0.0	0.0	0.0	0.0	0.0	0.4591	0.0	0.0	0.4591	0.643565442676	0.2478	12.3740478147	8.77447510271	6.64546644267	2.18898584823	10.1594429624	0.0	0.2478	2.6856128826	0.0	0.0	0.0	0.0	4.17388419874	8.32477017304	5.41252309692	0.0	0.0	0.2478	0.0	0.2478	0.0	6.55923080901	0.0	0.0	0.0	4.9618065489	0.4591	0.0	0.4591	0.0	0.2478	1.32125969979	0.0	1.92997675199	0.2478	0.0	0.459211361064	0.0	3.74045732471	0.0	0.0	0.0	0.0	0.0	1.42560556959	0.0	3.08650671471	0.0	0.0	11.9359125104	0.0	0.0	0.0	14.2905531175	8.04672183884	9.17831981933	8.73381916048	0.2478	0.0	0.0	0.0	0.0	0.0	8.87867990962	0.459211361064	1.42559366166	0.0	3.65719814046	1.69973350731	17.4983722118	5.58577641701	0.0	0.0	0.0	0.0	0.0	0.0	0.0	0.0	0.0	0.0	0.643467440605	0.0	0.0	0.0	0.643467440605	0.0	2.50694178792	1.08687358619	0.643565442676	6.41466784635	0.2478	1.32134131653	5.12564030566	0.0	0.0	0.0	0.0	0.0	0.0	0.0	7.54725470284	7.85919119402	0.0	0.0	0.0	0.0	0.0	3.11791475093	16.5087523908	6.42098043954	3.54589322243	4.56498169358	0.0	0.2478	0.643467440605	0.0	0.0	0.0	0.0	5.02133042712	0.0	0.0	0.953752727944	0.0	5.81432662284	0.0	0.0	0.0	0.0	0.0	0.0	0.0	0.0	0.0	1.32132096374	0.0	0.0	5.29354996423	0.2478	8.99978709688	1.52282510542	0.0	0.2478	0.0	0.0	0.0	0.0	1.52288787434	0.0	0.0	0.0	0.0	0.643467440605	0.0	0.0	0.0	1.61402201514	0.0	0.0	0.0	0.0	0.2478	0.0	0.2478	0.0	0.0	0.0	0.459211361064	0.0	0.0	0.0	0.0	0.0	0.0	0.459211361064	0.0	0.0	0.643467440605	0.0	0.0	1.08696318518	0.2478	0.0	0.0
TCGA-AC-A2B8	4.86014502569	6.50616845959	0.2617	0.0	0.1368	0.261744350111	0.483176557693	0.0	0.0	1.626850001	0.0	0.0	1.06622908934	0.762294903138	0.3767	12.2314510124	9.16315912191	6.73620173153	2.029536839	11.0624684243	0.0	0.844494030347	0.996002925351	0.0	0.0	0.0	0.0	3.83046905934	7.55348469088	5.53437470764	0.261744350111	0.3767	0.261744350111	0.0	0.0	0.1368	6.30496319426	0.0	0.1368	0.0	4.92298425801	0.1368	0.0	0.4831	0.3767	0.48319129629	0.675067336467	0.1368	1.71686566692	0.0	0.0	0.762273744194	0.0	2.7797664966	0.0	0.0	0.0	0.0	0.0	0.582323970168	0.0	3.73677446898	0.1368	0.0	12.2877988053	0.0	0.0	0.0	13.0944189053	7.85186548264	8.55654392521	8.9365604757	0.0	0.0	0.1368	0.0	0.0	0.0	8.73312066309	0.2617	0.996056721915	0.0	2.9930211561	1.88168965946	17.8888229129	4.26296030609	0.0	0.0	0.0	0.0	0.0	0.0	0.48319129629	0.0	0.0	0.0	0.844465357125	0.0	0.0	0.1368	1.13314073735	0.0	1.3736166843	0.1368	0.1368	6.59047583944	0.1368	1.19709356015	5.94162189285	0.0	0.0	0.1368	0.0	0.0	0.0	0.0	7.53120656458	9.31413551511	0.0	0.0	0.0	0.0	0.844494969079	2.57827745384	15.7499666158	5.76560023812	3.82037527623	4.48417732723	0.0	0.1368	0.762282757029	0.0	0.0	0.0	0.0	4.41188530295	0.0	0.0	0.675091481412	0.376684132322	5.73628519824	0.0	0.0	0.0	0.0	0.0	0.261744350111	0.0	0.1368	0.0	1.75990694419	0.0	0.0	5.90140670122	0.1368	9.11096571275	0.922265739797	0.0	0.0	0.0	0.0	0.0	0.0	2.02957500214	0.0	0.1368	0.0	0.1368	0.48319129629	0.1368	0.0	0.0	1.71692278888	0.0	0.0	0.0	0.0	0.1368	0.0	0.844446846664	0.0	0.0	0.0	0.376725084928	0.1368	0.0	0.0	0.0	0.0	0.0	0.675147258573	0.0	0.0	0.4831	0.0	0.261744350111	0.762326250615	0.0	0.0	0.0
TCGA-C8-A12O	5.29389687961	8.52733799031	0.0	0.0	0.0	0.0	0.0	0.0	0.0	0.0	0.0	0.0	0.0	2.53078819587	0.0	11.5192711047	9.61523445226	6.47177200239	2.99111113559	12.6270706089	0.0	0.0	3.76536189469	0.0	0.0	0.0	0.0	4.68722504149	7.73471995598	6.02893501334	0.5205	0.5205	0.0	0.0	0.0	0.0	6.37691761902	0.0	0.0	0.0	5.1775063763	0.0	0.0	0.5205	0.0	1.66549279717	0.0	0.0	1.4530267411	0.0	0.0	2.41806614766	0.0	3.06787680335	0.0	0.0	0.0	0.0	0.0	0.902192935203	0.0	5.5693676035	0.5205	0.0	11.148806309	0.0	0.5205	0.0	10.2976781664	7.01296187264	8.6849097323	8.97999800341	0.5205	0.0	0.0	0.0	0.0	0.0	8.62426733844	0.0	0.5205	0.0	3.97917677999	2.29573893279	18.4994884522	3.97921811734	0.0	0.0	0.0	0.0	0.0	0.0	1.45303156371	0.0	0.0	0.0	0.5205	0.0	0.0	0.0	1.66549279717	0.0	3.45841077417	4.50598896341	1.20373798052	5.60843741578	0.5205	0.5205	5.24515547609	0.0	0.0	0.0	0.0	0.0	0.0	0.0	6.89156447464	7.71100943403	0.0	0.0	0.0	0.0	0.5205	2.41805672445	15.8557674744	5.95005100536	3.71857933726	4.39124270267	0.0	0.0	0.0	0.0	0.0	0.0	0.0	3.85474884466	0.0	0.0	0.0	0.902192935203	5.76647040328	0.0	0.0	0.0	0.0	0.5205	0.5205	0.0	0.0	0.0	0.902192935203	0.0	0.0	5.96010615966	0.0	9.40202589617	1.4530267411	0.0	0.0	0.0	0.0	0.0	0.0	2.0147	0.0	0.0	0.0	0.0	0.5205	0.0	0.0	0.0	0.5205	0.0	0.0	0.0	0.5205	0.0	0.0	0.5205	0.0	0.0	0.0	0.0	0.0	0.0	0.0	0.0	0.0	0.0	0.9022	0.0	0.0	0.0	0.0	0.5205	1.66551587596	0.9022	0.0	0.0
TCGA-GM-A2DB	4.00334963524	6.28896630009	0.2636	0.0	0.0	0.0	0.0	0.0	0.0	0.0	0.0	0.4865	0.0	0.2636	0.0	9.9316690265	8.89478393208	6.99450528906	2.140309555	11.1294127363	0.0	0.2636	0.2636	0.0	0.2636	0.2636	0.0	4.12441158359	7.37164598783	5.88618682357	0.0	0.4865	0.0	0.0	0.0	0.486396281456	6.84149410807	0.0	0.0	0.0	4.02130091152	0.0	0.0	0.4865	0.0	0.2636	0.2636	0.4865	3.32513649265	0.0	0.0	1.13939431525	0.0	2.07313298417	0.2636	0.486396281456	0.0	0.0	0.0	2.63525074707	0.0	4.57633905028	0.8496	0.0	12.1291278989	0.0	0.0	0.0	13.2801621564	7.46138699384	9.11684311966	8.41211133902	0.0	0.0	0.2636	0.0	0.0	0.0	8.99567152373	0.2636	0.849585305727	0.0	4.03897551155	4.50170234248	18.0237633516	5.4954058273	0.0	0.0	0.0	0.0	0.0	0.0	0.6794	0.0	0.0	0.0	0.486396281456	0.0	0.0	0.0	0.4865	0.0	2.96660143909	0.4865	0.2636	5.26653046333	0.4865	0.679344180314	4.32534041248	0.0	0.0	0.0	0.0	0.0	0.0	0.0	8.38472573869	8.20912488692	0.0	0.0	0.0	0.2636	2.07310423234	2.48837766357	17.347347499	7.68729238083	4.20505921223	5.48247382496	0.0	0.679434915401	0.849554274706	0.0	0.0	0.0	0.0	4.46287750155	0.0	0.0	0.0	0.486396281456	2.0026818278	0.0	0.0	0.0	0.0	0.0	0.0	0.0	0.0	0.0	1.13946027669	0.0	0.0	5.73688780568	0.2636	10.2901675334	1.13946027669	0.0	0.0	0.0	0.0	0.0	0.0	0.6794	0.0	0.0	0.0	0.2636	0.486396281456	0.2636	0.0	0.0	3.72579062071	0.0	0.0	0.0	0.2636	0.0	0.0	2.58794208532	0.0	0.0	0.0	1.00178190813	0.0	0.0	0.0	0.0	0.0	0.0	0.2636	0.0	0.0	0.4865	0.0	0.0	0.4865	0.849585305727	0.2636	0.0
TCGA-EW-A1PF	5.82297541796	7.10137316478	0.0	0.0	0.0	0.0	0.0	0.0	0.0	0.5774	0.5774	0.0	0.5774	0.5774	0.0	12.1727486636	9.1963228402	6.3523853656	2.5659	11.7570145991	0.0	0.0	3.6228	0.0	0.0	0.5774	0.0	3.78610679784	7.7085081347	4.70591427874	0.0	0.5774	0.0	0.0	0.5774	0.0	6.03272517832	0.0	0.0	0.0	4.59277409903	0.5774	0.0	0.5774	0.0	0.0	0.988641331004	0.0	0.988641331004	0.0	0.0	0.988641331004	0.0	1.79103854317	0.0	0.0	0.0	0.0	0.0	0.5774	0.0	3.30133713656	0.0	0.0	11.1325679251	0.0	0.0	0.0	11.7930891178	7.15714297479	8.44880956923	8.42633389492	0.0	0.0	0.0	0.0	0.0	0.0	8.45493101654	0.5774	0.988641331004	0.0	3.0672653026	1.79101698033	18.1661290327	4.37051262231	0.0	0.0	0.0	0.0	0.0	0.0	1.3082	0.0	0.0	0.0	0.0	0.0	0.0	0.0	0.5774	0.0	2.15213867013	0.0	0.0	5.7054546852	0.0	1.30825380394	4.83589313935	0.0	0.5774	0.0	0.0	0.0	0.0	0.0	6.37821985219	8.05133086839	0.9886	0.0	0.0	0.0	0.988641331004	2.78775357718	15.8235388761	5.57747402043	3.30130420692	4.33578206587	0.0	0.0	0.5774	0.0	0.0	0.0	0.0	3.06726787324	0.0	0.0	0.0	0.0	6.17704180776	0.0	0.0	0.0	0.0	0.0	0.0	0.0	0.0	0.0	0.5774	0.0	0.0	7.23933674501	0.0	8.51632895558	1.56977002156	0.5774	0.0	0.0	0.0	0.0	0.0	1.3082	0.0	0.0	0.0	0.0	0.0	0.0	0.0	0.0	0.0	0.0	0.0	0.0	0.0	0.0	0.0	1.30825380394	0.0	0.0	0.0	0.5774	0.0	0.0	0.0	0.0	0.0	0.0	0.0	0.0	0.0	0.9886	0.0	0.0	1.56979764822	0.5774	0.0	0.0
TCGA-BH-A204	6.44897159413	9.76482562233	0.0	0.0	0.2512	0.0	0.816252407152	0.0	0.0	0.81630343428	0.2512	0.0	1.09848503925	3.8202584792	0.0	13.3467929092	8.21339254925	6.74085912875	1.796135425	11.144545296	0.2512	0.2512	1.53713545839	0.0	0.0	0.4651	0.0	4.57453780933	8.15198075338	5.91528705156	0.0	0.6514	0.2512	0.0	0.0	0.0	7.06370649448	0.0	0.2512	0.0	3.04061194303	0.2512	0.0	0.651324725278	4.36415022549	0.0	1.43936306106	0.0	0.651324725278	0.2512	0.0	0.96421605292	0.0	4.75814897965	0.0	0.0	0.0	0.0	0.465079441654	0.816252407152	0.0	4.05302001237	0.8163	0.0	10.9962974579	0.0	0.2512	0.0	12.4146073449	8.49018720312	10.2860464626	8.54780563247	0.0	0.0	0.0	0.0	0.0	0.0	8.69213532464	0.964291196462	0.964230598599	0.0	5.58456483068	3.4451858432	16.9963131041	6.84245346296	0.0	0.0	0.0	0.0	0.0	0.0	0.0	0.0	0.0	0.0	0.0	0.0	0.0	0.0	0.465079441654	0.0	1.53713975249	0.2512	0.4651	5.13136335464	0.0	0.2512	4.86560582316	0.0	0.0	0.4651	0.0	0.0	0.0	0.0	8.07164495981	9.21835719547	0.0	0.0	0.0	0.0	0.6514	3.25701622935	14.6510611951	4.61991589555	1.7961694684	4.37737898941	0.0	0.0	1.43936306106	0.0	0.0	0.0	0.0	6.21775156207	0.0	0.0	1.22125463579	0.2512	6.19171363867	0.0	0.0	0.0	0.0	0.0	0.0	0.0	0.0	0.0	0.2512	0.0	0.0	5.99064130064	0.0	9.04368270798	0.81630343428	0.0	0.0	0.2512	0.0	0.0	0.0	2.08196972744	0.0	0.4651	0.0	0.2512	0.4651	1.0985	0.0	0.0	0.651306656509	0.0	0.0	0.0	0.2512	0.2512	0.0	0.816236290304	0.0	0.0	0.0	0.816236290304	0.0	0.0	0.0	0.0	0.0	0.0	0.964291196462	0.0	0.0	0.2512	0.0	0.0	1.43928672326	0.0	0.0	0.0
TCGA-AN-A0AT	5.83505962927	7.78900688138	0.549479070412	0.0	0.2073	0.0	0.694285263059	0.0	0.0	0.0	0.0	0.0	0.388521237593	2.03215113302	1.05765413777	10.3969012899	6.84385302746	8.27477160961	2.5714511695	11.4571957226	0.0	0.825857908286	1.85858759279	0.0	0.0	0.0	0.0	4.51003987181	8.31730274616	7.4624098355	0.0	1.161	0.0	0.0	0.2073	0.388521237593	6.00779842914	0.0	0.0	0.0	4.35532399333	0.0	0.0	1.85859372474	0.3885	0.9464	0.549498065709	1.5130473799	3.465026225	0.0	0.0	3.17540501285	0.0	3.22392956072	0.2073	0.0	0.0	0.0	0.0	2.41313821102	0.0	4.14461700218	0.2073	0.0	14.2496759156	0.2073	0.2073	0.0	13.4324662904	8.02552148112	8.73331575263	9.28177273853	1.1609808797	0.0	0.694302444333	1.43275243915	0.0	0.0	9.21657592631	0.2073	1.057664821	0.0	6.44647579388	5.91848446874	18.3665760406	5.21544014329	0.0	0.0	0.0	0.0	0.0	0.0	1.79583960473	0.0	0.0	0.0	0.825889275497	0.2073	0.0	0.388521237593	0.69421374399	0.2073	3.15054009956	0.2073	0.3885	6.30706618974	0.388521237593	0.388521237593	4.55812722266	0.0	0.0	0.0	0.2073	0.0	0.0	0.0	6.57130920837	9.12809860559	0.0	0.0	0.0	0.0	0.2073	4.0932858123	14.7783730066	7.23717846087	1.97655277019	5.11609589522	0.2073	0.0	0.694268081581	0.0	0.0	0.5494	0.0	5.67850440052	0.0	0.0	0.2073	0.0	3.72316176523	0.3885	0.69421374399	0.2073	0.0	0.825792623257	0.2073	0.0	0.0	0.0	0.2073	0.0	0.3885	8.40541752296	0.0	11.0079676398	1.34766844171	0.2073	0.2073	0.0	0.0	0.0	0.0	2.37059865239	0.0	0.0	0.0	0.549498065709	1.16090338907	1.25740242953	0.0	0.0	0.946382074583	0.0	0.0	0.0	0.2073	0.825795761846	0.0	1.34767758683	0.2073	0.0	0.0	1.34772305564	0.0	0.0	0.0	0.0	0.0	0.0	0.549498065709	0.2073	0.0	0.0	0.2073	0.0	2.37063133407	0.388521237593	0.2073	0.0
TCGA-A2-A0T3	5.94082773228	8.08795447435	0.0	0.0	0.0	0.0	0.3588	0.0	0.0	0.6459	0.0	0.0	0.3588	0.645902336014	0.8853	12.5534528138	8.97704083191	6.56607534484	2.73280800208	12.0565118403	0.0	0.3588	3.44404906907	0.0	0.0	0.0	0.0	4.04710580158	7.75415194477	4.99004133057	0.0	0.3588	0.0	0.0	0.0	0.0	7.04159724896	0.0	0.0	0.0	4.69201934497	0.3588	0.0	0.3588	1.4299152196	0.3588	0.645902336014	0.645902336014	2.90586721044	0.0	0.0	1.57362012104	0.0	4.61104027842	0.0	0.0	0.0	0.0	0.0	1.82426573623	0.0	3.65275731665	0.885243582879	0.0	13.5100769613	0.0	0.0	0.0	11.3123033748	8.00786636677	9.71513545521	8.11168193011	0.3588	0.0	0.0	0.0	0.0	0.0	8.4360952397	0.0	1.27014994719	0.0	4.93782691942	3.86337357275	17.7198167527	6.55307854814	0.0	0.0	0.0	0.0	0.0	0.0	0.0	0.0	0.0	0.0	0.645902336014	0.0	0.0	0.0	0.645902336014	0.0	4.04708659025	3.19993312452	0.0	7.18008110997	0.645902336014	1.27014994719	4.91101476392	0.0	0.0	0.0	0.0	0.0	0.0	0.0	7.52342841702	7.54759414128	0.0	0.0	0.0	0.0	0.0	2.67021019436	14.3464570213	5.99933894108	3.19991849604	4.59424862214	0.0	0.0	0.885241603967	0.0	0.0	0.0	0.0	4.33643657566	0.0	0.0	0.645902336014	0.0	6.31801837751	0.0	0.3588	0.0	0.0	0.0	0.0	0.3588	0.0	0.0	1.09051981305	0.3588	0.0	6.7923898126	0.3588	9.68231624113	1.0905	0.3588	0.0	0.0	0.0	0.0	0.0	2.1337	0.0	0.0	0.0	0.0	0.3588	0.6459	0.0	0.0	1.57365635903	0.0	0.0	0.0	0.0	0.3588	0.0	0.645902336014	0.0	0.0	0.0	0.0	0.0	0.0	0.0	0.0	0.0	0.0	0.645902336014	0.0	0.0	0.645902336014	0.0	0.0	0.885241603967	0.3588	0.0	0.0
TCGA-BH-A1EY	6.62680702777	8.69227510597	0.5928	0.0	0.3266	0.0	0.0	0.0	0.0	0.3266	0.0	0.0	1.60053696744	0.3266	0.0	11.0760295417	9.36213049954	6.93911878258	2.01759308131	10.9756576707	0.0	0.817347687305	3.15002757761	0.0	0.0	0.3266	0.0	3.10812461244	7.69750339423	5.81094510077	0.3266	0.0	0.0	0.0	0.3266	0.3266	6.92412760767	0.0	0.3266	0.0	4.98844904152	0.592740625293	0.0	0.592740625293	0.0	0.3266	0.817347687305	0.0	2.0175570435	0.3266	0.0	2.10535300707	0.0	2.60450528549	0.3266	0.0	0.3266	0.0	0.0	0.817347687305	0.0	3.37869190407	0.5928	0.0	12.5087519092	0.0	0.3266	0.0	12.7898801743	8.5488651332	8.49705751819	8.98772434597	0.0	0.0	0.0	0.0	0.0	0.0	8.69051557711	0.592740625293	0.592740625293	0.0	3.02055590726	1.01169723871	17.8726120024	6.05652134057	0.0	0.0	0.0	0.3266	0.0	0.0	0.0	0.0	0.0	0.0	0.592740625293	0.0	0.0	0.0	1.60056139462	0.3266	2.54292952778	0.0	0.0	4.89299575329	0.0	1.33601726275	5.44075500152	0.0	0.0	0.0	0.0	0.0	0.0	0.0	7.65996614158	7.42416088409	0.0	0.0	0.0	0.0	0.592740625293	3.51322353063	14.6235048093	6.16266130107	4.25098271901	4.21202189864	0.0	0.3266	1.01169592946	0.0	0.0	0.0	0.0	5.20271652755	0.3266	0.0	0.817398501998	0.0	5.31749118669	0.0	0.0	0.0	0.0	0.0	0.3266	0.0	0.0	0.0	0.5928	0.0	0.0	6.2615156544	0.3266	11.2132172047	0.592740625293	0.0	0.0	0.0	0.0	0.0	0.0	2.10537164946	0.0	0.0	0.0	0.0	0.592740625293	0.0	0.0	0.0	1.0116515176	0.0	0.0	0.0	1.01169592946	0.0	0.0	1.01169723871	0.0	0.0	0.0	0.5928	0.0	0.0	0.0	0.0	0.0	0.0	0.0	0.0	0.0	0.0	0.0	0.0	0.592740625293	0.3266	0.0	0.0
TCGA-A1-A0SQ	5.52555764152	6.63160282204	0.0	0.0	0.0	0.0	0.0	0.0	0.0	3.2693702222	0.0	0.0	0.0	0.0	0.0	10.6951292597	7.19658079838	8.28883243378	1.5119	9.25480326422	0.6936	0.0	3.80358000771	0.0	0.0	0.0	0.0	3.98324693334	7.54068879494	5.1525494115	0.0	0.0	0.0	0.0	0.0	0.0	6.16972078702	0.0	0.0	0.0	3.0717095569	0.0	0.0	0.6936	0.0	0.0	0.6936	0.0	0.6936	0.0	0.0	1.51194497559	0.0	3.26939031446	0.0	0.0	0.0	0.0	0.0	0.0	0.0	4.68325974527	1.16003496886	0.0	9.56100423322	0.0	0.0	0.0	11.7888230777	6.27703374197	8.80319462019	9.47101507651	0.0	0.0	0.0	0.0	0.0	0.0	8.03751292311	0.0	0.6936	0.0	1.51191757595	1.16003496886	16.564705852	6.980856008	0.0	0.0	0.0	0.0	0.0	0.0	1.16	0.0	0.0	0.0	1.16003496886	0.0	0.0	0.0	0.0	0.0	1.16	3.86598365556	0.0	3.44322180169	0.0	0.0	2.5700731726	0.0	0.0	0.0	0.0	0.0	0.0	0.0	5.56371162869	5.75726454434	0.0	0.0	0.0	0.0	0.0	0.0	13.6448003765	5.52554964348	1.51194497559	2.8426	0.0	0.0	1.16003496886	0.0	0.0	0.0	0.0	4.37532529185	0.0	0.0	0.0	0.0	5.38343952986	0.0	0.0	0.0	0.0	0.6936	0.0	0.0	0.0	0.0	0.6936	0.0	0.0	6.84803934785	0.6936	10.7084836799	0.6936	0.0	0.6936	0.0	0.0	0.0	0.0	2.41179315087	0.0	0.0	0.0	0.0	0.0	0.0	0.0	0.0	0.0	0.0	0.0	0.0	0.0	0.0	0.0	0.0	0.0	0.0	0.0	0.6936	0.0	0.0	0.0	0.0	0.0	0.0	0.0	0.0	0.0	0.0	0.0	0.0	2.03085944762	0.0	0.0	0.0
TCGA-A2-A0D3	5.89498292941	7.72853345729	0.4672	0.0	0.0	0.0	0.4672	0.0	0.0	0.0	0.0	0.4672	1.33893318707	0.0	0.0	11.7647689128	8.66247329186	7.21908787624	2.38033258899	11.0798915553	0.0	0.0	3.95708841154	0.0	0.0	0.0	0.0	4.09263618626	7.93872445562	5.4663881417	0.4672	0.8195	0.0	0.0	0.0	0.0	6.55345536243	0.0	0.0	0.0	5.06629651239	0.0	0.0	0.0	0.0	0.0	0.4672	0.0	0.8195	0.0	0.0	1.33896365318	0.0	3.17482220811	0.4672	0.0	0.0	0.0	0.0	1.87849521569	0.0	2.83158272865	0.0	0.0	13.6803490704	0.0	0.0	0.0	13.9326654515	7.76952649355	9.54435300662	8.55949718402	0.0	0.0	0.0	0.0	0.0	0.0	8.72249219222	0.0	0.4672	0.0	4.21652748478	1.72005497557	17.7807321544	4.87270343579	0.0	0.0	0.0	0.0	0.0	0.0	1.10246873347	0.0	0.0	0.0	0.0	0.0	0.0	0.0	0.819543669671	0.0	2.48254864695	0.0	0.0	4.94612821224	0.0	1.72003158203	4.85376603551	0.0	0.0	0.0	0.0	0.0	0.0	0.0	7.21536085362	9.05052384997	0.0	0.0	0.0	0.0	0.4672	2.83156424614	15.0358498176	7.39651769696	2.5780272618	4.12458981916	0.0	0.0	0.8195	0.0	0.0	0.0	0.0	5.4283959465	0.0	0.0	0.0	0.0	5.97608830804	0.0	0.4672	0.0	0.0	0.0	0.0	0.0	0.0	0.0	0.8195	0.0	0.0	5.47878814882	0.0	10.0621020942	0.4672	0.0	0.0	0.0	0.0	0.0	0.0	0.4672	0.0	0.0	0.0	0.0	0.0	0.0	0.0	0.0	1.54201647354	0.0	0.0	0.0	0.4672	0.4672	0.0	0.4672	0.0	0.0	0.0	0.819543669671	0.0	0.0	0.0	0.0	0.0	0.0	1.10246873347	0.0	0.0	0.819543669671	0.0	0.0	2.66760044196	0.0	0.0	0.0
TCGA-E2-A150	5.282525817	8.09824915391	0.0	0.0	0.7067	0.0	1.17895893485	0.0	0.0	0.0	0.0	0.0	1.17895893485	0.0	0.7067	12.7092434719	8.54896839055	6.57248951651	2.59845401794	11.0637177585	0.0	0.0	1.8189	0.0	0.0	0.0	0.0	4.91041026306	9.20778768351	6.0326712563	0.0	0.0	0.0	0.0	0.0	0.0	7.24848970628	0.0	0.0	0.0	3.95760524147	0.0	0.0	0.0	0.0	0.0	1.53411517728	0.0	2.26066228143	0.0	0.0	2.74165289146	0.0	3.83516391384	0.0	0.0	0.0	0.0	0.0	2.05662443166	0.0	3.10170865925	0.0	0.0	9.08390908772	0.0	0.0	0.0	13.1849369688	8.86275181453	9.47709529041	9.19383619325	0.0	0.0	0.0	0.0	0.0	0.0	9.39689183061	0.0	0.7067	0.0	5.77406581241	4.84844968481	17.4986440997	4.91043645191	0.0	0.0	0.0	0.0	0.0	0.0	3.29988026478	0.0	0.0	0.0	0.0	0.0	0.0	0.0	0.7067	0.7067	2.59841166445	0.7067	0.7067	6.20329422584	0.0	0.0	4.5700886065	0.0	0.0	0.0	0.0	0.0	0.0	0.0	8.71870763206	8.10817221685	0.0	0.0	0.0	0.0	0.0	6.10070834273	14.7664346687	6.39966371784	2.26071133438	6.10068921588	0.0	0.7067	1.53411517728	0.0	0.0	0.0	0.0	5.18567284821	0.0	0.0	1.1789	0.0	5.79068466061	0.0	0.0	0.0	0.0	0.7067	0.0	0.0	0.0	0.0	0.0	0.0	0.0	6.69196463956	0.0	10.0048187648	0.7067	0.0	0.7067	0.0	0.7067	0.0	0.0	1.1789	0.0	0.0	0.0	0.0	0.7067	0.0	0.0	0.7067	3.38963029771	0.0	0.0	0.0	0.0	1.17895893485	0.0	1.81892180406	0.7067	0.0	0.0	0.0	0.0	0.0	0.0	0.0	0.0	0.0	0.7067	0.0	0.0	0.0	0.0	0.0	1.53411517728	1.1789	0.0	0.0
TCGA-A1-A0SF	5.27480845405	6.2267853804	0.0	0.0	0.0	0.0	0.595929317261	0.0	0.0	0.3285	0.0	0.0	0.92221559328	0.1736	0.328536366944	10.8942177735	8.4289704112	6.46675815788	2.31134351081	10.6538199767	0.0	0.468402407719	3.6737544385	0.0	0.0	0.0	0.0	3.43884076224	7.6414665879	4.55463125226	0.1736	0.4684	0.1736	0.0	0.0	0.1736	5.55532757812	0.0	0.1736	0.0	4.26916201306	0.1736	0.0	0.328536366944	0.922189736867	0.3285	0.595929317261	0.0	1.72301965445	0.0	0.0	1.34158993531	0.0	2.27370889085	0.3285	0.328536366944	0.0	0.0	0.0	0.468435413688	0.0	3.48901334888	0.3285	0.0	11.7701463022	0.0	0.0	0.0	12.0143508164	7.0888806568	8.37385320635	7.95710139916	0.1736	0.0	0.0	0.0	0.0	0.0	8.370566746	0.1736	1.01641912033	0.0	4.0191154557	2.55044273352	17.9307474041	5.57092635335	0.0	0.0	0.0	0.0	0.0	0.0	0.821401867478	0.0	0.0	0.0	0.328536366944	0.0	0.0	0.0	0.1736	0.0	1.10475493838	0.1736	0.1736	5.19650580464	0.0	1.26687862361	4.2499462379	0.0	0.0	0.1736	0.0	0.1736	0.0	0.0	5.94182844293	6.10345164646	0.0	0.0	0.0	0.0	0.821478625611	3.47247635273	14.8429815225	6.06263190589	3.05092558967	4.42325669231	0.0	0.0	1.0163739696	0.0	0.0	0.0	0.0	3.91298099752	0.0	0.0	0.328536366944	0.4684	4.49045678119	0.0	0.0	0.0	0.0	0.0	0.1736	0.0	0.0	0.0	1.9783501939	0.0	0.0	6.09269146851	0.1736	8.03582279419	0.595927113237	0.0	0.0	0.0	0.0	0.0	0.0	1.26687291489	0.0	0.0	0.0	0.0	0.595929317261	0.1736	0.0	0.0	0.328536366944	0.0	0.0	0.0	0.0	0.0	0.0	0.468402407719	0.0	0.0	0.0	0.1736	0.0	0.0	0.0	0.0	0.0	0.0	0.468402407719	0.0	0.0	0.468402407719	0.0	0.1736	1.48027119045	0.0	0.0	0.0
TCGA-EW-A1PA	4.74357530693	11.9430871207	0.0639	0.0	0.125089369719	0.0	0.240295041203	0.0639	0.0	0.446317976301	0.0639	0.0	2.12229185621	0.997929255441	0.397475129652	10.1290081076	7.33851799221	7.842735634	2.44402041729	10.0061358514	0.0639	0.240192894188	0.708847107342	0.0	0.0	0.1252	0.0	3.97544943554	7.4833255572	6.10057345659	0.0	0.0639	0.0639	0.0	0.0	0.493483064855	5.72012906737	0.0	0.125089369719	0.0	4.45840645951	0.2404	0.0	0.626493752023	0.1252	0.125089369719	0.446402330972	0.397551819619	1.6669961173	0.0	0.0	2.54827788746	0.0	2.66627753882	0.0	0.0	0.0	0.0639	0.0	0.240192894188	0.0	4.10650740734	0.930867950564	0.0	11.8835427319	0.0	0.0639	0.1839	13.2483481062	7.12887102716	8.10104771751	8.45173240883	0.0	0.0	0.0	0.0	0.0	0.0	9.32175138884	0.4936	0.997884405384	0.0	3.52542358558	2.90331962204	18.0122442724	6.21944642624	0.0	0.0	0.0	0.0	0.0	0.0	1.51513359344	0.0	0.0	0.0	0.446311338836	0.0	0.0	0.183894970056	0.294674020099	0.183894970056	3.06826019727	0.0639	0.0	5.85502138236	0.0	0.583519968031	4.45543067759	0.0	0.0	0.0	0.0639	0.183788750518	0.0639	0.0	6.60720039246	9.0262340128	0.0	0.0	0.0639	0.0	0.539161128704	1.53784511828	14.9555748878	6.07463825997	2.3826596547	6.05115830846	0.0	0.0639	0.964808493919	0.0	0.0	0.0	0.0	4.51387656809	0.0	0.0	0.1252	0.240299878304	4.27473517971	0.183894970056	0.397571673927	0.0	0.0	0.183788750518	0.1252	0.0639	0.0	0.0	0.668254516566	0.0	0.0	6.59242318217	0.0639	10.8890982259	0.824065206226	0.1839	0.183894970056	0.0	0.0	0.0	0.0	0.748348478731	0.0	0.183894970056	0.0	0.125089369719	0.583547093004	0.0639	0.0	0.0	0.446231172507	0.0	0.0	0.0	0.240295041203	0.493489488805	0.0	1.31932991745	0.0	0.0	0.0	0.397480077379	0.0	0.0	0.0	0.0	0.0	0.0	0.183894970056	0.183894970056	0.0	0.708896423275	0.0	0.0	1.44466749168	0.294572936627	0.1252	0.0
TCGA-BH-A1ET	5.53212933049	6.81943363599	0.0	0.0	0.0	0.0	0.0	0.5826	0.5826	0.0	0.0	0.0	0.9964	0.0	0.0	12.1994073822	9.1091585675	6.87552744843	0.5826	10.5001197813	0.0	0.0	3.24148718474	0.0	0.0	0.0	0.0	4.3854759774	8.15019979077	5.01543664661	0.0	0.9964	0.0	0.0	0.0	0.0	7.37219747942	0.0	0.5826	0.0	4.94727074609	0.0	0.0	0.9964	0.0	0.0	1.31767280414	0.0	2.45353688209	0.0	0.0	2.16435769503	0.0	2.57896121406	0.0	0.0	0.0	0.0	0.0	0.0	0.0	4.89992417574	0.0	0.0	11.1104551369	0.0	0.0	0.0	13.7869471899	7.67585625531	8.9643910973	8.77743047869	0.0	0.0	0.0	0.0	0.0	0.0	8.33267110774	0.5826	0.5826	0.0	2.80115974573	0.5826	17.2825876441	4.87570180584	0.0	0.0	0.0	0.0	0.0	0.0	1.31762894548	0.0	0.0	0.0	0.0	0.0	0.0	0.0	0.0	0.5826	2.45353688209	0.0	0.0	5.83842873194	0.0	0.996454796556	5.48480069932	0.0	0.0	0.0	0.0	0.0	0.0	0.0	6.94709432948	7.79698095282	0.0	0.0	0.0	0.0	0.996454796556	2.57895080948	15.6262517923	5.31492456223	3.38581857726	3.80068186373	0.0	0.0	0.996454796556	0.0	0.0	0.0	0.0	4.69351068649	0.0	0.0	0.5826	0.9964	5.43590225133	0.0	0.0	0.0	0.0	0.0	0.0	0.0	0.0	0.0	0.9964	0.0	0.0	5.97019618989	0.0	10.4132870563	0.0	0.0	0.0	0.0	0.0	0.0	0.5826	1.80225884732	0.0	0.0	0.0	0.0	0.0	0.0	0.0	0.0	1.31762894548	0.0	0.0	0.0	0.0	0.0	0.0	0.5826	0.0	0.0	0.0	0.0	0.0	0.0	0.0	0.0	0.0	0.0	0.0	0.0	0.0	0.5826	0.0	0.0	2.16434160014	0.0	0.0	0.0
TCGA-E9-A227	5.34842424531	8.93862579807	0.2371	0.0	0.619069086005	0.0	0.440653620481	0.0	0.0	0.3425	0.0	0.0	0.1234	0.0	0.342463825576	12.8006389283	9.34194803403	6.25506178423	1.98083927598	11.5976539747	0.1234	0.920713919279	1.1116681406	0.0	0.0	0.0	0.0	3.70670264862	8.04199802523	5.15585839469	0.0	0.3425	0.1234	0.0	0.0	0.0	6.14464255071	0.0	0.0	0.0	4.89514105285	0.7778	0.0	0.440687414816	0.619069086005	0.1234	1.05081098518	0.237071701805	1.56793997692	0.1234	0.0	0.440629046108	0.0	3.21811514631	0.0	0.0	0.0	0.0	0.0	0.920768036393	0.0	3.95119533574	0.237071701805	0.0	7.86267629442	0.0	0.1234	0.0	12.2542950116	7.57104447061	9.44185389296	7.86651548951	0.0	0.0	0.0	0.0	0.0	0.0	8.73020486431	0.3425	0.440653620481	0.0	3.48298933431	3.08774590252	17.4777540929	5.60554246743	0.0	0.0	0.0	0.0	0.0	0.0	0.0	0.0	0.0	0.1234	0.1234	0.0	0.0	0.0	1.11172985518	0.0	2.6065739053	6.86501560682	0.1234	6.40703693514	0.0	1.38268199977	5.44917503257	0.0	0.0	0.0	0.0	0.0	0.0	0.0	7.63208505384	9.63180139222	0.0	0.0	0.0	0.0	0.237071701805	2.76660800194	15.2113396844	7.10663660611	3.27245205981	4.78264309926	0.0	0.440687414816	2.6482517751	0.0	0.0	0.0	0.0	4.16743368349	0.0	0.0	0.619069086005	0.1234	5.94787782358	0.0	0.342463825576	0.0	0.0	0.0	0.237071701805	0.0	0.0	0.0	0.987179119078	0.2371	0.0	5.41941198202	0.1234	8.96825812453	1.43130416674	0.0	0.0	0.0	0.0	0.0	0.0	1.73202931506	0.0	0.0	0.0	0.0	0.85102221238	0.1234	0.0	0.0	1.05086181004	0.0	0.0	0.0	0.0	0.1234	0.0	1.65228886514	0.0	0.0	0.0	0.2371	0.0	0.0	0.0	0.0	0.1234	0.0	1.17013314766	0.0	0.0	0.987247822671	0.0	0.0	1.17011662024	0.619057964466	0.619047370317	0.1234
TCGA-C8-A132	5.99720165123	8.0270384012	0.0	0.0	0.0	0.0	0.0	0.0	0.0	0.0	0.0	0.0	2.44657616172	0.6382	0.0	12.1363513342	9.93381133248	7.54999093521	2.5868274866	11.7207525484	0.0	0.0	3.66501337888	0.0	0.0	0.0	0.0	6.07071701458	9.10090129407	5.45433956859	0.0	0.6382	0.0	0.0	0.0	0.0	6.92771819197	0.0	0.0	0.0	4.9037453476	0.0	0.0	0.6382	1.0792	0.0	2.11717796149	0.6382	2.94053726691	0.0	0.0	2.11717796149	0.0	2.9405323562	0.0	0.0	0.0	0.0	0.0	1.07913722241	0.0	4.35579017991	1.41643456039	0.0	11.3566519952	0.0	0.6382	0.6382	12.2236790517	8.20086594683	9.91730212217	10.5172263777	0.0	0.0	0.0	0.0	0.0	0.0	9.11540870118	0.0	1.41638486857	0.0	4.18975182672	2.29130252486	17.715568702	5.65883229873	0.0	0.0	0.6382	0.0	0.0	0.0	0.6382	0.0	0.0	0.0	0.6382	0.0	0.0	0.0	1.07913722241	0.6382	2.94052033975	1.41638486857	1.0792	6.33211212755	0.0	1.91913352885	5.50824235039	0.0	0.0	0.0	0.0	0.0	0.0	0.0	7.77554382154	8.55897047015	0.0	0.0	0.6382	0.0	0.0	2.83200008242	14.9944514017	7.64531394722	3.53257360676	4.63957917248	0.0	0.0	1.0792	0.0	0.0	0.0	0.0	4.09895574023	0.0	0.0	0.0	0.0	6.84635427973	0.0	0.6382	0.0	0.0	0.0	0.0	0.0	0.6382	0.0	0.0	0.0	0.0	6.55341942608	0.6382	10.4458669327	1.07913722241	0.0	0.0	0.0	0.0	0.0	0.0	1.9192	0.0	0.0	0.0	0.0	0.0	0.6382	0.0	0.0	1.68955519558	0.0	0.0	0.0	0.0	0.6382	0.0	1.07913722241	0.0	0.0	0.0	1.07913722241	0.0	0.0	0.0	0.0	0.0	0.0	1.91916859957	0.0	0.0	0.6382	0.0	0.0	2.29127542793	0.0	0.0	0.0
TCGA-BH-A0E2	3.21538437143	8.12829513209	0.0	0.0	0.0	0.0	0.0	0.0	0.0	0.0	0.0	0.0	1.61917561143	0.5464	1.38492000064	9.70504064127	7.89983645503	8.40799866512	1.99747628491	9.24330242893	0.0	0.0	0.941762698464	0.0	0.0	0.0	0.0	1.72344172593	6.85369620059	6.79806548892	0.0	0.2989	0.0	0.0	0.0	0.0	4.96165618068	0.0	0.0	0.0	5.16968858043	0.2989	0.0	0.2989	0.0	0.0	0.2989	0.5464	2.29687209352	0.0	0.0	2.36291108143	0.0	1.72346060015	0.7576	0.0	0.0	0.0	0.0	1.50679528981	0.0	2.80443559002	0.0	0.0	12.5859421732	0.0	0.0	0.0	13.0751954654	6.62037888778	9.16559437949	10.2321889522	0.0	0.0	0.0	0.0	0.0	0.0	8.95219652381	0.0	1.25176071368	0.0	3.59106808427	2.22762438063	17.1954904041	3.41542712186	0.0	0.0	0.0	0.0	0.0	0.0	0.0	0.0	0.0	0.0	0.0	0.0	0.5464	0.0	0.2989	0.0	3.56324131605	2.22765057326	0.2989	5.03437405939	0.0	0.0	1.99743994536	0.0	0.0	0.0	0.0	0.0	0.0	0.0	4.83932548835	9.91162589573	0.0	0.0	0.0	0.0	0.0	1.25177601268	14.924410059	5.03439134605	1.5067910264	4.54427166367	0.0	0.0	0.0	0.0	0.0	0.0	0.0	4.71836654606	0.0	0.0	0.0	0.0	2.9831	0.0	0.0	0.0	0.0	0.2989	0.2989	0.0	0.0	0.0	0.546375567466	0.0	0.0	6.4021642816	0.0	9.82602797535	1.72340860997	0.0	0.0	0.0	0.0	0.0	0.0	1.1051	0.0	0.0	0.0	0.0	0.5464	0.5464	0.0	0.0	0.0	0.0	0.0	0.0	0.757572001386	0.2989	0.0	0.0	0.0	0.0	0.0	0.2989	0.0	0.0	0.0	0.0	0.0	0.0	0.0	0.2989	0.0	0.0	0.0	0.0	1.82064489598	0.0	0.0	0.0
TCGA-D8-A1XG	4.9593029866	7.81044312537	0.5563	0.0	0.0	0.0	0.0	0.0	0.0	0.0	0.0	0.0	0.956789838593	0.956789838593	0.9568	10.8805393347	8.0210578497	5.91361665084	1.7452	11.2489925853	0.0	0.5563	3.37982411299	0.0	0.0	0.0	0.0	4.27415500442	7.24814790992	4.84587336925	0.0	0.0	0.0	0.0	0.0	0.0	7.48633326596	0.0	0.0	0.0	3.50469213731	0.9568	0.0	0.0	0.0	0.0	0.0	0.5563	1.26992657816	0.0	0.0	1.26991839929	0.0	2.83112330775	0.0	0.0	0.0	0.0	0.0	1.26992657816	0.0	2.25216908075	0.0	0.0	11.9012341838	0.0	0.0	0.0	11.0204677289	7.10752476506	9.76480796769	8.82227417344	0.0	0.0	0.0	0.0	0.0	0.0	7.75179754097	0.0	0.0	0.0	4.3757562413	1.74520921847	17.8961842498	5.02335462803	0.0	0.0	0.0	0.0	0.0	0.0	0.0	0.0	0.0	0.0	0.5563	0.0	0.0	0.5563	0.0	0.0	1.26992657816	2.25212247943	0.0	5.83253331887	0.0	0.0	3.77641022273	0.0	0.0	0.0	0.0	0.0	0.0	0.0	7.72957726043	7.29643342215	0.956789838593	0.0	0.0	0.0	0.0	2.62648728458	15.5343551462	4.43967246495	2.2521131735	3.77639383889	0.0	0.0	0.956789838593	0.0	0.0	0.0	0.0	4.20222487144	0.0	0.0	0.0	0.0	2.38798301707	0.0	0.0	0.0	0.0	0.0	0.0	0.0	0.5563	0.0	2.10211725833	0.0	0.0	5.25430310731	0.0	7.89551968179	0.0	0.0	0.0	0.0	0.0	0.0	0.0	1.7452	0.0	0.0	0.0	0.0	0.0	0.0	0.0	0.0	1.26992657816	0.0	0.0	0.0	0.0	0.0	0.0	0.0	0.0	0.0	0.0	0.0	0.0	0.0	0.0	0.0	0.0	0.0	1.5270701765	0.0	0.0	0.0	0.0	0.0	1.52705648926	0.0	0.0	0.0
TCGA-E2-A15J	5.57558657829	7.63686472012	0.0	0.0	0.0	0.0	0.0	0.0	0.0	0.0	0.0	0.0	0.0	0.6198	0.0	10.9681238078	8.34492639185	8.17587612716	2.40416448042	11.9315790012	0.0	0.0	1.384	0.0	0.0	0.0	0.0	4.77062126064	8.61753259147	6.0892488963	0.0	0.0	0.0	0.0	0.0	0.6198	7.78459102433	0.0	0.0	0.0	4.48966065138	0.6198	0.0	1.3840853718	0.0	0.0	0.0	0.0	2.4041295074	0.0	0.0	1.88098938099	0.0	4.48969079405	0.0	0.0	0.0	0.0	0.0	2.24996495195	0.0	3.73804769481	0.0	0.0	13.8840032639	0.0	0.0	0.0	13.2918161256	7.65617707809	8.66408037268	9.1394663633	0.0	0.0	0.0	0.0	0.0	0.0	8.61950456577	0.6198	1.05194577989	0.0	5.28923534227	2.54345209042	17.8215704215	5.8006355425	0.0	0.0	0.0	0.0	0.0	0.0	0.6198	0.0	0.0	0.0	0.0	0.0	0.0	0.0	0.0	0.0	0.6198	1.052	0.0	4.68297337118	0.0	0.6198	4.45483833071	0.0	0.0	0.0	0.0	0.0	0.0	0.0	7.94713450822	8.21026707523	0.0	0.6198	0.0	0.0	0.0	2.54347748099	14.4235709222	4.95666393941	2.9957718581	3.9023845977	0.0	0.0	0.6198	0.0	0.0	0.0	0.0	6.03122936589	0.0	0.0	0.0	0.0	5.16522443495	0.0	0.0	0.0	0.0	0.0	0.0	0.0	0.0	0.0	0.0	0.0	0.0	6.08921114687	0.6198	9.77879667751	0.0	0.0	0.0	0.0	0.0	0.0	0.0	1.6538	0.0	0.0	0.0	0.0	1.384	0.0	0.0	0.0	0.0	0.0	0.0	0.0	0.0	0.0	0.0	0.0	0.0	0.0	0.0	0.0	0.0	0.0	0.0	0.0	0.0	0.0	0.0	0.0	0.0	0.0	0.0	0.0	2.07720755166	0.6198	0.0	0.0
TCGA-AO-A12D	6.11672051487	7.0416685583	0.0	0.0	0.0	0.0	0.0	0.0	0.0	0.0	0.0	0.0	0.5877	1.0042	1.81330362511	10.9852162938	8.55708659937	6.34803656	3.0073004778	11.1125625906	0.0	0.0	2.81447241217	0.0	0.0	0.0	0.0	5.03040889254	8.27741724801	5.19793587284	0.0	1.0042	0.0	0.0	0.0	0.0	6.97975143459	0.0	0.5877	0.0	4.56254729963	0.0	0.0	0.0	0.0	1.0042	1.0042	0.5877	1.8132490084	0.0	0.0	2.0061998661	0.0	2.0062476457	0.0	0.0	0.0	0.5877	0.0	2.32864223837	0.0	2.81447241217	0.0	0.0	13.7962626732	0.0	0.0	0.0	11.7266134156	7.74631786614	9.31659853422	9.37568515567	0.0	0.0	0.0	0.0	0.0	0.0	8.77645764064	0.0	1.00410430349	0.0	4.29329120085	2.81447083586	17.9415227181	4.78935235947	0.0	0.0	0.0	0.0	0.0	0.0	0.5877	0.0	0.0	0.0	0.0	0.0	0.0	0.0	0.0	0.0	1.32692837402	0.0	0.0	5.07410602387	0.0	0.5877	4.32983217598	0.0	0.0	0.0	0.0	0.0	0.0	0.0	6.84112392835	8.03338525727	0.0	0.0	0.0	0.0	0.5877	3.17731693235	15.526633243	6.05257028402	2.59186818332	4.36546383211	0.0	0.0	0.5877	0.0	0.0	0.0	0.0	5.49998728221	0.0	0.0	0.0	1.32685185978	4.40025323005	0.0	0.0	0.0	0.0	0.0	0.0	0.0	0.0	0.0	0.0	0.0	0.0	6.87241213251	0.5877	9.66826424174	1.00410430349	0.0	0.0	0.0	0.0	0.0	0.0	1.8133	0.0	0.0	0.0	0.0	1.0042	0.0	0.0	0.0	1.8133238786	0.0	0.0	0.0	0.0	0.0	0.0	2.00618214714	0.0	0.0	0.0	0.0	0.0	0.0	0.0	0.0	0.0	0.0	0.5877	0.0	0.0	0.0	0.0	0.0	2.00615208492	1.0042	0.0	0.0
TCGA-E2-A3DX	3.58303235106	6.86399329063	0.0	0.0	0.0	0.2048	0.2048	0.2048	0.0	0.543656651584	0.0	0.0	0.2048	0.0	0.0	10.5300777874	8.23619360427	6.19898272498	1.71733033258	11.3691466232	0.0	0.384108534048	0.3842	0.0	0.0	0.0	0.0	3.2312114108	6.9625520221	5.9546833751	0.0	0.0	0.0	0.0	0.0	0.0	4.55937497027	0.0	0.0	0.0	5.11745766818	0.0	0.0	0.543656651584	0.0	0.0	0.687230028065	0.2048	0.68726927032	0.0	0.0	1.4212172965	0.0	1.57684716565	0.0	0.0	0.0	0.0	0.0	1.42126698642	0.0	2.69865498768	0.2048	0.0	10.9785692871	0.0	0.0	0.0	12.9357793054	6.28897078206	7.86061440631	8.16205806308	0.0	0.0	0.0	0.0	0.0	0.0	9.10618836587	0.2048	1.15088750686	0.0	3.20752581661	1.64881564825	18.4148235142	2.01833527828	0.0	0.0	0.0	0.0	0.0	0.0	0.0	0.0	0.0	0.0	0.543574756698	0.0	0.0	0.0	0.543656651584	0.0	2.1230627933	0.3842	0.0	5.47501258186	0.0	0.68726927032	5.32384502376	0.0	0.0	0.0	0.0	0.0	0.0	0.0	6.20493449155	8.04524528655	0.0	0.0	0.0	0.0	0.817799685459	1.90538373182	15.8459470776	6.18690254853	3.96765826041	5.39362089332	0.0	0.0	0.687304161378	0.0	0.2048	0.0	0.2048	3.38662125587	0.0	0.0	0.2048	0.0	3.6546837888	0.0	0.0	0.0	0.0	0.2048	0.0	0.0	0.0	0.0	1.24675184764	0.0	0.0	5.12378590404	0.2048	7.89150815734	1.42117334202	0.2048	0.0	0.0	0.0	0.0	0.0	0.0	0.0	0.0	0.0	0.0	0.3842	0.0	0.0	0.0	0.384108534048	0.0	0.0	0.0	0.0	0.0	0.0	0.817799685459	0.0	0.0	0.0	0.2048	0.0	0.0	0.0	0.0	0.0	0.0	0.2048	0.0	0.0	0.543574756698	0.0	0.0	1.24677847469	0.384108534048	0.0	0.0
TCGA-BH-A0B7	5.65869724091	7.81289168136	0.0	0.0	0.873541213591	0.0	0.0	0.0	0.0	0.0	0.0	0.0	0.8736	0.5019	0.0	13.4039211721	9.57763840203	6.85080732893	2.11393504995	11.1811174658	0.0	0.5019	3.61286554501	0.0	0.0	0.0	0.0	5.11702349825	8.59516111535	5.71691552966	0.0	1.1688	0.5019	0.0	0.0	0.5019	6.67399411514	0.0	0.0	0.0	4.89290074572	0.0	0.0	0.5019	0.0	0.5019	0.0	0.5019	1.41376922745	0.0	0.0	0.873541213591	0.0	3.08571257623	0.0	0.5019	0.0	0.0	0.0	1.80593322892	0.0	4.4738259838	0.0	0.0	11.1963450991	0.0	0.0	0.0	11.4381127927	8.21151364535	9.41574912941	9.81142559906	0.5019	0.0	0.0	0.0	0.0	0.0	9.28322566631	0.0	1.41376922745	0.0	4.23974767936	2.68018554784	17.3432579334	5.41309801547	0.0	0.0	0.0	0.0	0.0	0.0	0.0	0.0	0.0	0.0	0.5019	0.0	0.0	0.0	1.41380190258	0.0	2.85629424672	0.5019	0.5019	6.83514786998	0.8736	1.6231462971	5.15122597622	0.0	0.0	0.0	0.0	0.0	0.0	0.0	7.54043761517	8.88014637642	0.0	0.0	0.0	0.0	0.0	3.56300516096	14.6689049474	8.09999681065	3.22063292807	5.34091106526	0.0	0.5019	1.1688	0.0	0.0	0.0	0.5019	5.06414636905	0.0	0.0	0.5019	0.0	6.73727536068	0.0	0.0	0.0	0.0	0.0	0.0	0.0	0.0	0.0	0.0	0.0	0.0	7.08105103921	0.0	10.0072780808	0.8736	0.0	0.0	0.0	0.0	0.0	0.0	1.80597463564	0.0	0.0	0.0	0.0	0.8736	0.0	0.0	0.0	1.6231462971	0.0	0.0	0.0	0.5019	0.0	0.0	1.96815961627	0.0	0.0	0.0	0.0	0.0	0.0	0.0	0.0	0.0	0.0	0.5019	0.0	0.0	0.5019	0.0	0.0	2.36761198932	0.5019	0.5019	0.0
TCGA-BH-A1F0	5.77628849277	8.08805694199	0.7569	0.0	0.0	0.7569	0.0	0.7569	0.0	0.0	0.0	0.0	1.25078653964	1.61804554783	1.61803511254	13.8190598634	9.51889077949	6.78129808885	2.98154155196	11.0200886225	0.0	0.0	2.84971852401	0.0	0.0	0.0	0.0	4.43934456891	10.0562913272	6.45809568993	0.7569	0.7569	0.0	0.0	0.0	0.7569	7.91741850916	0.0	0.7569	0.0	5.17724621502	0.7569	0.0	1.2508	0.0	0.0	0.7569	0.7569	2.54322355638	0.0	0.0	1.61804554783	0.0	4.189514175	0.0	0.0	0.0	0.0	0.0	3.10238630484	0.0	4.13394958429	1.2508	0.0	10.2162656669	0.0	0.0	0.0	13.9278219638	8.68462040717	10.2712677516	9.00246727856	0.0	0.0	0.0	0.0	0.0	0.0	9.49976886634	0.0	1.61803511254	0.0	5.09220571027	4.34453237621	17.5116034808	3.95297740906	0.0	0.0	0.0	0.0	0.0	0.0	0.0	0.0	0.0	0.0	0.0	0.0	0.0	0.0	1.25078653964	0.0	2.98155893619	0.0	0.7569	7.104236427	0.7569	0.7569	4.83766091731	0.0	0.0	0.0	0.0	0.0	0.0	0.0	8.16291174859	7.45557840279	0.0	0.0	0.7569	0.0	0.7569	3.58945209714	16.3388752861	8.67001042176	3.41384484194	5.7395358956	0.0	0.0	1.61803511254	0.0	0.0	0.0	0.0	4.65216322234	0.0	0.0	0.7569	0.0	5.60290826703	0.0	1.2508	0.0	0.0	0.0	0.0	0.0	0.0	0.0	0.0	0.0	0.0	6.18476274743	0.0	9.45227667429	1.2508	0.0	0.0	0.0	0.0	0.0	0.0	1.91048240355	0.0	0.0	0.0	0.7569	1.25078653964	0.7569	0.0	0.0	3.50433005929	0.0	0.7569	0.7569	0.7569	0.0	0.0	2.5432088048	0.0	0.0	0.0	0.0	0.0	0.0	0.0	0.0	0.0	0.0	1.2508	0.0	0.0	0.7569	0.0	0.0	0.7569	0.7569	0.0	0.0
TCGA-BH-A18U	5.93039591536	7.50674555741	0.0	0.0	0.0	0.0	0.0	0.0	0.0	1.89783487219	0.0	0.0	0.9327	2.21267980756	0.0	11.6756154248	7.86834969993	7.48497673803	1.89782507948	11.0704571702	0.0	0.0	1.4945	0.0	0.0	0.9327	0.0	4.51177438426	8.32201154728	6.52180847192	0.0	0.9327	0.0	0.0	0.0	0.0	8.42861438372	0.0	0.0	0.0	4.39198497759	0.0	0.0	0.0	0.0	0.0	0.0	0.9327	4.51181805418	0.0	0.0	2.21267193484	0.0	5.22324331527	0.0	0.0	0.0	0.0	0.0	3.04802247227	0.0	4.32812671963	0.0	0.0	11.6570179093	0.0	0.9327	0.0	12.0698370896	8.12943097845	9.43031255742	9.17527604585	0.0	0.0	0.0	0.0	0.0	0.0	9.04976058307	0.0	0.0	0.0	4.86662478889	3.77865405804	18.0534655012	4.86669075796	0.0	0.0	0.0	0.0	0.0	0.0	0.9327	0.0	0.0	0.0	0.0	0.0	0.0	0.0	0.0	0.0	0.0	0.9327	0.0	6.32323874772	0.9327	0.0	3.87117200566	0.0	0.0	0.0	1.89782507948	0.0	0.0	0.0	7.2553635525	10.2567352101	0.0	0.0	0.0	0.0	0.0	2.88008892352	15.2854555767	5.95173097467	1.89783487219	4.77383790991	0.0	1.49451295135	0.9327	0.0	0.0	0.0	0.0	2.69001770306	0.0	0.0	0.9327	0.0	3.57365529124	0.0	0.0	0.0	0.0	0.0	0.9327	0.0	0.0	0.0	0.0	0.0	0.0	6.80585202769	0.9327	8.61741348944	0.0	0.0	0.9327	0.0	0.0	0.0	0.0	1.49451295135	0.0	0.9327	0.0	0.0	1.4945	0.0	0.0	0.0	2.471	0.0	0.0	0.0	0.0	0.0	0.0	0.0	0.0	0.0	0.0	0.9327	0.0	0.0	0.0	0.0	0.0	0.0	0.9327	0.0	0.0	0.0	0.0	0.0	1.89783487219	0.0	0.0	0.0
TCGA-E2-A154	5.20520538909	6.25496553282	0.0	0.0	0.0	0.0	0.0	0.0	0.0	0.0	0.0	0.0	1.23019468459	0.0	0.292	10.9518904933	9.19816742382	7.12086661527	2.19822358638	10.9002035042	0.0	0.923958210692	3.68810910087	0.0	0.0	0.0	0.0	3.80846505804	7.47566818021	5.0959501313	0.0	0.5347	0.292	0.0	0.0	0.0	6.95077340017	0.0	0.0	0.0	4.82614526911	0.292	0.0	0.292	0.0	0.292	1.79391593049	0.0	1.23016233741	0.0	0.0	1.59399170689	0.0	2.72421392107	0.0	0.0	0.0	0.0	0.0	0.742445359223	0.0	3.47180705826	0.74241785221	0.0	10.3897187613	0.0	0.0	0.0	13.1414848826	7.99269832178	10.0218672722	8.11331396354	0.0	0.0	0.0	0.0	0.0	0.0	8.13764580438	0.0	0.923958210692	0.0	4.43546792954	2.9078944784	17.6608344949	5.14246742268	0.0	0.0	0.0	0.0	0.0	0.0	0.292	0.0	0.0	0.0	0.0	0.0	0.0	0.0	1.36194263714	0.0	2.67439194793	1.48267684494	0.292	5.62143000167	0.0	0.923958210692	5.45437955423	0.0	0.0	0.0	0.0	0.0	0.0	0.0	6.83081280229	6.93234092558	0.0	0.0	0.0	0.0	0.0	1.59401304697	15.6322193913	4.22662944378	3.03179576261	3.10882991875	0.0	0.0	1.08517264695	0.0	0.0	0.0	0.292	4.75605863358	0.0	0.0	0.5347	1.0851346683	5.5403331612	0.0	0.0	0.0	0.0	0.0	0.0	0.0	0.0	0.0	2.12590511809	0.0	0.0	5.81783382751	0.0	9.04112928065	1.69741280241	0.0	0.0	0.0	0.0	0.0	0.0	1.88433581557	0.0	0.0	0.0	0.0	0.0	0.5347	0.0	0.0	0.0	0.0	0.0	0.292	0.0	0.0	0.0	0.74241785221	0.0	0.0	0.0	0.534731766699	0.0	0.0	0.0	0.0	0.0	0.0	0.0	0.0	0.0	0.0	0.292	0.0	1.59406867028	0.292	0.0	0.0
TCGA-AR-A1AJ	5.40487315744	8.9041863219	0.0	0.4831	0.8444	0.0	0.0	0.0	0.0	0.0	0.0	0.0	0.0	0.0	4.58919304999	12.8759870751	9.8149500031	6.79672132421	2.62545746073	12.1222916958	0.4831	1.57957266186	3.55332716457	0.0	0.0	0.0	0.0	3.45210375842	9.40086521586	6.31035456791	0.0	0.8444	0.0	0.0	0.0	0.0	7.57843448239	0.0	0.0	0.0	5.783897508	0.8444	0.0	0.0	0.0	0.0	1.37351211194	0.0	2.19527623512	0.0	0.0	1.13307797012	0.0	3.69294243587	0.0	0.0	0.0	0.0	0.0	2.88051930934	0.0	1.75981781574	0.0	0.0	13.0506233646	0.0	0.0	0.0	12.7931402626	8.28928237746	10.2579876647	8.59554001224	0.0	0.0	0.0	0.0	0.0	0.0	9.43942700557	0.0	1.57955810836	0.0	6.71170061078	4.65892500172	18.0568860021	4.98310954143	0.0	0.0	0.0	0.0	0.0	0.0	1.37353076005	0.4831	0.0	0.0	0.844375774207	0.0	0.0	0.0	0.844375774207	0.844375774207	2.19531885249	0.0	0.0	6.06669698235	0.0	1.1331	4.86989899756	0.0	0.0	0.0	0.0	0.0	0.0	0.0	7.59926364583	7.87579501206	0.0	0.0	0.0	0.0	0.0	4.78920671	14.8116544023	8.68049515364	3.34314404685	6.33897961337	0.0	0.4831	1.37349532397	0.0	0.0	0.0	0.4831	4.49050564461	0.0	0.0	1.37353076005	0.0	7.62276595936	0.8444	1.75980639485	0.0	0.0	0.0	0.0	0.0	0.0	0.0	1.13307797012	0.0	0.0	6.44814215219	0.8444	9.54454956143	1.75984336643	0.0	0.0	0.0	0.0	0.0	0.0	1.3735	0.0	0.0	0.0	0.0	1.37351211194	0.0	0.0	0.0	2.80039692572	0.0	0.0	0.0	0.4831	0.844375774207	0.0	2.06419287292	0.0	0.0	0.0	1.13307797012	0.0	0.0	0.0	0.0	0.0	0.0	1.1331	0.0	0.0	0.844375774207	0.0	0.0	2.06420845241	1.13305813766	0.0	0.0
TCGA-E9-A1RE	6.14341983595	7.05529130831	0.0	0.0	0.0	0.0	0.2023	0.0	0.0	1.32493841185	0.0	0.0	1.40914632506	0.679994373212	0.2023	11.8394128153	8.54389577154	7.54256490507	3.25995158747	11.1399690594	0.0	0.3797	1.40910204653	0.0	0.0	0.2023	0.0	5.55637867098	8.32777989674	5.92492466395	0.0	1.4091	0.0	0.0	0.0	0.0	6.98165407291	0.0	0.0	0.0	3.99111813692	0.2023	0.0	0.379689967352	0.0	0.3797	1.23551615469	0.809519026192	2.1081520694	0.0	0.0	1.70391972487	0.0	3.34789963819	0.0	0.0	0.0	0.0	0.0	1.32494507064	0.0	3.86256459182	0.3797	0.0	13.3490587583	0.0	0.0	0.0	12.8482382316	8.00074189278	9.06268940099	9.55471492441	0.2023	0.0	0.0	0.0	0.0	0.0	8.73798386186	0.2023	0.809549957551	0.0	4.35169307608	3.77014835227	17.5753025574	4.44437323446	0.0	0.0	0.0	0.0	0.0	0.0	0.0	0.0	0.0	0.0	0.379689967352	0.0	0.0	0.0	0.9284	0.537646339096	2.87217211386	0.0	0.0	5.10495033632	0.0	1.23551061113	5.24892940941	0.0	0.0	0.0	0.0	0.0	0.0	0.0	7.54490879548	9.15737047282	0.0	0.0	0.0	0.0	0.0	3.921109194	14.8230307661	5.64148737455	2.74839104944	4.97290617159	0.0	0.0	0.679952388046	0.0	0.2023	0.0	0.0	5.5237236481	0.0	0.0	0.537637346837	0.537646339096	5.84788472861	0.0	0.2023	0.0	0.0	0.0	0.0	0.0	0.0	0.0	0.809542509932	0.0	0.0	6.7869521857	0.8095	10.2464879091	1.32490303667	0.0	0.0	0.2023	0.0	0.0	0.0	2.10813385723	0.0	0.537646339096	0.0	0.2023	0.809549957551	0.0	0.0	0.0	1.32493841185	0.0	0.2023	0.0	0.0	1.23557174607	0.0	1.23553763669	0.0	0.0	0.379689967352	0.379689967352	0.0	0.0	0.0	0.0	0.0	0.0	0.3797	0.0	0.0	0.2023	0.0	0.0	1.23556620273	0.379689967352	0.2023	0.0
TCGA-BH-A18J	4.49057704177	8.06258247922	0.0	0.0	0.0	0.0	0.0	0.0	0.0	0.0	0.0	0.0	0.0	1.0524	0.0	11.6700156013	8.73939472356	7.15754447837	1.6544	11.8720131633	0.0	1.0524	2.0779	0.0	0.0	0.0	0.0	3.26178979282	7.94809044929	5.49291939859	0.0	0.0	0.0	0.0	0.0	0.0	6.44160043207	0.0	0.0	0.0	4.41997814422	0.0	0.0	0.0	0.0	0.0	2.4048695474	0.0	0.0	0.0	0.0	0.0	0.0	3.09047685016	0.0	0.0	0.0	0.0	0.0	2.89603913883	0.0	1.0524	0.0	0.0	11.3685805381	0.0	0.0	0.0	12.7877679675	7.78902342437	8.42915803504	8.60257819366	0.0	0.0	0.0	0.0	0.0	0.0	9.13345167131	0.0	1.65441459769	0.0	4.41998415376	2.0779	18.2434855644	6.54481882588	0.0	0.0	0.0	0.0	0.0	0.0	0.0	0.0	0.0	0.0	0.0	0.0	0.0	1.0524	0.0	0.0	1.0524	0.0	0.0	7.43330243721	0.0	0.0	6.49413868649	0.0	0.0	0.0	0.0	0.0	0.0	0.0	7.97295987374	7.99742828055	0.0	0.0	0.0	0.0	0.0	2.89604352252	14.7986109257	4.49058148497	3.41495212294	4.79965404442	0.0	0.0	1.0524	0.0	0.0	0.0	0.0	3.90322709327	0.0	0.0	0.0	0.0	5.18754433756	0.0	0.0	0.0	0.0	1.0524	0.0	0.0	0.0	0.0	1.6544	0.0	0.0	6.25138517842	0.0	8.11938029799	1.0524	0.0	0.0	0.0	0.0	0.0	0.0	1.6544	0.0	0.0	0.0	0.0	1.65441459769	0.0	0.0	0.0	1.65441459769	0.0	0.0	0.0	0.0	0.0	0.0	0.0	0.0	0.0	0.0	0.0	0.0	0.0	0.0	0.0	0.0	0.0	0.0	0.0	0.0	1.0524	0.0	0.0	0.0	0.0	0.0	0.0
TCGA-BH-A0BT	5.89652854591	7.40974859024	0.0	0.0	0.0	0.0	0.0	0.5619	0.0	1.28014641803	0.0	0.0	0.5619	1.28014641803	4.7395144832	11.4220137418	9.25953089919	5.21683017993	3.02551423527	10.3289497935	0.0	0.5619	3.45940058841	0.0	0.0	0.0	0.0	5.10150061413	8.41764186901	4.79010718417	0.0	0.0	0.965266507776	0.0	0.0	0.0	7.78168712242	0.0	0.0	0.0	5.32366255807	0.5619	0.5619	0.0	0.0	0.9652	1.2801	0.0	1.28009295148	0.0	0.0	1.28014641803	0.0	4.06299164998	0.0	0.0	0.0	0.0	0.0	1.28014641803	0.0	2.26585395575	0.0	0.0	14.2461199044	0.0	0.0	0.0	13.5261763481	7.34366617589	9.37991731696	8.61104167218	0.5619	0.0	0.0	0.0	0.0	0.0	8.0694173003	0.0	1.28014641803	0.0	3.3287916317	1.94751816982	17.0528801938	5.97512454214	0.0	0.0	0.0	0.0	0.0	0.0	0.0	0.0	0.0	0.0	0.5619	0.0	0.0	0.0	0.5619	0.5619	3.63555882377	0.5619	0.0	8.57541765132	0.0	1.28009295148	5.7382620239	0.0	0.0	0.0	0.0	0.0	0.0	0.0	6.67844579669	8.56460798047	0.0	0.0	0.0	0.0	0.5619	3.25871820092	14.9163562863	6.43023677228	3.02552927652	3.79255844107	1.5384	0.0	0.965266507776	0.0	0.0	0.0	0.0	4.02128264605	0.0	0.0	0.0	0.0	5.0192144618	1.75739897544	3.32880171585	0.0	0.0	0.0	0.0	0.0	0.0	0.0	1.75743738161	0.0	0.0	5.89652273517	0.0	8.41562741852	0.5619	0.0	0.0	0.0	0.0	0.0	0.0	2.1155	0.0	0.0	0.0	0.0	0.5619	0.0	0.0	0.0	3.10752031533	0.0	0.0	0.0	0.5619	0.5619	0.0	0.5619	0.0	0.0	0.0	0.0	0.5619	0.0	0.0	0.0	0.0	0.0	0.5619	0.0	0.0	0.5619	0.0	0.0	1.53837342753	0.5619	0.0	0.0
TCGA-E2-A1LK	5.81667531285	6.87170498937	0.0	0.0	0.8229	0.0	0.0	0.0	0.0	0.0	0.0	0.0	0.0	0.0	6.08527359516	10.9659999019	7.131115114	8.03163038656	3.64780004219	11.5661598668	0.8229	0.0	3.81477037083	0.0	0.0	0.8229	0.0	5.5587929902	8.82378672774	5.67188068524	0.0	1.3436	0.8229	0.0	0.0	0.0	7.15467611396	0.0	0.0	0.0	3.73365192219	0.0	0.0	1.7254	0.0	1.34364460563	0.0	0.0	2.02703939331	0.0	0.0	2.98556444877	0.0	3.89153207258	0.0	0.0	0.0	0.0	0.0	3.11925017793	0.0	5.05727024742	0.8229	0.0	16.2903233619	0.0	0.0	0.0	12.0850616195	8.53471143101	9.50858745134	9.9043717962	0.0	0.0	0.0	0.8229	0.0	0.0	9.39623038671	0.8229	0.0	0.0	4.63447297259	3.89153807119	17.6827584774	6.13351737778	0.0	0.0	0.0	0.0	0.0	0.0	1.34364460563	0.0	0.0	0.0	0.0	0.0	0.0	0.0	0.0	0.8229	3.73369029287	0.0	0.0	5.05724686757	0.0	0.0	2.98557874145	0.0	0.0	0.0	0.0	0.8229	0.0	0.0	7.75175347063	9.10133668789	0.0	0.0	0.0	0.0	0.0	4.76252574144	15.0212004525	4.76253477681	0.0	6.72212178722	0.8229	0.0	0.0	0.0	0.0	0.0	0.0	6.57859836837	0.0	0.0	1.3436	0.8229	7.0663878951	0.0	0.8229	0.0	0.0	2.98557389143	0.0	0.0	0.0	0.0	0.0	0.0	0.0	7.88448194146	0.8229	9.53875357566	0.8229	0.0	0.0	0.0	0.0	0.0	0.0	3.55648683395	0.0	0.0	0.0	0.0	0.0	0.8229	0.0	0.0	2.67411541698	0.0	0.0	0.0	0.0	1.34364460563	0.0	1.7254341724	0.0	0.0	0.0	2.4889042297	0.0	0.0	0.0	0.0	0.0	0.0	0.8229	0.0	0.0	0.0	0.0	0.0	2.48894452537	0.0	0.0	0.0
TCGA-A7-A13D	5.78779020696	8.08431304741	0.0	0.0	0.0	0.0	0.8654	0.0	0.0	0.0	0.0	0.0	0.8654	0.8654	6.40656715355	11.5582503358	8.61247128274	7.95648535911	2.10011390875	11.5468174666	0.0	0.8654	0.8654	0.0	0.0	0.0	0.0	4.31495936516	9.85686926001	5.52996788035	0.0	0.0	0.0	0.0	0.0	0.0	6.43422395988	0.0	0.0	0.0	4.37330741037	0.0	0.0	0.0	0.0	0.8654	2.35319141787	0.0	1.4026	0.0	0.0	1.40255271	0.0	3.32781547935	0.0	0.0	0.0	0.0	0.0	1.4026	0.0	5.36715530288	0.0	0.0	13.5654475496	0.0	0.0	0.0	11.9932119517	8.0263508815	8.76745041754	9.01447465258	0.0	0.0	0.0	0.0	0.0	0.0	8.43544864744	0.8654	0.8654	0.0	5.89127382958	4.7708726598	17.6539387741	6.09583692713	0.0	0.0	0.0	0.0	0.0	0.0	2.1002	0.0	0.0	0.0	0.0	0.0	0.0	0.0	0.0	0.0	2.1002	0.8654	2.92126445455	6.81736136367	0.0	0.0	5.5803915665	0.0	0.0	0.0	0.0	0.0	0.0	0.0	7.57637202135	8.96783363765	0.0	0.0	0.0	0.0	0.0	4.81364989474	15.5066131342	4.12416945324	1.79311381438	5.04671000213	0.0	0.0	1.40255271	0.0	0.0	0.0	0.0	5.0104067332	0.0	0.0	0.8654	0.0	8.14420266484	0.8654	1.40255271	0.0	0.0	0.0	0.0	0.0	0.0	0.0	2.35319141787	0.0	0.0	8.04891309199	0.0	9.27780987152	0.0	0.0	0.0	0.0	0.0	0.0	0.8654	2.56837462349	0.0	0.0	0.0	0.0	0.8654	0.0	0.0	0.0	3.54651930605	0.0	0.0	0.0	0.0	0.0	0.0	1.40255271	0.0	0.0	0.0	2.10011390875	0.0	0.0	0.0	0.0	0.0	0.0	1.79307773898	0.0	0.0	0.8654	0.0	0.0	1.79307773898	0.0	0.0	0.0
TCGA-B6-A0X0	4.55657227628	7.48474402982	0.0	0.0	0.0	0.0	1.0517	0.0	0.0	1.0517	0.0	0.0	0.0	0.0	0.0	11.3043278029	7.95914510353	7.18836965459	2.40380431452	10.8664337779	1.0517	0.0	3.90196293358	0.0	0.0	0.0	0.0	4.1833029747	7.51887367925	4.5566249108	0.0	0.0	0.0	0.0	0.0	0.0	6.03074736183	0.0	0.0	0.0	4.41860121681	0.0	0.0	1.0517	0.0	0.0	0.0	0.0	1.0517	0.0	0.0	0.0	0.0	3.26061082068	0.0	0.0	0.0	0.0	0.0	0.0	0.0	3.7944832858	0.0	0.0	11.0572351126	0.0	0.0	0.0	11.7458519416	7.35834903779	9.43012424365	8.99014787423	0.0	0.0	1.0517	0.0	0.0	0.0	8.3252734213	0.0	1.0517	0.0	4.79828696003	1.65349215995	17.4522694165	5.22807160729	0.0	0.0	0.0	0.0	0.0	0.0	0.0	0.0	0.0	0.0	0.0	0.0	0.0	0.0	1.0517	0.0	1.0517	3.41370045283	0.0	5.1862088181	0.0	0.0	4.00194915711	0.0	0.0	0.0	0.0	0.0	0.0	0.0	6.20871061387	7.38639670384	0.0	0.0	0.0	0.0	0.0	1.6535	13.9407306973	5.18620220814	2.67014668993	3.6784	0.0	0.0	0.0	0.0	0.0	0.0	0.0	4.55658590184	0.0	0.0	1.0517	0.0	6.16626739121	1.0517	0.0	0.0	0.0	0.0	0.0	0.0	0.0	0.0	0.0	0.0	0.0	5.22811016998	0.0	9.71621307631	1.0517	0.0	0.0	0.0	0.0	0.0	0.0	1.0517	0.0	0.0	0.0	0.0	1.6535	0.0	0.0	0.0	0.0	0.0	0.0	0.0	0.0	0.0	0.0	0.0	0.0	0.0	0.0	0.0	0.0	0.0	0.0	0.0	0.0	0.0	1.0517	0.0	0.0	0.0	0.0	0.0	0.0	0.0	0.0	0.0
TCGA-E2-A14P	5.09017205054	7.58167734332	0.0	0.3792	0.0	0.0	1.13913006704	0.0	0.0	0.927335978918	0.0	0.0	1.13906438122	2.38078041325	1.76755318536	12.1827911468	7.89214216653	8.63904539384	2.1064816602	12.1705542938	0.0	0.679190350591	1.139	0.0	0.0	0.3792	0.0	4.40184777906	8.50100993176	6.32285085684	0.0	0.6791	0.0	0.0	0.0	0.0	6.40707672886	0.0	0.0	0.0	3.7359375042	0.0	0.0	0.9273	0.0	1.32363205843	0.0	0.3792	3.18833141446	0.0	0.3792	1.32363205843	0.0	6.5152698546	0.0	0.0	0.0	0.0	0.0	1.32365939484	0.0	5.59964218011	0.3792	0.0	14.0330373134	0.0	0.0	0.3792	12.5610907653	8.02456872207	8.78379691693	8.7429179879	0.3792	0.0	0.3792	0.0	0.3792	0.0	9.10923172296	0.3792	1.88962360143	0.0	5.97545156768	5.28068228355	18.3925872944	6.82933376391	0.0	0.0	0.0	0.0	0.0	0.0	0.3792	0.0	0.0	0.0	0.679190350591	0.0	0.0	0.0	0.679190350591	0.0	2.46173462731	0.0	0.0	7.70943786972	0.0	1.1390333134	4.40180525499	0.0	0.3792	0.0	0.0	0.0	0.0	0.0	7.58395960012	7.74222954886	0.0	0.0	0.0	0.0	1.13906438122	4.97076429614	15.0600856545	7.32198729945	2.46171931223	5.88293678063	0.0	0.0	1.32363205843	0.0	0.0	0.0	0.0	4.81006300262	0.0	0.0	0.0	0.0	5.87554221626	0.0	0.0	0.0	0.0	0.0	0.0	0.0	0.0	0.0	0.927335978918	0.0	0.0	6.97431973615	0.679190350591	8.78382804648	0.679190350591	0.0	0.3792	0.0	0.0	0.0	0.679190350591	3.48797181192	0.0	0.0	0.0	0.3792	1.6341935084	0.0	0.0	0.0	3.94750481286	0.0	0.0	0.0	0.3792	0.0	0.0	2.00208231115	0.0	0.0	0.0	0.0	0.0	0.0	0.0	0.0	0.0	0.0	0.0	0.0	0.0	0.679190350591	0.0	0.0	0.927335978918	0.0	0.3792	0.0
TCGA-AO-A1KT	6.05040610565	10.1211810453	0.0	0.0	0.0	0.0	0.4203	0.0	0.0	0.0	0.0	0.0	0.745376405839	3.1885818726	2.13166023977	11.7138896436	9.38212665415	7.3092924638	3.29179941476	12.2137408198	0.0	0.4203	3.43402476621	0.0	0.0	0.0	0.0	5.84499657367	9.065345222	6.16366781958	1.42816413171	1.4282	0.0	0.0	0.0	0.0	7.2040707623	0.0	0.0	0.0	5.24280814735	0.4203	0.0	1.01052550853	0.0	0.7454	1.59896255173	0.0	1.88973421998	0.0	0.0	2.6806130538	0.0	4.04945680304	0.0	0.4203	0.0	0.0	0.0	2.68060854134	0.0	4.1897129135	0.745376405839	0.0	10.0465464462	0.0	0.0	0.0	14.2905137873	8.5522958235	9.46733387593	9.00009753462	0.0	0.0	0.0	0.0	0.0	0.0	9.09325217733	0.0	0.745376405839	0.0	3.56347736471	2.43210230427	18.5061621876	4.45737092054	0.0	0.0	0.0	0.0	0.0	0.0	0.0	0.0	0.0	0.0	1.01050587523	0.0	0.0	0.0	1.01050587523	0.0	2.01574416837	3.60421631294	0.0	6.78894900544	1.01050587523	0.745376405839	6.15676645245	0.0	0.0	0.0	0.0	0.0	0.0	0.0	7.86219020305	8.0395304232	0.0	0.0	0.0	0.0	0.745376405839	3.43405921073	16.0467496222	5.73022278552	4.04942608866	5.37801373596	0.0	1.01052550853	1.23438787932	0.0	0.0	0.0	0.0	5.87026314879	0.0	0.0	0.745376405839	0.4203	4.1071954998	0.4203	1.01052550853	0.0	0.0	0.0	0.4203	0.0	0.0	0.0	0.745376405839	0.0	0.0	6.04299216975	1.2344	8.083363478	1.7517	0.0	0.4203	0.0	0.0	0.0	0.0	1.75169440953	0.0	0.0	0.0	0.0	0.0	0.0	0.0	0.0	0.0	0.0	0.0	0.0	0.4203	0.4203	0.0	1.59896255173	0.0	0.0	0.0	1.42816413171	0.0	0.0	0.0	0.4203	0.0	0.0	1.01052550853	0.0	0.0	0.4203	0.0	0.0	1.75166072228	0.0	0.0	0.0
TCGA-BH-A0BG	5.24361362079	7.49250786964	0.0	0.0	0.0	0.0	1.3146	0.0	0.0	0.0	0.0	0.0	0.3757	0.0	0.6735	11.6872926517	8.34934994279	6.86688314535	0.3757	11.469628186	0.0	0.3757	2.28310848124	0.0	0.0	0.0	0.0	5.36312982451	8.5584394504	5.73758577083	0.3757	1.13082978034	0.0	0.0	0.0	0.0	6.78749316424	0.0	0.0	0.0	4.04163435653	0.0	0.0	1.31460644591	1.13082978034	0.0	0.920222260245	0.3757	2.28308470547	0.0	0.0	1.99084202562	0.0	3.35355435789	0.0	0.0	0.0	0.0	0.0	0.6735	0.0	3.9051062526	0.0	0.0	10.2055026541	0.0	0.0	0.0	13.125364414	9.48165959206	9.38423188257	9.40458026113	0.0	0.0	0.0	0.920222065808	0.0	0.0	9.39511242873	0.3757	0.673500230701	0.0	4.9836867648	3.81648675419	17.9326232224	3.47434146214	0.0	0.0	0.0	0.0	0.0	0.0	0.920222065808	0.3757	0.0	0.0	0.920222260245	0.0	0.0	0.0	1.31465133199	0.0	1.3145893621	0.3757	0.0	7.39642579368	0.0	1.13084884875	4.38753586967	0.0	0.0	0.6735	0.0	0.0	0.0	0.0	6.42756537113	8.67854856848	0.0	0.0	0.0	0.0	0.920222065808	4.94238984465	15.2609440354	7.65460400741	2.66780830915	5.19761346498	0.0	0.3757	0.920222260245	0.0	0.0	0.0	0.0	6.22445678384	0.0	0.0	0.0	1.13082978034	4.2364116487	0.0	0.3757	0.0	0.0	0.0	0.3757	0.0	0.0	0.0	2.09498749176	0.0	0.0	8.21861364802	0.0	9.04719294882	0.3757	0.0	0.673500230701	0.0	0.0	0.0	0.0	3.07670921296	0.0	0.0	0.0	0.0	0.920222065808	0.920222260245	0.0	0.0	1.13084884875	0.0	0.0	0.0	0.0	0.0	0.0	2.28308085738	0.0	0.0	0.0	0.673500230701	0.0	0.0	0.0	0.0	0.0	0.0	0.920222065808	0.0	0.0	0.673500230701	0.3757	0.0	0.920222065808	0.673500230701	0.0	0.0
TCGA-BH-A202	5.51928395926	7.79745509166	0.0	0.0	0.0	0.4935	0.0	0.0	0.0	0.0	0.0	0.0	1.15287694665	1.39581954806	0.0	12.1018569136	9.87074341037	5.89053169439	3.06026065616	12.1616817058	0.0	0.4935	3.19487910638	0.0	0.0	0.4935	0.0	4.62383836777	8.84245409772	5.49341779917	0.0	0.860535731186	0.0	0.0	0.0	0.0	6.69742931221	0.0	0.0	0.0	4.84470701406	0.0	0.0	0.0	0.0	0.0	1.1528477695	0.4935	1.60372562638	0.0	0.4935	1.94669477461	0.0	3.8940431786	0.0	0.0	0.0	0.0	0.0	2.45583283938	0.0	4.33414024584	0.0	0.0	10.2771642406	0.0	0.0	0.0	12.3918582971	8.41084320748	9.37185641536	8.69689515997	0.0	0.0	0.0	0.0	0.0	0.0	9.08819723452	0.4935	0.0	0.0	5.18916649472	4.24381313068	17.8945462215	4.36298013721	0.0	0.0	0.0	0.0	0.0	0.0	1.60377841582	0.0	0.0	0.0	0.0	0.0	0.0	0.0	0.860535731186	0.0	1.78542850332	1.60377841582	0.4935	6.29450772568	0.0	1.1528477695	6.15286356078	0.0	0.0	0.0	0.0	0.0	0.0	0.0	8.25968131228	7.35165001099	0.0	0.0	0.0	0.0	0.0	3.77016678665	15.0867760349	6.71432910818	3.43140377758	4.96262827461	0.0	0.0	0.8605	0.0	0.0	0.0	0.0	4.94360910254	0.0	0.0	0.8605	0.4935	4.27454560358	0.0	0.0	0.0	0.0	0.4935	0.0	0.0	0.0	0.0	1.15287694665	0.0	0.0	5.78778101355	0.0	8.99668232974	2.0918	0.0	0.0	0.0	0.0	0.0	0.4935	2.4559	0.4935	0.0	0.0	0.0	0.8605	0.0	0.0	0.0	3.37582409278	0.0	0.0	0.0	0.4935	0.0	0.0	0.4935	0.0	0.0	0.0	0.0	0.0	0.0	0.0	0.0	0.0	0.0	1.15287694665	0.4935	0.0	0.4935	0.0	0.0	1.94669477461	0.8605	0.0	0.0
TCGA-EW-A1P4	5.39445967567	9.17125650894	0.7332	0.0	0.0	0.7332	0.0	0.0	0.0	0.7332	1.21700998747	0.0	0.7332	0.0	1.21700998747	11.3755047915	9.33998441912	7.89143860662	3.16145774697	11.9203841808	0.0	0.0	4.55574222564	0.0	0.0	0.0	0.0	3.76380400809	8.9379382101	5.68187021879	0.0	0.0	0.0	0.0	0.0	0.7332	7.4581633832	0.0	0.0	0.0	5.22595681643	0.0	0.0	0.0	0.0	0.0	0.7332	0.0	2.65499295513	0.0	0.0	2.10816541873	0.0	3.61578173098	0.0	0.0	0.0	0.0	0.0	2.31437585937	0.0	5.22594311022	0.0	0.0	13.5942587575	0.0	0.0	0.0	12.2454392477	9.18446574882	10.5944221506	8.41257112149	0.0	0.0	0.0	0.7332	0.0	0.0	9.74706318091	1.217	0.0	0.0	6.69564402981	6.11306479043	17.9095109066	5.09231874872	0.0	0.0	0.0	0.0	0.0	0.0	0.7332	0.0	0.0	0.0	0.7332	0.0	0.0	0.0	0.7332	0.0	3.16151765949	0.0	0.7332	7.91138069284	0.7332	1.21700998747	5.00578600654	0.0	0.0	0.0	0.0	0.0	0.0	0.0	7.14372764486	8.84125929568	0.0	0.0	0.0	0.0	0.0	4.13401435097	14.359176363	7.5578755628	3.26454521168	4.67268493606	0.0	0.0	1.57867326612	0.0	0.7332	0.0	0.0	4.59577953068	0.7332	0.0	1.21700998747	0.7332	5.00572305349	0.0	0.0	0.0	0.0	1.21700998747	0.0	0.0	0.0	0.0	0.7332	0.0	0.0	8.454055065	0.0	10.4886672617	0.7332	0.0	0.0	0.0	0.0	0.0	0.7332	2.49466008232	0.0	0.7332	0.0	0.0	0.7332	0.0	0.0	0.0	1.217	0.0	0.0	0.0	0.0	0.0	0.0	1.21700998747	0.0	0.0	0.0	0.7332	0.0	0.0	0.0	0.0	0.0	0.0	1.8676	0.0	0.0	0.0	0.0	0.0	1.57867326612	0.0	0.0	0.0
TCGA-D8-A1JD	5.4947267682	7.63558581093	0.2861	0.0	0.0	0.5248	0.524744951187	0.0	0.0	0.0	0.0	0.0	0.908746310895	0.524744951187	0.729508156273	10.5600976947	9.20825468124	7.04870887455	1.67519747235	11.1638837652	0.0	0.5248	2.6968644505	0.0	0.0	0.0	0.0	4.1070483136	8.5849613223	6.08541233325	0.0	0.7295	0.0	0.0	0.0	0.0	6.371874817	0.0	0.0	0.0	5.18254461411	0.2861	0.0	1.06820495404	0.0	0.2861	1.21172126139	0.729508156273	2.48708097435	0.0	0.0	1.06818820332	0.0	3.25621025859	0.0	0.0	0.0	0.0	0.0	2.17302347013	0.0	4.43425952706	0.7295	0.0	11.5103160155	0.0	0.0	0.0	13.8746130771	8.26619254979	8.41269485828	8.11350334348	0.0	0.0	0.0	0.0	0.0	0.0	8.60458514359	0.0	0.908746310895	0.0	3.68312910922	2.24156703922	18.3579946846	3.95209487469	0.0	0.0	0.0	0.0	0.0	0.0	0.2861	0.0	0.0	0.0	0.0	0.0	0.0	0.0	1.34225757696	0.2861	1.06819465298	2.10108449279	0.524744951187	5.82010403018	0.0	0.2861	5.33929378788	0.0	0.0	0.0	0.0	0.0	0.0	0.0	7.10954539414	7.60504283397	0.0	0.0	0.0	0.0	0.2861	3.22275926519	15.917488339	5.70350656004	3.68315570051	4.17868443665	0.0	0.2861	1.06815043139	0.0	0.0	0.0	0.0	4.0698490671	0.0	0.0	0.2861	0.0	4.7720031137	0.0	0.0	0.0	0.0	0.0	0.2861	0.0	0.0	0.0	1.34225757696	0.0	0.0	6.07138360296	0.0	9.36476182979	1.34223815487	0.0	0.0	0.0	0.0	0.0	0.0	2.54242986913	0.0	0.0	0.0	0.0	0.524744951187	0.2861	0.0	0.0	0.908739107527	0.0	0.0	0.0	0.524744951187	0.0	0.0	1.46195663902	0.0	0.0	0.0	0.524744951187	0.0	0.0	0.0	0.0	0.0	0.0	0.524744951187	0.0	0.0	0.2861	0.0	0.0	1.21172710026	0.524744951187	0.729460389757	0.0
TCGA-C8-A27A	5.19729344046	11.4442217138	0.0	0.4365	0.0	0.0	0.4365	0.0	0.0	1.93612747144	0.4365	0.0	0.771153988956	4.47258659172	0.4365	11.028607751	9.12752051632	6.765188638	3.44544674885	10.7717725426	0.0	0.4365	3.70203182786	0.0	0.0	0.0	0.0	5.34259278839	8.33499196776	5.50851391434	0.4365	0.7712	0.0	0.0	0.0	0.4365	7.54041883291	0.0	0.0	0.0	4.53986778106	0.4365	0.0	0.4365	0.0	0.0	0.4365	0.0	2.38964834309	0.0	0.0	2.3895947213	0.0	4.78145293313	0.0	0.0	0.0	0.0	0.0	1.04261038558	0.0	5.46301102211	1.04264850504	0.0	10.7497695695	0.0	0.0	0.0	12.9963229859	8.80169042883	10.5043890289	9.17766138445	0.0	0.0	0.0	0.0	0.0	0.0	8.88384287084	0.0	0.7712	0.0	5.29141978168	4.62497295512	17.2914295674	6.25296809321	0.0	0.0	0.0	0.0	0.0	0.0	0.0	0.0	0.0	0.0	0.4365	0.0	0.0	0.0	0.771153988956	0.0	2.06356125306	6.47551431831	0.0	6.73200031399	4.665694857	1.46813508581	4.24955578507	0.0	0.0	0.0	0.0	0.0	0.0	0.0	7.5211088989	9.42833939476	0.0	0.0	0.4365	0.0	0.0	3.34872371492	16.7192965059	5.03572494829	2.94746807597	3.66232645211	0.0	0.0	1.9361303023	0.0	0.0	0.0	0.0	4.3777011939	0.0	0.0	1.04264850504	1.27106504989	3.24495538299	0.0	0.0	0.0	0.0	0.4365	0.0	0.0	0.0	0.0	2.38962899471	0.0	0.0	6.64810200256	0.0	11.0414719171	1.27106504989	0.4365	0.0	0.0	0.0	0.0	0.0	2.38968342487	0.0	0.0	0.0	0.0	0.4365	0.4365	0.0	0.0	0.771153988956	0.0	0.0	0.0	0.4365	0.0	0.0	0.4365	0.0	0.0	0.0	0.771153988956	0.0	0.0	0.0	0.0	0.0	0.0	0.0	0.0	0.0	0.0	0.0	0.0	1.93610105912	0.0	0.0	0.0
TCGA-E9-A248	5.7930841533	7.41514263966	0.0	0.0	0.0	0.0	0.0	0.0	0.0	0.7076	0.0	0.0	0.0	2.87401476248	1.53571661602	11.7075704097	12.3163388324	7.84272504969	2.2627	10.6205154989	0.0	0.0	1.18025625926	0.0	0.0	0.0	0.0	4.41008908439	9.07963255608	5.16274385563	0.7076	0.7076	0.0	0.0	0.0	0.0	7.7353716494	0.0	0.0	0.0	8.16258695026	2.05847616234	0.0	0.0	0.7076	0.7076	1.18025625926	0.0	1.82063885384	0.0	0.0	2.99355635151	0.0	4.12608732924	0.0	0.0	0.0	0.0	0.0	4.27506188634	0.0	5.80949110689	0.7076	0.0	11.4235715269	0.0	0.0	0.0	11.9775716719	8.68617013317	10.343086627	8.64336347349	0.0	0.0	0.0	0.0	0.0	0.0	9.92607143901	1.1803	1.18025625926	0.0	5.23730660727	4.71838435005	17.5885625701	5.1108632755	0.0	0.0	0.7076	0.0	0.0	0.0	0.7076	0.0	0.0	0.0	0.7076	0.0	0.0	0.0	1.82063885384	0.0	2.26260739543	0.0	0.0	4.94285168736	4.71834026136	0.0	4.12609444974	0.0	0.0	0.0	0.0	0.0	0.0	0.0	8.43224026863	7.64242118362	0.0	0.0	0.0	0.0	1.53568242645	4.36650163266	14.0496077268	7.93520872396	6.43417933469	4.75266738554	0.0	0.0	1.18025625926	0.0	0.0	0.0	0.0	5.28494978614	0.0	0.0	1.53568242645	3.47638036646	9.11467972041	0.0	1.53571661602	0.0	0.0	0.7076	0.0	0.0	0.0	0.0	0.0	0.0	0.0	6.89961181073	0.0	10.2553794386	4.91283449753	1.1803	0.0	0.0	0.0	0.0	0.0	3.83749003598	0.0	0.0	0.0	0.0	0.0	0.0	0.0	0.0	2.44142530259	0.0	0.0	0.0	0.0	0.7076	0.0	0.0	0.0	0.0	0.0	1.18025625926	0.0	0.0	0.0	0.0	0.0	0.0	1.1803	0.0	0.0	0.7076	0.0	3.77213777231	2.05847616234	0.7076	0.0	0.0
TCGA-BH-A201	4.81420371404	9.63200844761	0.3142	0.0	0.572122584363	0.3142	0.3142	0.0	0.0	0.572122584363	0.1657	0.0	1.36839104142	0.0	0.314314160973	12.516589526	10.8390619136	6.6161294309	2.61119513031	12.1126773686	0.0	1.22558370926	3.82180378793	0.0	0.0	0.0	0.0	5.20533051634	8.16520293062	5.00666932286	0.0	0.7908	0.0	0.0	0.0	0.0	5.85959348106	0.0	0.3142	0.0	5.99236442481	0.314314160973	0.0	0.572122584363	0.0	0.0	1.29875852593	0.0	1.43484296327	0.1657	0.0	0.572122584363	0.0	3.51905395319	0.0	0.0	0.0	0.0	0.0	2.01506216591	0.0	4.30291555125	0.0	0.0	11.3257715714	0.0	0.0	0.0	12.5026672707	8.46007152255	9.54024694792	8.75639730755	0.1657	0.0	0.0	0.0	0.0	0.0	8.91317153935	0.5721	0.888921397822	0.0	4.91657581474	3.63659908677	17.7946038012	4.91656608954	0.0	0.0	0.0	0.0	0.0	0.0	0.5721	0.0	0.0	0.0	0.314314160973	0.0	0.0	0.1657	2.25458294967	0.3142	3.44041615623	0.980685582496	0.314314160973	7.98982767883	0.44893500594	1.36836330717	6.78961257855	0.0	0.0	0.1657	0.0	0.0	0.0	0.0	8.22859942832	8.11793844843	0.0	0.0	0.0	0.0	0.572154724557	3.07417798847	15.3671383127	5.7366025348	5.08118356217	5.40081883317	0.0	0.980704216085	1.67360511253	0.0	0.0	0.0	0.0	4.20157920957	0.0	0.0	1.36841828553	0.0	7.6469435233	0.0	0.44893500594	0.0	0.0	0.0	0.0	0.0	0.0	0.0	0.685643737969	0.0	0.0	5.21477879845	0.1657	9.3134362307	1.6736420276	0.1657	0.1657	0.0	0.0	0.0	0.0	2.52239453312	0.0	0.0	0.0	0.0	0.790860795466	0.0	0.0	0.0	1.06702817447	0.0	0.0	0.0	0.0	0.0	0.0	1.3683854484	0.0	0.0	0.0	0.3142	0.0	0.0	0.0	0.0	0.0	0.0	1.1484	0.0	0.0	0.1657	0.0	0.3142	1.55916453058	0.685643737969	0.1657	0.0
TCGA-BH-A1FL	5.74736986688	9.01338377838	0.4177	0.0	0.0	0.0	0.4177	0.0	0.0	0.0	0.0	0.0	0.0	0.0	0.0	11.9473929493	8.14160796116	6.7429805459	1.74442857641	10.3185689265	0.0	0.4177	3.33151769927	0.0	0.0	0.0	0.0	4.15296841901	8.34149897686	4.94883437395	0.0	0.0	0.0	0.0	0.0	0.4177	7.63262602294	0.0	0.0	0.0	3.91677146451	0.0	0.0	0.4177	0.0	0.0	0.741223239952	0.741223239952	1.8822012471	0.0	0.0	1.00530074449	0.0	3.74677901502	0.0	0.0	0.0	0.0	0.0	2.12367899629	0.0	3.59466571194	0.0	0.0	13.710839391	0.0	0.0	0.0	14.5411623894	8.27266300421	9.61357435078	7.83499974288	0.0	0.0	0.0	0.0	0.0	0.0	8.41569840877	0.0	1.4217099842	0.0	4.30777647126	2.12368513387	16.4732007838	6.38551012509	0.0	0.0	0.0	0.0	0.0	0.0	0.0	0.0	0.0	0.0	0.4177	0.0	0.0	0.0	0.7412	0.0	2.12366336762	1.5920387267	0.0	6.30812891983	0.0	1.22845371624	4.40239937683	0.0	0.0	0.0	0.0	0.0	0.0	0.0	6.29587795746	9.28360316783	0.0	0.0	0.4177	0.0	0.0	2.67188283135	15.4971741379	5.0102710617	3.00932451461	4.94884217126	0.0	0.4177	0.4177	0.0	0.0	0.0	0.0	4.35585751012	0.0	0.0	0.741223239952	0.0	4.86820216508	0.0	0.0	0.0	0.0	0.0	0.0	0.0	0.0	0.0	2.88363313469	0.0	0.0	5.88489709851	0.0	10.4143001259	0.741223239952	0.0	0.0	0.0	0.0	0.0	0.0	1.4217	0.0	0.0	0.0	0.0	0.7412	0.0	0.0	0.0	0.741223239952	0.0	0.0	0.0	0.0	0.4177	0.0	1.74438461396	0.0	0.0	0.0	0.4177	0.0	0.0	0.0	0.0	0.0	0.0	0.0	0.0	0.0	0.0	0.0	0.0	1.00530074449	0.741223239952	0.0	0.0
TCGA-AR-A24V	5.00804442194	8.55653489695	0.0	0.0	0.0	0.0	0.3435	0.0	0.0	1.05330821902	0.0	0.0	1.22897212863	1.05325684389	0.0	10.4460392137	9.5710038345	6.69595790668	2.54551040799	11.4373763012	0.0	0.853159020796	2.6726445374	0.0	0.0	0.3435	0.0	4.28881996315	7.59987164103	5.13493459456	0.0	0.0	0.0	0.0	0.0	0.0	6.24269590245	0.0	0.0	0.0	5.4684135089	0.6207	0.0	0.0	0.0	0.0	1.88282525372	0.0	1.22899740895	0.0	0.0	1.38561345396	0.0	2.84444736923	0.0	0.0	0.0	0.0	0.0	1.05333677272	0.0	3.41634794667	1.05325684389	0.0	8.8897519766	0.0	0.0	0.3435	12.2667507092	7.70952633939	8.85834881319	9.02395913796	0.0	0.0	0.0	0.0	0.0	0.0	9.25919697023	0.0	0.3435	0.0	2.84442830002	1.38561345396	18.5278843832	3.30306682914	0.0	0.0	0.0	0.0	0.0	0.0	1.2289	0.0	0.0	0.0	0.62073853797	0.0	0.0	0.0	1.05330821902	0.0	1.6555435258	2.94856419342	0.0	5.73915390696	0.0	1.22899740895	5.39663852804	0.0	0.0	0.0	0.0	0.0	0.0	0.0	7.63735171453	8.09708458977	0.0	0.0	0.0	0.0	0.3435	2.54555503714	15.5760993261	4.60793403623	3.76904784031	4.22808629098	0.0	0.0	0.853159020796	0.0	0.0	0.0	0.0	3.76905884664	0.0	0.0	0.853191823721	0.0	5.76794251906	0.0	0.0	0.0	0.0	0.0	0.3435	0.0	0.0	0.0	0.853191823721	0.0	0.0	6.19584852339	0.0	8.19696898695	2.16812672684	0.0	0.0	0.0	0.0	0.0	0.0	1.52684216398	0.0	0.0	0.0	0.0	0.8531	0.0	0.0	0.0	1.05325684389	0.0	0.0	0.0	0.0	0.3435	0.0	1.05330821902	0.0	0.0	0.0	0.62073853797	0.0	0.0	0.0	0.0	0.0	0.0	0.853191823721	0.0	0.0	0.0	0.0	0.0	1.65561120796	0.0	0.0	0.0
TCGA-E9-A22H	6.99164662397	9.69123443817	0.0	0.0	0.0	0.1626	0.0	0.0	0.0	0.3088	0.1626	0.1626	1.90489319658	0.562980465102	0.0	13.0186574211	8.61502712612	7.24194159998	3.0496011361	11.0340719279	0.1626	0.0	1.70810236437	0.0	0.0	0.563015501677	0.0	4.92398211964	8.19134992633	5.03841328537	0.0	0.8761	0.0	0.0	0.3088	0.441461677372	8.03798971758	0.0	0.0	0.0	4.17520560769	0.0	0.0	0.0	0.0	0.5629452373	1.54073776787	0.0	2.23250611353	0.1626	0.0	1.80981847519	0.0	3.31474882344	0.1626	0.675053920751	0.0	0.0	0.0	1.75986741834	0.0	5.11495924355	0.77906219097	0.0	11.346150823	0.0	0.1626	0.0	11.9112299853	8.12262330684	9.69815051457	10.0885198257	0.0	0.0	0.0	0.0	0.0	0.0	8.30623994833	0.441461677372	1.05238711815	0.0	3.75816244445	2.15730270522	16.7746606024	6.04788662119	0.0	0.0	0.0	0.441461677372	0.0	0.0	0.4415	0.0	0.0	0.0	0.5629452373	0.0	0.0	0.0	1.20957849418	0.308716196196	3.39881388065	2.23250360537	0.3088	5.64181000743	0.0	0.966974493871	4.81203475373	0.0	0.0	0.4415	0.0	0.0	0.0	0.0	7.76793964919	8.35436629211	0.0	0.0	0.3088	0.0	0.1626	3.3823621324	14.2252682692	5.89139590013	2.23250770214	4.21280999859	0.0	0.1626	1.41723371104	0.0	0.0	0.0	0.0	6.68869281591	0.0	0.0	0.4415	0.876065047012	7.62088129148	0.0	0.1626	0.0	0.0	0.3088	0.308716196196	0.0	0.0	0.0	1.95014119621	0.0	0.0	6.46526784259	0.1626	10.568586451	1.35126351613	0.1626	0.1626	0.0	0.0	0.0	0.0	2.9190659956	0.0	0.1626	0.0	0.0	0.967	0.0	0.0	0.0	0.308716196196	0.0	0.0	0.0	0.441461677372	0.1626	0.0	1.20956601544	0.0	0.0	0.3088	0.876029695681	0.0	0.0	0.0	0.0	0.0	0.0	0.3088	0.1626	0.0	0.3088	0.0	0.0	1.90485206873	0.441461677372	0.4415	0.0
TCGA-C8-A12P	4.28848962374	6.79212958507	0.0	0.0	0.0	0.0	0.7766	0.0	0.0	0.7766	0.0	0.0	0.0	0.0	3.54807076137	11.1941478225	9.08667320734	5.56541982698	2.58299064763	11.8806222201	0.0	0.7766	1.650438964	0.0	0.0	0.0	0.0	3.71403188347	7.71389826902	5.87684942379	0.7766	0.0	0.0	0.0	0.0	0.0	5.76780153481	0.0	0.0	0.0	4.69818621815	0.0	0.0	0.0	0.0	0.0	0.0	0.0	2.5830226266	0.0	0.0	0.0	0.0	3.02344982357	0.0	0.0	0.0	0.0	0.0	0.7766	0.0	4.17911506718	0.0	0.0	11.4709730123	0.0	0.0	0.0	12.4399710105	6.81973552442	8.00569719039	8.62185207696	0.0	0.0	0.0	0.0	0.0	0.0	8.63744938424	0.0	0.7766	0.0	3.0234734507	2.58299056382	18.6050515056	3.86292210834	0.0	0.0	0.0	0.0	0.0	0.0	1.2787	0.0	0.0	0.0	0.0	0.0	0.0	0.0	0.0	0.7766	1.6505	0.0	0.0	5.80506473389	0.0	0.7766	4.12117080021	0.0	0.0	0.0	0.0	0.0	0.0	0.0	6.96679000574	8.34325227343	0.0	0.0	0.0	0.0	0.0	1.650438964	15.98714022	6.28574544658	3.36043710795	4.69821178401	0.0	0.0	0.0	0.0	0.0	0.0	0.0	3.71402036395	0.0	0.0	0.0	0.0	5.07912783258	0.0	0.0	0.0	0.0	0.0	0.0	0.0	0.0	0.0	0.0	0.0	0.0	5.76782209229	1.9458	7.48608382236	1.650438964	0.7766	0.0	0.0	0.0	0.0	0.0	1.9458	0.0	0.0	0.0	0.0	0.0	0.0	0.0	0.0	1.650438964	0.0	0.0	0.0	1.27868525058	0.0	0.0	1.2787	0.0	0.0	0.0	0.0	0.0	0.0	0.0	0.0	0.0	0.0	0.0	0.0	0.0	0.0	0.0	0.7766	0.7766	1.2787	0.0	0.0
TCGA-BH-A1FH	4.04947491739	6.89623850566	0.0	0.0	0.397856894796	0.0	0.0	0.0	0.0	0.709331708973	0.0	0.0	0.2126	1.07818587851	0.0	11.0097458785	9.67759170354	5.55092092751	2.16755705259	11.7249644325	0.0	0.843077863885	2.7474528635	0.0	0.0	0.0	0.0	3.54062713557	7.37321629331	4.8230198531	0.0	0.0	0.0	0.0	0.0	0.2126	4.74833423843	0.0	0.0	0.0	5.73848985283	0.2126	0.0	0.2126	0.2126	0.0	0.2126	0.3978	0.561958483161	0.0	0.0	0.2126	0.0	2.35831795481	0.0	0.0	0.0	0.0	0.0	0.2126	0.0	2.74742279787	0.0	0.0	10.4484079085	0.0	0.0	0.0	11.69007311	6.42517943085	7.29808173505	7.9150398224	0.0	0.0	0.0	0.0	0.0	0.0	8.73950567949	0.0	0.562009258969	0.0	3.74235751655	1.68829606058	18.0657701701	3.18531262549	0.0	0.0	0.0	0.0	0.0	0.0	0.3978	0.0	0.0	0.0	0.0	0.0	0.0	0.0	0.709285862321	0.0	3.18534494797	1.61531667949	0.0	6.07385422657	0.2126	1.82381341435	5.24761325592	0.0	0.0	0.2126	0.0	0.0	0.0	0.0	6.76967317206	6.88854088671	0.0	0.2126	0.0	0.0	0.561958483161	2.44503138356	15.0692515766	3.35161033046	4.7820092784	4.64228768148	0.0	0.0	0.965424723859	0.0	0.0	0.0	0.0	2.84630072016	0.0	0.0	0.709331708973	0.2126	5.53625039042	0.0	0.0	0.0	0.0	0.0	0.0	0.0	0.0	0.0	0.709377554167	0.0	0.0	5.50626918193	0.0	8.12650374766	1.94771231923	0.0	0.0	0.0	0.0	0.0	0.0	1.28028928159	0.0	0.0	0.0	0.0	0.2126	0.0	0.0	0.0	0.0	0.0	0.0	0.0	0.2126	0.2126	0.0	0.561958483161	0.0	0.0	0.0	0.0	0.0	0.0	0.0	0.0	0.2126	0.0	0.0	0.0	0.0	0.2126	0.0	0.2126	0.965424723859	0.397856894796	0.2126	0.0
TCGA-A2-A1FX	4.2688046988	10.8531879928	0.0	0.0	0.0	0.0	0.0	0.0	0.0	1.69798607042	0.0	0.0	2.45653060484	2.45653228748	0.0	10.2224960484	8.01390903318	7.70360338071	1.1907	10.0716550331	0.0	0.714761437669	2.45653073194	0.0	0.0	0.0	0.0	4.80397566553	7.78977162906	6.65426210631	0.714761437669	0.0	0.4012	0.0	0.0	0.0	6.92936298658	0.0	0.4012	0.0	3.40860347201	0.0	0.0	0.0	0.0	0.0	0.4012	0.4012	2.68951635989	0.0	0.0	1.1906220348	0.0	3.64884507548	0.0	0.0	0.0	0.0	0.0	1.19059430639	0.0	5.37161851649	0.0	0.0	9.38912760471	0.0	0.0	0.0	12.8784573696	6.21154405482	9.17774822782	8.80003770814	0.0	0.0	0.0	0.0	0.0	0.0	8.92804765319	0.4012	0.4012	0.0	4.85280631483	2.61595019473	18.3144285406	3.12026122364	0.0	0.0	0.7148	0.0	0.0	0.0	0.0	0.0	0.0	0.0	0.0	0.0	0.0	0.0	0.0	0.0	0.7148	3.27165814628	0.0	5.26733312988	0.0	0.4012	3.72073840345	0.0	0.0	0.0	0.0	0.0	0.0	0.0	6.79000293374	9.04652870176	0.0	0.0	0.0	0.0	0.0	1.19066027237	15.3442316367	5.16793864567	3.45156258366	5.777879658	0.0	0.0	0.972223254198	0.0	0.0	0.0	0.0	3.91728853311	0.0	0.0	0.972223254198	0.972223254198	3.72073418898	0.0	0.4012	0.0	0.0	0.0	0.0	0.0	0.0	0.0	0.4012	0.0	0.0	5.78630007833	0.0	9.22871903242	0.0	0.0	0.0	0.0	0.0	0.0	0.0	0.4012	0.0	0.4012	0.0	0.0	0.4012	0.0	0.0	0.0	0.0	0.0	0.0	0.0	0.0	0.0	0.0	0.4012	0.0	0.0	0.0	0.4012	0.0	0.0	0.0	0.0	0.0	0.0	1.1906220348	0.0	0.0	0.4012	0.0	0.0	0.972190993763	0.4012	0.0	0.0
TCGA-AR-A2LO	2.59496280854	6.04305495863	0.0939	0.0	0.0939	0.0939	0.0	0.0	0.0	0.0	0.0	0.0	1.22929351209	0.0	0.0	9.71932614805	7.37767203392	5.7666570329	1.34838261885	10.3658754261	0.0	0.265084994199	0.5564	0.0	0.0	0.0	0.0	3.5879157486	6.60082227781	5.17350834269	0.0	0.0939	0.0939	0.0	0.0	0.0	5.16816099212	0.0	0.0939	0.0	4.14331736094	0.265	0.0	0.343644550904	2.25228686111	0.0	0.556382127031	0.0939	1.22933411175	0.0939	0.0	0.682618004827	0.0	1.56049486239	0.0	0.0	0.0	0.0	0.0	0.265084994199	0.0	1.62481173663	0.488948612661	0.0	11.5696155313	0.0	0.0	0.0	14.1066190373	7.12111616123	8.56014482721	7.69377590762	0.0939	0.0	0.0	0.0	0.0	0.0	8.39539113962	0.0	0.0939	0.0	2.94900145966	2.10235114046	18.5609426314	4.45768246065	0.0	0.0	0.0	0.0	0.0	0.0	0.0	0.0	0.0	0.0939	0.343644550904	0.0	0.182	0.0939	0.488849615389	0.0	2.29250684064	0.0939	0.0	4.95960525866	0.0	0.55639925204	4.45771870882	0.0	0.0	0.0	0.0	0.0	0.0	0.0	5.63428578827	8.39393716694	0.0	0.0	0.0	0.0	0.62091067516	1.560444361	17.147321064	6.80369592381	3.40775406304	4.73760961643	0.0939	0.0	0.265141698783	0.0	0.0	0.0	0.0	3.65106981615	0.0	0.0	0.182060066004	0.343644550904	1.8296321391	0.0	0.0939	0.0	0.0	0.0	0.265084994199	0.0	0.0	0.0	1.62478415871	0.0	0.0939	5.00861504031	0.182	7.43483969875	0.62094027695	0.0939	0.0	0.0	0.0	0.0	0.0	0.343564061293	0.0	0.0	0.0	0.0	0.418103980125	0.0	0.0	0.0	0.343698250354	0.0	0.0	0.0	0.0	0.0939	0.0	0.956948827974	0.0	0.0	0.0	0.0	0.0	0.0	0.0	0.0	0.0	0.0	0.343644550904	0.0	0.0	0.343644550904	0.0	0.0	1.0995465467	0.265084994199	0.0	0.0
TCGA-D8-A27V	4.39372200127	7.08084254994	0.251	0.0	0.0886	0.0	0.251004168383	0.0	0.0	2.01470861736	0.0	0.0	0.2509778632	0.0	0.529513684881	11.8986370054	8.47973898315	7.11419299789	1.76874458414	11.3069330365	0.0	0.325840734481	1.36949949394	0.0	0.0	0.0	0.0	3.08333619302	7.82687413213	4.48222936	0.0	0.397	0.0	0.0	0.0	0.0886	5.21137411481	0.0	0.0	0.0	4.34052473587	0.1721	0.0	0.325811801306	0.0	0.0886	0.325815759044	0.396934697182	1.29697623439	0.0	0.0	0.866731088476	0.0	1.82135803776	0.0	0.0886	0.0	0.0	0.0	1.22056995632	0.0	3.94315385832	0.325811801306	0.0	13.2084179472	0.0	0.1721	0.0886	13.2488198115	8.0933285127	8.53404531947	7.59645054596	0.0	0.0	0.0	0.0	0.0	0.0	7.98315375146	0.0	0.866808876719	0.0	2.99440482433	1.79530802631	17.656476316	4.58866838415	0.0	0.0	0.0	0.0	0.0	0.0	0.866846564105	0.0	0.0	0.0	0.650818378323	0.0	0.0	0.0	0.76286623996	0.0	1.71400065115	0.0886	0.0	5.61354424663	0.0	1.36951732128	5.17385781951	0.0	0.0	0.0886	0.0	0.0886	0.0	0.0	5.71447776596	9.92327961213	0.0	0.0	0.0	0.0	0.591506208476	2.18521834332	14.4277010523	4.53446037524	2.86237101343	3.65469086386	0.0	0.251004168383	0.0886	0.0	0.0	0.0	0.0	4.93185515314	0.0	0.0	0.650841475571	0.172072216044	4.35407895291	0.0886	0.251	0.0	0.0	0.0	0.0	0.0	0.0	0.0	2.03710570986	0.0	0.0886	6.53511251411	0.0	9.73910953377	0.591469132483	0.0	0.0	0.1721	0.0	0.0	0.0	1.7687531794	0.0	0.0	0.0	0.1721	0.251	0.0	0.0	0.0	0.464738132503	0.0	0.0	0.0	0.1721	0.0	0.0	0.762891925042	0.0	0.0	0.0	0.529513684881	0.0886	0.0	0.0	0.0	0.0	0.0	0.529530701245	0.0886	0.0	0.325840734481	0.0	0.0	1.56748431334	0.325840734481	0.0886	0.0
TCGA-D8-A27M	4.7764134578	5.89066887693	0.4793	0.0	0.0	0.0	0.0	0.0	0.0	0.0	0.0	0.0	1.36538099716	1.75041578129	0.0	10.3262763397	8.29970266192	6.76278095	1.91025541602	11.3915292717	0.0	0.0	0.0	0.0	0.0	0.0	0.0	3.38662200061	8.62466067099	5.93779031188	0.0	0.4793	0.0	0.0	0.0	1.12582105025	5.96540438707	0.0	0.0	0.0	4.06736957809	0.0	0.0	0.0	4.2577321273	0.0	0.4793	0.0	1.91027932723	0.0	0.0	1.36528289619	0.0	1.9102256348	0.0	0.0	0.0	0.0	0.0	2.05407318029	0.0	5.43193718554	1.12582105025	0.0	8.75676113557	0.0	0.0	0.0	13.9473953324	7.58012765702	9.41037019281	9.22424236141	0.0	0.0	0.0	0.8385	0.0	0.0	9.38764174302	0.0	1.12578418444	0.0	3.54117671082	2.3048189736	17.8050003218	3.84800985278	0.0	0.0	0.0	0.0	0.0	0.0	1.57072745328	0.0	0.0	0.0	0.838455009872	0.0	0.0	0.0	0.838455009872	0.0	2.51837482162	0.0	3.68067343181	5.81188901115	0.0	1.36534534924	4.28710327977	0.0	0.0	1.1259	0.0	0.0	0.0	0.0	6.6313222537	8.61021721207	0.0	0.0	0.0	0.0	1.7504493782	4.28710712123	17.0288294468	7.35204298394	3.63569185824	4.66879166615	0.0	0.0	0.4793	0.0	0.0	0.0	0.0	4.87660011104	0.0	0.0	0.0	0.0	3.76679448119	0.0	0.0	0.0	0.0	0.0	0.0	0.0	0.0	0.0	1.12578418444	0.0	0.0	6.34693505681	0.4793	9.71840636877	1.36538099716	0.0	0.0	0.0	0.0	0.0	0.0	3.08548405159	0.0	0.0	0.0	0.0	1.1259	0.0	0.0	0.0	1.12582105025	0.0	0.0	0.0	0.838455009872	0.0	0.0	0.838455009872	0.0	0.0	0.0	0.0	0.0	0.0	0.0	0.0	0.0	0.0	1.12582105025	0.0	0.0	0.0	0.0	0.0	0.4793	0.0	0.4793	0.0
TCGA-D8-A1JU	4.81286560212	8.56789207879	0.0	0.0	0.0	0.0	0.0	0.0	0.0	0.0	0.0	0.0	0.746493802722	0.0	0.0	12.3542287925	9.63645393848	5.8219999422	2.13373219602	10.1234328947	0.0	0.0	3.19098557165	0.0	0.0	0.0	0.0	3.56598598294	8.03850211685	4.94572354771	0.0	0.0	0.0	0.0	0.0	0.0	6.36912747024	0.0	0.0	0.0	5.80455452056	0.7465	0.0	0.0	0.0	0.0	1.2359845682	0.0	0.421	0.0	0.0	1.01190561639	0.0	2.13370815737	0.0	0.746493802722	0.0	0.0	0.0	1.01190561639	0.0	3.19100297944	0.0	0.0	12.2417988921	0.0	0.421	0.0	13.8839790667	7.97580830163	8.6889232755	8.62349401098	0.421	0.0	0.0	0.0	0.0	0.0	8.85753440976	0.421	1.2359845682	0.0	2.75711332976	1.75360169626	17.7736241591	1.89174819459	0.0	0.0	0.0	0.0	0.0	0.0	0.421	0.0	0.0	0.0	0.421	0.0	0.421	0.0	0.421	0.0	2.68292610282	0.746493802722	0.421	5.77809427591	0.0	0.0	6.11076330636	0.0	0.0	0.0	0.0	0.0	0.0	0.0	6.49913477162	8.8266421634	0.0	0.0	0.421	0.0	0.0	3.29426053196	16.0966485775	4.666580635	4.56696756719	3.48093333237	0.0	0.0	1.2359893766	0.0	0.0	0.0	0.0	4.32017920971	0.421	0.0	1.75360477967	0.0	4.74155084983	0.421	0.421	0.0	0.0	0.0	0.0	0.0	0.0	0.0	0.7465	0.0	0.0	5.68618458558	1.0119	8.11455116716	2.13374198324	0.0	0.0	0.0	0.0	0.0	0.0	1.89174760733	0.0	0.0	0.0	0.0	1.2359893766	0.0	0.0	0.0	1.6008114945	0.0	0.0	0.0	0.0	0.0	0.0	0.0	0.0	0.0	0.0	0.0	0.0	0.0	0.0	0.0	0.0	0.0	0.421	0.0	0.0	0.421	0.0	0.0	1.01190561639	0.421	0.421	0.0
TCGA-EW-A2FR	6.18988591923	6.35973536753	0.0	0.0	0.3944	0.0	0.0	0.0	0.0	1.52936450142	0.0	0.0	0.958425496085	0.0	3.46747786603	10.6468407281	9.19127376393	4.90335713487	1.36293572674	11.8019663119	0.0	0.7039	0.3944	0.0	0.0	0.3944	0.0	4.94814576496	7.24721063244	6.39248671033	0.0	0.0	0.0	0.0	0.0	0.0	6.30913519546	0.0	0.0	0.0	5.49249360859	0.703802388707	0.0	0.703802388707	0.3944	0.0	1.67855446326	0.0	1.17492052635	0.0	0.0	0.703802388707	0.0	1.81367602799	0.0	0.0	0.0	0.0	0.0	1.17484380868	0.0	2.66564343567	0.3944	0.0	12.3531176935	0.0	0.0	0.0	11.0262557244	6.83929725058	8.01232208654	9.44138529775	0.0	0.0	0.0	0.0	0.0	0.0	8.2997146759	0.0	0.3944	0.0	4.0083053277	2.80204336527	18.3732651457	5.74172186337	0.0	0.0	0.0	0.0	0.0	0.0	0.3944	0.0	0.0	0.0	0.3944	0.0	0.0	0.3944	1.17485010495	0.0	2.51511096423	0.0	0.0	6.69351750817	1.17477968011	0.958507314913	5.7331803585	0.0	0.0	0.0	0.3944	0.0	0.0	0.0	7.25617517714	8.95299164895	0.0	0.0	0.0	0.0	0.3944	2.8020223863	16.9391696157	4.70897935833	4.46377183731	5.06116500296	0.0	0.3944	0.958507314913	0.0	0.0	0.0	0.0	5.38800490097	0.0	0.0	0.703802388707	0.0	6.25076328797	0.0	0.0	0.0	0.0	0.0	0.3944	0.0	0.0	0.0	0.0	0.0	0.0	7.06610609664	0.0	7.04912026752	1.17484380868	0.0	0.3944	0.0	0.0	0.0	0.0	0.7039	0.0	0.0	0.0	0.0	0.3944	0.3944	0.0	0.0	1.36300306711	0.0	0.0	0.0	0.3944	0.0	0.0	1.17485010495	0.0	0.0	0.0	0.3944	0.0	0.0	0.0	0.0	0.0	0.0	0.0	0.0	0.0	0.3944	0.0	0.0	0.3944	0.3944	0.0	0.0
TCGA-C8-A1HE	6.55974849927	9.93618779637	0.0	0.0	0.0	0.0	0.0	0.0	0.0	0.0	0.0	0.0	1.73287056932	0.0	1.1123	12.3279600999	8.06942579217	6.97390822636	2.68302887296	10.3953546175	0.0	1.35008853672	3.25101462619	0.0	0.0	0.0	0.0	5.82706575114	8.73944319585	6.02024634649	0.0	0.0	0.4723	0.0	0.0	0.0	7.27747075052	0.0	0.0	0.0	4.45377547115	0.4723	0.0	0.0	0.0	0.0	1.35007081623	0.0	2.03502518789	0.0	0.0	1.55414535211	0.0	3.46852428834	0.0	0.0	0.0	0.0	0.0	1.3500557352	0.0	3.6125297234	0.0	0.0	11.597910585	0.0	0.0	0.0	13.8452729868	8.3013839454	10.3949394786	9.09867582822	0.0	0.0	0.4723	0.0	0.0	0.0	7.99030462434	0.0	1.1123	0.0	4.17317667625	2.16532897649	17.4152048802	5.94053139565	0.0	0.0	0.0	0.0	0.0	0.0	1.55412996885	0.0	0.0	0.0	0.4723	0.0	0.0	0.0	0.8275	0.0	2.03507469153	0.0	0.0	5.67130897764	0.0	0.4723	5.08407533524	0.0	0.0	0.4723	0.0	0.0	0.0	0.0	6.99597328159	7.43748961304	0.0	0.0	0.0	0.0	0.0	3.12858894828	14.9116378712	5.90369775569	2.99479625704	4.92758298809	0.0	0.0	1.35008853672	0.0	0.0	0.0	0.0	5.72510052329	0.0	0.0	0.0	0.0	5.90371043314	0.0	0.0	0.0	0.0	0.0	0.0	0.0	0.0	0.0	1.3500557352	0.0	0.0	5.72509044795	0.0	10.3134365149	0.0	0.0	0.0	0.0	0.0	0.0	0.0	1.7328	0.0	0.0	0.0	0.0	1.3500557352	0.0	0.0	0.0	1.35007081623	0.0	0.0	0.0	0.4723	0.0	0.0	2.39514093758	0.0	0.0	0.0	0.4723	0.0	0.0	0.0	0.0	0.0	0.0	0.0	0.0	0.0	0.4723	0.0	0.0	2.28484129898	0.8275	0.4723	0.0
TCGA-E9-A1NH	6.10673450402	8.95075551977	0.0	0.0	0.0	0.0	0.0	0.0	0.0	0.0	0.0	0.0	1.53804740043	0.0	0.0	12.2506482575	9.40430569746	7.13584333458	2.44438905905	12.6205562185	0.709	1.18227360985	2.99673192004	0.0	0.0	0.0	0.0	4.32491875461	7.68213563324	5.03278130951	0.709	1.82325554314	0.0	0.0	0.0	0.0	7.69105576636	0.0	0.0	0.0	4.65070896405	1.1823	0.0	0.0	0.0	0.0	1.1823	0.709	2.0613	0.0	0.0	1.53804740043	0.0	3.20961100645	0.0	0.0	0.0	0.0	0.0	2.44434309252	0.0	4.1808943022	0.0	0.0	10.6471497252	0.0	0.0	0.0	12.2663374695	8.18835226635	10.1325926982	9.10507653511	0.0	0.0	0.709	0.0	0.0	0.0	8.39834871703	0.709	0.709	0.0	3.90342320724	2.7468144258	17.8559295531	6.61635570506	0.0	0.0	0.0	0.0	0.0	0.0	0.709	0.0	0.0	0.0	0.709	0.709	0.0	0.709	1.18227360985	0.709	1.53806802306	0.0	0.0	6.82457426949	0.0	0.709	5.50559089757	0.0	0.0	0.0	0.0	0.0	0.0	0.0	7.58532814438	8.62399734851	0.0	0.0	0.0	0.0	0.0	2.99673491293	15.0912512832	5.48528072846	3.47966164199	4.65071718806	0.0	0.0	0.709	0.0	0.0	0.0	0.0	4.57589087814	0.0	0.0	0.0	0.0	6.58810946498	0.0	0.0	0.0	0.0	0.0	0.0	0.0	0.0	0.0	0.0	0.0	0.0	5.92276548219	0.0	9.78981515958	1.82325554314	0.0	0.0	0.0	0.0	0.0	0.0	2.06123575382	0.0	0.0	0.0	0.0	0.709	0.0	0.0	0.0	1.53806802306	0.0	0.0	0.0	0.0	0.0	0.0	0.709	0.0	0.0	0.0	0.0	0.0	0.0	0.0	0.0	0.0	0.0	1.1823	0.0	0.0	0.0	0.0	0.0	1.1823	1.18227360985	0.0	0.0
TCGA-A7-A26I	6.09950993256	8.33596484736	0.0	0.0	0.0	0.2147	0.2147	0.0	0.0	0.2147	0.0	0.0	0.401548725128	0.566995017313	0.5671	11.8098089872	9.01853522617	7.25883559721	4.18379547111	11.5811798463	0.0	0.2147	0.85	0.0	0.0	0.2147	0.0	4.41841453725	8.69167972987	5.29279072905	0.0	0.85	0.0	0.0	0.0	0.849973361099	7.23597641187	0.0	0.0	0.0	4.55272552757	0.2147	0.0	1.83509178624	2.0177	0.5671	1.89862590309	0.4016	2.79464368998	0.0	0.0	2.17975555853	0.0	2.98213219793	0.0	0.0	0.0	0.0	0.0	3.9490944837	0.0	4.07802128952	0.0	0.0	14.8365606641	0.0	0.401548725128	0.0	11.5972230176	7.82749166444	9.48674499805	8.58114669188	0.7155	0.0	0.0	0.0	0.0	0.0	8.29668092948	0.2147	0.972929652003	0.0	4.57232816234	4.10519764208	17.8898672686	5.70597214131	0.0	0.0	0.0	0.0	0.0	0.0	1.19149800299	0.0	0.0	0.0	0.715363854292	0.0	0.0	0.0	1.467504398	0.0	2.89133632049	0.5671	0.0	7.32677487688	0.0	0.849924649731	7.85471529892	0.0	0.401548725128	0.0	0.0	0.0	0.0	0.0	7.27987193267	8.06732374976	0.2147	0.0	0.0	0.0	0.4016	4.82196335194	15.6225073743	5.42259254165	2.37099702525	5.47557819728	0.0	0.2147	1.19159870371	0.0	0.2147	0.0	0.0	6.01612135365	0.2147	0.0	0.972929652003	0.2147	5.38426031791	0.0	0.2147	0.0	0.0	0.0	0.0	0.0	0.0	0.0	1.76866753712	0.0	0.0	6.62324934506	0.7155	9.38447171142	1.54890767002	0.0	0.2147	0.2147	0.0	0.0	0.2147	2.32553935561	0.0	0.0	0.0	0.0	0.401548725128	0.7155	0.0	0.0	1.8350501625	0.0	0.0	0.0	0.0	0.4016	0.0	1.54890061442	0.0	0.0	0.0	2.07378566942	0.0	0.0	0.0	0.0	0.0	0.0	0.5671	0.0	0.0	0.566995017313	0.0	0.2147	1.46748705903	1.08639388761	0.0	0.566995017313
TCGA-BH-A203	4.29508735385	7.45035173994	0.0	0.0	0.0	0.0	0.3201	0.0	0.0	0.0	0.0	0.0	0.995414609884	0.581914387723	0.0	8.73317259773	7.87201399138	8.46048971348	2.74709185024	12.9712951216	0.0	0.0	0.803434735459	0.0	0.0	0.0	0.0	4.25809033556	6.42557282007	6.09429646735	0.0	0.5819	0.0	0.0	0.0	0.0	5.93351103938	0.0	0.0	0.0	4.01378418479	0.5819	0.0	1.31640785624	0.0	0.3201	0.0	0.0	2.69267705563	0.0	0.0	1.45358476077	0.0	2.16276385298	0.0	0.0	0.0	0.0	0.0	0.581914387723	0.0	5.24847196272	0.3201	0.0	13.0643682132	0.0	0.0	0.0	12.7908262787	6.21499074612	8.40133305488	9.58237292682	0.0	0.0	0.0	0.0	0.0	0.0	8.18564627808	0.0	0.581914387723	0.0	3.27718516368	2.24067428085	18.3907353457	3.38406845128	0.0	0.0	0.0	0.0	0.0	0.0	0.3201	0.0	0.0	0.0	0.5819	0.0	0.0	0.0	0.0	0.0	1.80077141654	0.3201	0.3201	4.78558945641	0.0	0.0	3.45111904259	0.0	0.0	0.0	0.0	0.0	0.0	0.0	6.19557584943	8.97599720009	0.0	0.0	0.0	0.0	0.803422395677	1.57881923493	15.9670241328	5.31299477681	2.89892873721	5.06791275742	0.0	0.0	0.0	0.0	0.0	0.3201	0.0	4.43421772856	0.0	0.0	0.0	1.69405470862	2.69267910351	0.0	0.0	0.0	0.0	0.0	0.0	0.0	0.0	0.0	0.3201	0.0	0.0	7.67386954605	1.80076523526	9.43018313717	1.31639972925	0.0	0.0	0.0	0.0	0.0	0.0	0.3201	0.0	0.0	0.0	1.57883565259	0.9954	0.0	0.0	0.0	1.99309198658	0.0	0.0	0.0	0.0	0.0	0.0	1.31641650361	0.0	0.0	0.0	0.3201	0.0	0.0	0.0	0.0	0.0	0.0	0.0	0.0	0.0	0.5819	0.0	0.0	0.995425412086	0.3201	0.581914387723	0.0
TCGA-E9-A2JT	3.42451300153	6.68618934075	0.0	0.0	0.0	0.1783	0.1783	0.0	0.0	0.1783	0.1783	0.336968262674	0.48	0.1783	0.0	10.0680152739	7.1449752222	6.92673533875	1.91191021868	9.52309246704	0.0	0.0	0.0	0.0	0.1783	0.0	0.0	3.23593031651	8.04674673645	6.25541346143	0.1783	0.0	0.0	0.0	0.0	1.03744670553	4.72940508489	0.0	0.0	0.0	3.476585035	0.1783	0.0	0.336968262674	0.9419	0.1783	0.1783	0.479902295624	0.941889064365	0.0	0.0	0.1783	0.0	1.50696680565	0.0	0.0	0.0	0.0	0.0	1.12706631088	0.0	3.06499852878	0.337	0.0	10.0729189502	0.0	0.0	0.0	14.7938252534	7.71663129554	9.32007776071	8.21655904653	0.0	0.0	0.0	0.0	0.0	0.0	9.5057320663	0.0	1.36679754699	0.0	3.82356037001	3.04210280984	17.999772374	4.11407629285	0.0	0.0	0.0	0.0	0.0	0.0	0.1783	0.0	0.0	0.0	0.479902295624	0.0	0.0	0.1783	0.479931039369	0.0	1.21158473832	0.1783	0.0	4.89802231016	0.1783	1.36672301107	4.35572607674	0.0	0.0	0.0	0.0	0.0	0.0	0.0	6.28249935661	8.35631213163	0.0	0.0	0.0	0.0	2.30668090182	2.61628108474	17.0826027004	8.91153298442	2.87099909223	5.59601999402	0.0	0.0	0.1783	0.0	0.0	0.0	0.0	3.9640074815	0.0	0.0	0.336968262674	0.479902295624	2.18675660277	0.0	0.0	0.0	0.0	0.0	0.839492583044	0.0	0.0	0.0	0.941835291316	0.0	0.0	5.37140273583	0.0	8.09612314325	0.610032322359	0.0	0.0	0.0	0.0	0.0	0.0	0.1783	0.0	0.0	0.0	0.0	0.479931039369	0.0	0.0	0.0	0.729307511178	0.0	0.0	0.0	0.336968262674	0.0	0.0	1.75211989174	0.0	0.0	0.0	0.0	0.0	0.0	0.0	0.1783	0.0	0.0	0.1783	0.0	0.0	0.1783	0.0	0.0	1.36671022636	0.479902295624	0.0	0.0
TCGA-E2-A1IL	5.57064144214	10.0240446625	0.0	0.0	0.0	0.0	0.0	0.0	0.0	0.0	0.0	0.0	1.28445196646	0.0	0.516803396163	12.1307610974	8.61580305369	5.89692720418	1.89852610988	10.3881782798	0.0	0.654852898366	3.62574871498	0.0	0.0	0.0	0.0	4.41891444929	7.59130745293	4.3186750581	0.1936	0.0	0.0	0.0	0.0	0.0	6.53091005968	0.0	0.1936	0.0	4.62605544069	0.3642	0.0	0.780687376983	0.0	0.1936	0.780734959617	0.0	1.00372875545	0.0	0.0	0.7807	0.0	3.15346535987	0.0	0.0	0.0	0.0	0.0	0.89651626611	0.0	3.53930474406	0.0	0.0	12.2054814356	0.0	0.364267281862	0.0	12.609074399	8.22100475673	9.04317861919	9.01181810935	0.0	0.0	0.0	0.0	0.0	0.0	8.35929956146	0.516803396163	0.1936	0.0	3.52140571944	1.84185017275	17.5196145558	5.94142393537	0.0	0.0	0.0	0.0	0.0	0.0	0.1936	0.0	0.0	0.0	0.364267281862	0.0	0.0	0.1936	1.10352428818	0.0	1.44524406336	1.28447176634	0.0	6.73141875783	0.1936	1.36708784823	5.12471670907	0.0	0.0	0.1936	0.0	0.0	0.0	0.0	6.73334878401	8.49181739194	0.0	0.0	0.0	0.0	0.516863924789	2.24292639934	14.865275316	4.07000195946	3.44734325008	4.70758870918	0.1936	0.1936	0.364267281862	0.0	0.0	0.0	0.0	4.7233611462	0.0	0.0	0.896514482413	0.0	5.29262925223	0.516803396163	0.1936	0.0	0.0	0.0	0.364267281862	0.0	0.0	0.0	0.65479480459	0.0	0.0	5.57060145791	0.1936	10.3724861603	0.896562788065	0.1936	0.0	0.0	0.0	0.0	0.0	1.1035	0.0	0.0	0.0	0.0	0.3642	0.0	0.0	0.0	2.15262917072	0.0	0.0	0.0	0.1936	0.364267281862	0.0	0.1936	0.0	0.0	0.0	0.0	0.0	0.0	0.0	0.0	0.0	0.0	0.5168	0.0	0.0	0.364267281862	0.0	0.0	1.19685746281	0.1936	0.1936	0.0
TCGA-B6-A1KF	6.15827355086	8.16403743495	0.0	0.0	0.0	0.0	0.0	0.0	0.0	0.0	0.0	0.0	1.80127021185	0.8706	3.83349450077	12.5575154039	8.56522356661	6.41798574759	3.747075539	10.3869226748	0.0	0.0	3.08	0.0	0.0	0.0	0.0	3.21482926663	9.03050682778	6.1244243219	0.0	0.0	0.0	0.0	0.0	0.0	7.90454728099	0.0	0.0	0.0	4.32591312569	0.8706	0.0	0.8706	0.0	0.0	0.8706	0.0	3.33819111436	0.0	0.0	1.80127021185	0.0	3.33819423322	0.0	0.0	0.0	0.0	0.0	1.80133517403	0.0	3.83345444361	0.0	0.0	13.2244392266	0.0	0.0	0.0	11.974475244	8.64502306165	10.0072173744	8.6240182771	0.0	0.0	0.0	0.0	0.0	0.0	8.2800805673	0.0	1.40971478277	0.0	6.49945778828	4.49446316278	17.0207634012	6.53858550767	0.0	0.0	0.0	0.0	0.0	0.0	1.4098	0.0	0.0	0.0	0.8706	0.8706	0.0	0.0	0.8706	0.0	0.8706	2.57789381129	0.0	5.3197363368	0.8706	0.0	4.54650718639	0.0	0.0	0.0	0.0	0.0	0.0	0.0	7.15654384666	10.3052201719	0.0	0.0	0.0	0.0	0.0	5.31974511498	15.3813003056	3.080040723	3.55704166911	6.20766645093	0.0	0.8706	0.0	0.0	0.0	0.0	0.0	6.45927806262	0.0	0.0	0.0	0.0	5.71054645132	0.0	0.0	0.0	0.0	0.8706	0.0	0.0	0.0	0.0	0.8706	0.0	0.0	6.61371670964	1.40971478277	5.66418537215	0.0	0.0	0.0	0.0	0.0	0.0	0.0	0.8706	0.0	0.0	0.0	0.0	0.0	0.0	0.0	0.0	1.80127021185	0.0	0.0	0.0	0.0	0.0	0.0	1.40971478277	0.0	0.0	0.0	1.80133517403	0.0	0.0	0.0	0.0	0.0	0.0	2.93132693347	0.0	0.0	0.0	0.0	0.8706	1.40971478277	0.8706	0.0	0.0
TCGA-EW-A1PE	6.25058198557	7.03569060991	0.0	0.0	0.599	0.0	0.0	0.0	0.0	0.0	0.599	0.0	1.6129022288	0.0	0.0	12.1035506935	8.80810868873	7.298805598	2.61982649431	11.49649241	0.0	0.599	4.24889257668	0.0	0.0	0.0	0.0	4.36154118266	7.95739172963	5.34439952871	0.0	0.0	0.0	0.0	0.0	0.0	6.8551445134	0.0	0.0	0.0	4.84756005026	0.599	0.0	0.0	0.0	0.599	0.599	0.0	0.599	0.0	0.0	0.0	0.0	2.94311210357	0.0	0.0	0.0	0.0	0.0	2.6198024544	0.0	3.62322265909	0.0	0.0	11.5337605458	0.0	0.0	0.0	11.97409213	7.39016433501	9.94632084725	8.77632026283	0.0	0.0	0.0	0.0	0.0	0.0	8.41877328064	0.599	0.0	0.0	4.24894327242	2.49366376043	17.880658147	4.94720519216	0.0	0.0	0.0	0.0	0.0	0.0	1.3471	0.0	0.0	0.0	0.0	0.0	0.0	0.0	0.599	0.0	1.6129022288	0.0	0.0	5.80914714071	0.0	1.02100535935	3.79354291368	0.0	0.0	0.599	0.0	0.0	0.0	0.0	6.88680419592	7.7694189721	0.0	0.0	0.0	0.0	0.0	1.83727116314	15.1713302111	6.53307844057	3.20708658363	4.71251009716	0.0	0.0	2.73580646104	0.0	0.0	0.0	0.0	3.35953555503	0.0	0.0	0.599	0.0	5.32608157713	0.0	0.0	0.0	0.0	0.0	0.0	0.0	0.0	0.0	1.34709807383	0.0	0.0	6.42492334037	0.0	9.72199463622	0.0	0.0	0.0	0.0	0.0	0.0	0.0	1.3471	0.0	0.0	0.0	0.0	0.599	0.0	0.0	0.0	1.021	0.0	0.0	0.0	0.0	1.3470937987	0.0	2.2024678958	0.0	0.0	0.0	0.0	0.0	0.0	0.0	0.0	0.0	0.0	0.599	0.0	0.0	0.599	0.0	0.0	2.03139179305	0.0	0.0	0.599
TCGA-EW-A1PB	5.72398757303	7.92883995991	0.0	0.0	0.0	0.0	0.0	0.0	0.0	0.8716	0.0	0.0	0.871531171988	0.5006	1.96491290258	11.0072263828	7.14601652694	6.59736424451	1.80280464278	11.324377992	0.5006	0.5006	2.67648307026	0.0	0.0	0.0	0.0	4.17059994637	8.6078154496	5.82243603121	0.0	0.0	0.8716	0.0	0.0	1.16633336535	7.01334130279	0.0	0.0	0.0	2.57964940769	0.0	0.0	0.0	0.0	0.5006	0.0	0.5006	1.80282119338	0.0	0.0	1.16633336535	0.0	3.87670906087	0.0	0.0	0.0	0.0	0.0	3.08184317432	0.0	0.0	0.5006	0.0	14.7890878943	0.0	0.0	0.0	11.9189927878	8.10004876047	9.89899228822	8.54507903417	0.0	0.0	0.0	0.0	0.0	0.0	9.16051038704	0.5006	0.0	0.0	6.63402466881	5.29150169659	18.1014636737	5.29152285114	0.0	0.0	0.0	0.0	0.0	0.0	1.96487181903	0.0	0.0	0.0	0.0	0.0	0.0	0.0	1.41109098939	0.5006	1.80277832721	0.0	0.5006	6.91258625999	0.0	0.0	2.47590939576	0.0	0.0	0.0	0.0	0.0	0.0	0.0	7.65669182632	7.97954407095	0.0	0.0	0.0	0.0	0.0	4.13697689532	13.9158370502	8.04671880096	0.5006	5.93436026981	0.0	0.0	0.5006	0.0	0.0	0.0	0.0	4.32788576234	0.0	0.0	0.0	0.0	3.50733803028	0.0	0.5006	0.0	0.0	0.871531171988	0.0	0.0	0.0	0.0	2.36409977191	0.0	0.0	6.98051346523	0.0	8.60628376417	0.0	0.0	0.0	0.0	0.0	0.0	0.0	1.4111	0.0	0.0	0.0	0.0	0.0	0.8716	0.0	0.0	4.49643509892	0.0	0.0	0.0	0.0	0.871531171988	0.0	1.62021120701	0.0	0.0	0.0	0.0	0.0	0.0	0.0	0.0	0.0	0.0	0.5006	0.5006	0.0	0.0	0.0	0.0	2.11058927998	0.871531171988	0.0	0.0
TCGA-E2-A1AZ	5.10196075797	9.06363383356	0.305280384687	0.0	0.1607	0.0	0.1607	0.0	0.0	0.436700155894	0.305280384687	0.0	0.1607	0.305280384687	1.34016388895	10.6947934085	8.81310585173	8.34436317501	2.57256497816	11.2737081953	0.0	0.867756112961	1.46856105371	0.0	0.0	0.4367	0.0	3.75377844588	8.97283067342	6.08079073284	0.1607	0.6682	0.436682248203	0.0	0.0	0.668267748264	6.55402720729	0.0	0.0	0.0	5.26557366328	0.3053	0.0	0.958001827125	0.3053	0.0	0.867702593499	0.867749157945	2.62860865263	0.0	0.0	2.92561007141	0.0	2.75987965396	0.3053	0.0	0.0	0.0	0.0	1.12317128985	0.0	1.79669646912	0.1607	0.0	14.2095971459	0.0	0.1607	0.0	11.5155022166	6.58971409083	8.74423197631	9.44765438613	0.3053	0.0	0.0	0.0	0.0	0.0	8.88821008691	0.557124956228	1.27135751237	0.0	5.33883072952	5.30050160387	18.0233157055	4.77565653283	0.0	0.0	0.0	0.0	0.0	0.0	0.4367	0.0	0.0	0.0	0.436700155894	0.0	0.0	0.557124956228	1.52863222476	0.305280384687	2.60082691502	0.3053	0.0	7.13084794099	0.0	1.04294083175	4.70577116161	0.0	0.1607	0.1607	0.0	0.0	0.0	0.0	7.24167302977	9.63396815402	0.0	0.0	0.0	0.0	1.19922106525	4.01780442055	14.8109291289	7.14048863594	3.59397393317	6.69845281179	0.0	0.3053	1.27138276464	0.0	0.305280384687	0.0	0.0	5.41246218078	0.0	0.0	0.1607	0.4367	5.47493130269	0.0	0.305280384687	0.0	0.0	0.436700155894	0.0	0.0	0.0	0.0	1.58643965846	0.0	0.0	8.01695705441	0.0	9.67845911571	1.12316267712	0.0	0.0	0.1607	0.0	0.0	0.668267748264	1.1232	0.0	0.0	0.0	0.0	0.3053	0.1607	0.0	0.0	2.68254213143	0.0	0.0	0.0	0.3053	0.867769279658	0.0	1.40572891181	0.0	0.0	0.0	0.557108626063	0.3053	0.0	0.0	0.0	0.0	0.0	0.557141573025	0.1607	0.0	0.305280384687	0.0	0.3053	1.52871870574	0.557141573025	0.1607	0.0
TCGA-C8-A26V	5.76144665058	6.53384689064	0.0	0.0	0.0	0.0	0.0	0.0	0.0	0.6134	0.0	0.0	0.339	3.53558817749	0.0	10.5052675845	7.26289419606	7.59882611514	3.02728238231	11.3718244713	0.0	1.21698268492	0.613304466863	0.0	0.0	0.0	0.0	3.28420147136	7.88890173574	6.70846215084	0.6134	0.339	1.04239977169	0.0	0.0	0.6134	4.63466919139	0.0	0.0	0.0	3.24446101527	0.0	0.0	0.339	0.0	0.0	0.339	0.0	2.93033116161	0.0	0.0	1.37260589639	0.0	2.71438626993	0.0	0.339	0.0	0.0	0.0	1.86756520812	0.0	5.24112247964	0.0	0.0	11.1202008081	0.0	0.0	0.0	13.6598820733	7.8347082236	9.02369600232	9.38549210941	0.0	0.0	0.0	0.0	0.0	0.0	8.1248892573	0.339	1.04237781421	0.0	1.75877983509	1.51313180658	17.9862985897	5.17918138543	0.0	0.0	0.0	0.0	0.0	0.0	0.339	0.0	0.0	0.0	0.339	0.0	0.0	0.0	1.21700213948	0.0	4.3647771967	0.613304466863	0.0	4.43713646295	0.0	0.6134	3.66170097925	0.0	0.0	0.0	0.0	0.0	0.0	0.0	6.75517765598	8.54989572155	0.0	0.0	0.339	0.0	0.0	3.02723537622	15.5798605361	4.28857596689	3.28423232198	3.83239994701	0.0	0.339	0.339	0.0	0.0	0.0	0.0	5.1144744042	0.0	0.0	0.0	0.0	2.23532830943	0.339	0.0	0.0	0.0	0.0	0.339	0.0	0.0	0.0	0.843774801928	0.0	0.0	6.39994378353	0.0	9.82825485499	0.0	0.0	0.6134	0.0	0.0	0.0	0.0	1.86751884402	0.0	0.0	0.0	0.0	0.339	0.843774801928	0.0	0.0	0.0	0.0	0.0	0.0	0.0	0.0	0.0	1.86751884402	0.0	0.0	0.0	0.339	0.0	0.0	0.0	0.0	0.0	0.0	0.0	0.339	0.0	0.0	0.0	0.0	1.37262336162	0.0	0.0	0.0
TCGA-D8-A1JL	5.96826221072	8.18766698017	0.3437	0.3437	0.3437	0.0	0.0	0.0	0.0	0.0	0.0	0.0	0.3437	3.98160297113	0.0	11.663869158	8.64572478749	6.8191791018	1.7745430954	10.4442433838	0.0	0.3437	3.45338098604	0.0	0.0	0.853639948393	0.0	4.96029621695	9.87143864515	6.62435897166	0.0	0.3437	0.3437	0.0	0.0	0.6211	7.05046773442	0.0	0.0	0.0	5.10267321597	0.0	0.0	0.853639948393	2.08014794586	0.853639948393	1.7745430954	0.0	2.40718540614	0.3437	0.0	2.33212189922	0.0	4.22929775748	0.3437	0.0	0.0	0.0	0.0	2.73330848311	0.0	3.77025373818	0.0	0.0	11.5207776233	0.0	0.3437	0.0	15.0796522574	9.23689588373	10.1965695647	8.76113782707	0.3437	0.0	0.0	0.3437	0.0	0.0	9.96569467571	0.0	2.08009959689	0.0	5.41617969644	4.74563409657	17.5675551189	5.09134521915	0.0	0.0	0.0	0.0	0.0	0.0	1.2297	0.0	0.0	0.0	0.0	0.0	0.0	0.0	1.05387237377	0.0	2.40723503406	0.621068590678	0.0	7.18191838056	0.0	0.853639948393	5.91137126395	0.0	0.0	0.3437	0.3437	0.0	0.0	0.0	7.40901061557	9.0019978053	0.0	0.3437	0.0	0.0	0.0	4.32926031929	16.0797068077	8.4297088456	3.71224929821	5.68113003585	0.3437	0.0	0.621068590678	0.0	0.0	0.0	0.0	5.67357599823	1.38636353507	0.0	0.3437	1.3863411425	3.52261371913	0.0	0.3437	0.0	0.0	0.3437	0.0	0.3437	0.0	0.0	1.05390137518	0.0	0.0	5.15806741793	0.3437	9.73415886771	0.621068590678	0.0	0.853639948393	0.0	0.0	0.0	0.0	1.3864	0.0	0.0	0.3437	0.0	1.7746	0.0	0.0	0.0	2.79052371869	0.0	0.0	0.0	0.0	0.8537	0.0	2.73329920595	0.0	0.0	0.3437	1.65637348211	0.3437	0.0	0.0	0.0	0.0	0.0	0.6211	0.0	0.0	0.0	0.0	0.0	1.52762878457	1.38636071415	0.0	0.0
TCGA-EW-A2FV	4.52078531355	7.09198698356	0.360836620678	0.0	0.0	0.0	0.191640526822	0.0	0.099	2.01978251968	0.191640526822	0.099	2.41529425617	2.31584164196	0.0	12.2296741251	7.77849409921	6.85404448652	1.83103419792	13.0394998202	0.099	0.099	0.43860594387	0.0	0.0	0.3609	0.0	4.30955206352	7.51152123759	5.38493230176	0.099	0.3609	0.83319641536	0.0	0.0	0.1917	6.54488850416	0.0	0.0	0.0	3.85802450544	0.2788	0.0	0.43860594387	0.0	0.099	0.943901704924	0.191640526822	1.71093470297	0.0	0.0	1.77218610665	0.0	4.92340478701	0.099	0.1917	0.0	0.0	0.0	0.582372871932	0.0	4.48458679577	0.713269364205	0.0	12.5977410555	0.0	0.0	0.0	13.1082226815	7.7864222376	8.87947170364	8.81398286	0.0	0.0	0.0	0.0	0.0	0.0	8.96253410755	0.2788	0.774383362758	0.0	3.24115156448	3.03149346667	18.2357714254	2.87257049285	0.0	0.0	0.0	0.0	0.0	0.0	0.1917	0.0	0.0	0.0	0.996183714371	0.099	0.0	0.0	0.582461156755	0.191640526822	2.2740835061	0.43860594387	0.278689525983	6.40672812508	0.0	1.67922652278	4.36034938475	0.0	0.0	0.582411635074	0.0	0.0	0.0	0.0	7.71112147733	7.10919295552	0.1917	0.099	0.191640526822	0.099	0.582371652049	2.41528908895	16.0214472795	6.10852949865	2.9002921968	5.05568062716	0.0	0.0	0.713264948828	0.099	0.0	0.0	0.0	3.96690236876	0.0	0.0	0.438507053952	0.438567111412	5.01502935796	0.0	0.099	0.0	0.0	0.833192919041	0.0	0.0	0.099	0.0	1.18830674131	0.0	0.191640526822	8.96191682409	0.360836620678	10.3069501678	0.43855582588	0.0	0.0	0.0	0.099	0.0	0.0	1.1883278988	0.0	0.099	0.0	0.099	0.2788	0.278689525983	0.0	0.0	1.09550332909	0.0	0.0	0.0	0.099	0.582456996787	0.0	1.5452506607	0.0	0.0	0.0	0.774413063344	0.0	0.0	0.0	0.0	0.0	0.0	0.360836620678	0.099	0.0	1.35794199676	0.0	0.0	1.09545274521	0.360836620678	0.0	0.0
TCGA-EW-A1OW	4.71952659438	8.17977713719	0.1946	0.0	0.0	0.0	0.1006	0.0	0.0	0.444755319683	0.1006	0.0	0.657836286323	1.20146643274	2.58076364964	10.0022887957	7.52624462285	8.04234065828	2.90665388329	11.1129370584	0.0	0.65781279679	1.05880208675	0.0	0.0	0.0	0.0	4.45553948656	9.57380653367	6.11649873615	0.28288587482	0.3661	0.444714602334	0.0	0.1006	0.519292519611	6.47143824494	0.0	0.0	0.0	4.44122028714	0.36604366707	0.0	0.590213628861	3.1607780804	0.4447	0.194640046368	0.4447	1.69531969849	0.2829	0.0	3.07683340963	0.0	3.14908269457	0.0	0.0	0.0	0.0	0.0	0.784165375252	0.0	3.52889244413	0.0	0.0	8.88579302731	0.0	0.0	0.0	12.6228401938	7.05056318121	8.25672807247	10.0661243064	0.1006	0.0	0.444748274581	0.36604366707	0.0	0.0	9.77092099115	0.0	0.722386288521	0.0	4.14996922252	3.50156286441	18.2882015804	4.76230913956	0.0	0.0	0.0	0.0	0.0	0.0	2.72950618753	0.0	0.0	0.0	0.900397263389	0.0	0.0	0.0	0.519343175588	0.1006	1.62949662933	0.519290643329	0.3661	6.72090510543	0.0	0.2829	3.9284077484	0.0	0.0	0.0	0.0	0.1946	0.0	0.0	5.47944050369	10.0721868699	0.0	0.1006	0.0	0.0	0.444735648383	2.54548977501	16.4392658269	5.17654435909	2.29256695817	5.74910548534	0.2829	0.0	0.282923544055	0.0	0.0	0.0	0.0	5.7038831087	0.0	0.0	0.1006	0.519316500043	5.0935452276	0.0	0.1946	0.0	0.0	0.1006	0.1006	0.0	0.0	0.0	0.657831471629	0.0	0.0	7.20892570742	0.1006	8.71855346294	0.722358014909	0.0	0.194640046368	0.1006	0.0	0.0	0.0	1.15547593345	0.0	0.1006	0.0	0.1006	0.1006	0.28288587482	0.0	0.1006	0.900372710267	0.0	0.0	0.0	0.0	0.519304509877	0.0	1.10791020525	0.1006	0.0	0.0	0.444735648383	0.0	0.0	0.0	0.0	0.0	0.0	0.28288587482	0.0	0.0	0.366114784944	0.0	0.1006	1.15548274633	0.1006	0.1006	0.0
TCGA-BH-A1FJ	5.03198966535	6.35667642252	0.0	0.0	0.0	0.0	0.0	0.0	0.0	0.0	0.0	0.0	0.961030285945	0.0	0.961030285945	11.8579608463	7.70283856906	8.35597486853	3.01811500551	10.8140792405	0.5591	0.0	4.05501026299	0.0	0.0	0.0	0.0	2.74001066914	9.05572101962	5.96672006265	0.0	0.9611	0.0	0.0	0.0	0.0	5.85318312974	0.0	0.0	0.0	4.13498033089	0.0	0.0	0.0	0.0	0.5591	0.961030285945	0.0	4.17331148658	0.0	0.0	1.75147186143	0.0	3.97040254554	0.0	0.0	0.0	0.0	0.0	3.68197545506	0.0	5.01097977086	0.0	0.0	13.5845997129	0.0	0.0	0.0	12.4509068271	6.70975918458	9.81374037406	8.95471489609	0.0	0.0	0.0	0.0	0.0	0.0	8.34969699302	0.0	0.961030285945	0.0	4.90095927467	0.961030285945	17.8909822561	6.413868324	0.0	0.0	0.0	0.0	0.0	0.0	0.0	0.0	0.0	0.0	1.27503650996	0.0	0.0	0.0	0.0	1.27509258855	0.0	1.27509258855	0.0	4.35112255325	0.0	0.0	3.45169977183	0.0	0.0	0.0	0.0	0.0	0.0	0.0	7.16958307908	6.39777443025	0.0	0.0	0.0	0.0	0.0	2.39524355462	14.4150054637	2.93121082257	1.7513964937	4.28264770255	0.0	0.0	0.5591	0.0	0.0	0.5591	0.0	4.53915637401	0.0	0.0	0.0	0.0	5.05270294432	0.0	0.0	0.0	0.0	0.0	0.0	0.0	0.0	0.0	0.5591	0.0	0.0	5.29814358925	0.0	10.0703180327	0.0	0.0	0.0	0.0	0.0	0.0	0.0	1.9412695354	0.0	0.961030285945	0.0	0.0	0.0	0.5591	0.0	0.0	0.5591	0.0	0.0	0.0	0.5591	0.0	0.0	0.5591	0.0	0.0	0.5591	0.0	0.0	0.0	0.0	0.0	0.0	0.0	0.5591	0.0	0.0	0.0	0.0	0.0	1.7513964937	0.0	0.0	0.0
TCGA-D8-A1XV	5.45653348873	9.91555083009	0.0	0.0	0.0	0.0	0.0	0.0	0.0	0.0	0.0	0.0	0.500421112385	2.03899567205	0.0	11.3244986538	6.90429891796	6.76001642647	2.76651349738	9.78198260697	0.0	0.0	3.1161	0.0	0.0	0.0	0.0	4.48233693909	8.03800247512	4.48232383026	0.0	0.5004	0.0	0.0	0.0	0.2718	6.79003052732	0.0	0.0	0.0	2.62822695573	0.0	0.0	0.0	0.0	0.5004	1.29342978479	0.0	1.16593731094	0.0	0.0	1.51889916324	1.41057976234	3.45297777149	0.0	0.2718	0.0	0.0	0.0	2.30419649752	0.0	3.67987523951	0.0	0.0	5.56790396041	0.0	0.0	0.0	10.1007034727	5.38675305656	9.79959225023	9.19938098317	0.0	0.0	0.0	0.0	0.0	0.0	6.90930295631	0.0	0.871238174095	0.0	4.37112762257	1.80229478075	16.2680251682	6.07777897719	0.0	0.0	0.0	0.0	0.0	0.0	3.36855494269	0.0	0.0	0.0	0.0	0.0	0.0	0.0	0.5004	0.0	0.2718	2.42045812035	0.0	2.85184369283	0.0	0.2718	3.60816478732	0.0	0.0	0.0	0.0	0.0	0.0	0.0	8.09922281259	7.27250726743	0.0	0.0	0.0	0.0	0.0	2.67574885276	13.1361180574	3.83466501229	1.71384112253	3.85549931567	0.0	0.0	0.0	0.0	0.0	0.0	0.0	5.65361418875	0.0	0.0	0.0	0.0	4.1531320149	0.0	0.0	0.0	0.0	0.0	0.2718	0.0	0.2718	0.0	0.2718	0.0	0.0	5.60527293362	0.0	9.35136577005	0.6977	0.2718	0.0	0.0	0.0	0.0	0.0	2.30420242678	0.0	0.2718	0.0	0.0	0.0	0.0	0.0	0.0	0.697701710332	0.0	0.0	0.0	0.2718	0.2718	0.0	1.16595512107	0.0	0.0	0.0	0.0	0.0	0.0	0.0	0.0	0.0	0.0	0.0	0.0	0.0	0.2718	0.0	0.0	1.88556342881	0.0	0.0	0.0
TCGA-E2-A1LI	6.27243672753	6.97425197179	0.314314160973	0.0	0.0	0.1657	0.3143	0.0	0.0	0.685739799392	0.1657	0.0	0.889052328949	0.314314160973	4.56283523085	13.356702777	8.46223184344	6.2814495941	2.96623386863	11.7349578373	0.0	0.3143	1.43499236956	0.0	0.0	0.0	0.0	4.47875399945	9.65901509095	5.58417705718	5.08659680505	0.6857	0.1657	0.0	0.0	0.3143	7.31363190921	0.0	0.0	0.0	3.62268030312	0.1657	0.0	1.22569417425	0.889008253085	1.06716539359	1.49844028503	0.0	1.77984102754	0.0	0.3143	1.06717602625	0.0	4.22079063589	0.1657	0.314314160973	0.0	0.0	0.0	1.14863527498	0.0	2.94361810365	0.314314160973	0.0	8.53882819206	0.0	0.1657	0.1657	11.9987639834	8.84899161008	10.8126724475	7.99004762228	0.1657	0.0	0.0	1.14860639949	0.0	0.0	9.28189955236	0.5722	0.790979682841	0.0	6.55229558156	7.08442716125	17.316400966	4.91096916616	0.0	0.0	0.1657	0.0	0.0	0.0	3.25076509876	0.0	0.0	0.0	0.1657	0.685728604278	0.0	0.1657	0.889008253085	0.0	3.11548959723	0.980842552581	1.22572608528	9.81504090989	0.314314160973	1.67380230032	5.315445538	0.0	0.0	0.0	0.1657	0.449026089934	0.0	0.0	7.52760505878	8.24103165328	0.0	0.0	0.0	0.1657	0.889008253085	4.10311736418	15.310052984	8.77238210397	2.29109156952	5.19118995046	0.0	0.314314160973	1.14861452198	0.0	0.5722	0.449	0.449	5.47785923558	0.0	0.0	0.449038988359	0.0	5.91323275248	0.0	0.0	0.0	0.0	0.0	0.0	0.0	0.0	0.0	2.17923424388	0.0	0.0	6.24490281781	0.0	9.16931910215	1.14862246417	0.0	0.0	0.1657	0.0	0.0	0.0	3.83439155358	0.0	0.0	0.0	0.0	2.13996734056	0.0	0.0	0.0	2.42792398312	0.0	0.3143	0.0	0.0	0.889	0.0	2.74835711847	0.0	0.0	0.0	1.72783097813	0.0	0.0	0.0	0.0	0.0	0.0	0.7909	0.0	0.0	1.148605038	0.0	0.1657	1.83012988228	0.980853399122	0.3143	0.0
TCGA-D8-A1XR	6.18042872965	9.3500320492	0.0	0.0	0.0	0.0	0.0	0.0	0.0	1.81133617127	0.0	0.0	1.17298014197	0.702511007285	2.15408834418	12.3757051286	8.88802094078	6.78359448065	2.79918111661	10.6469077835	0.0	0.956876255176	3.69159412905	0.0	0.0	0.3936	0.0	3.38009268276	7.82571018039	5.04436222985	0.3936	0.3936	0.0	0.0	0.0	0.0	7.1641409947	0.0	0.0	0.0	4.16516151728	0.0	0.0	0.3936	0.0	0.0	1.17291590986	0.0	2.25233324167	0.0	0.0	1.67616441187	0.0	4.00523288969	0.0	0.0	0.0	0.0	0.0	3.33593132137	0.0	4.83827326236	0.7026	0.0	12.2044315075	0.0	0.0	0.0	12.1165075146	8.09930135479	9.13102391285	8.02306319907	0.0	0.0	0.0	0.0	0.0	0.0	8.33341955271	0.0	0.3936	0.0	4.43991565107	3.03831168815	16.5901647662	5.61462073418	0.0	0.0	0.0	0.0	0.0	0.0	0.3936	0.0	0.0	0.0	0.3936	0.0	0.0	0.3936	0.0	0.0	1.52718842496	0.9569	0.7026	4.6883248181	0.0	0.956876255176	4.35401469651	0.0	0.0	0.0	0.0	0.0	0.0	0.0	8.46472109456	8.8165336938	0.0	0.0	0.0	0.0	0.0	2.34426637697	13.6391880383	4.61638507675	2.34435570293	4.35405378891	0.0	0.0	0.3936	0.0	0.0	0.0	0.0	5.5866547721	0.0	0.0	0.0	0.0	5.8208778166	0.0	0.0	0.0	0.0	0.0	0.3936	0.0	0.702511007285	0.0	0.3936	0.0	0.0	4.85398060917	0.3936	9.8922140979	0.9569	0.0	0.0	0.0	0.0	0.0	0.0	2.92373621697	0.0	0.0	0.0	0.0	0.0	0.0	0.0	0.0	1.17300058361	0.0	0.0	0.0	0.0	0.0	0.0	0.956876255176	0.0	0.0	0.0	0.702511007285	0.0	0.0	0.0	0.0	0.0	0.0	0.3936	0.0	0.0	0.0	0.0	0.3936	1.81128177287	0.0	0.0	0.0
TCGA-E2-A14W	5.21879719459	11.3481200162	0.0	0.0	0.0	0.746174579455	0.4208	0.0	0.0	0.0	0.0	0.0	2.24046687071	1.60030643952	0.0	11.1809645271	8.19448964942	7.05626242089	1.42939926888	11.7121134215	0.0	1.23556640691	1.42946185425	0.0	0.0	0.0	0.0	4.26973924437	8.38197086521	5.73220866527	0.0	0.0	0.0	0.0	0.0	0.0	7.17595369974	0.0	0.0	0.0	4.56630402611	0.7462	0.0	0.0	0.0	0.0	1.42946185425	0.0	2.13316094759	0.0	0.0	2.01729542863	0.0	4.75910765079	0.0	0.0	0.0	0.0	0.0	3.07915228986	0.0	4.75911090473	0.0	0.0	11.812925886	0.0	0.0	0.0	11.7608138638	8.15216307991	8.88610405929	8.38926357034	0.0	0.0	0.0	0.0	0.0	0.0	8.90458969262	1.0115	0.4208	0.0	5.5873168884	4.43699142329	17.8779177884	5.29542522429	0.0	0.0	0.0	0.0	0.0	0.0	0.4208	0.0	0.0	0.0	0.0	0.0	0.0	0.0	1.23554829894	0.4208	2.13316094759	2.43373362051	0.0	8.1418754827	0.0	0.746174579455	5.78632415626	0.0	0.0	0.0	0.0	0.0	0.0	0.0	8.20118737883	8.12094970241	0.4208	0.0	0.0	0.0	0.4208	3.75824132889	14.2131562068	4.97648551396	2.82711277076	5.17884602197	0.0	1.01150207605	0.746174579455	0.0	0.0	0.0	0.0	4.10914036081	0.0	0.0	0.746174579455	0.0	7.16580815783	0.4208	0.0	0.0	0.0	0.0	0.4208	0.0	0.0	0.0	0.746174579455	0.0	0.0	5.8039965593	0.0	9.32291952712	1.23552841329	0.0	0.0	0.0	0.0	0.0	0.0	1.7531	0.0	0.0	0.0	0.0	0.4208	0.0	0.0	0.0	1.42941665406	0.0	0.0	0.0	0.0	0.4208	0.0	1.75304170468	0.0	0.0	0.0	0.4208	0.0	0.0	0.0	0.0	0.0	0.0	0.4208	0.0	0.0	0.0	0.0	0.0	0.7462	0.4208	0.746174579455	0.0
TCGA-E2-A15O	5.61119979497	9.410232175	0.2645	0.0	0.0	0.0	0.851872044544	0.0	0.0	0.68136740076	0.0	0.0	1.38384522333	2.26976500736	0.487938363516	11.1165013123	7.11903945507	6.80544202278	2.07687389811	9.88068864629	0.0	0.0	3.24029989886	0.0	0.0	0.0	0.0	3.61666413958	7.88989736956	4.28605103751	0.2645	0.6813	0.487938363516	0.0	0.0	0.487938363516	6.30119966737	0.0	0.0	0.0	3.00742925523	0.0	0.0	0.2645	0.0	0.0	1.00430068622	0.2645	2.07690639711	0.0	0.0	2.14410992821	0.0	3.51873664542	0.0	0.0	0.0	0.0	0.0	1.49098661954	0.0	4.3585716067	0.4879	0.0	11.0918582652	0.0	0.0	0.2645	13.5403209127	7.70749546552	8.59043490472	8.11697426733	0.0	0.0	0.0	0.0	0.0	0.0	8.40250696386	0.0	1.14224573767	0.0	2.97094693793	1.85418877087	17.0616461514	5.64639008384	0.0	0.0	0.0	0.0	0.0	0.0	0.0	0.0	0.0	0.0	0.2645	0.0	0.0	0.0	0.2645	0.0	1.14219655012	4.04364455582	0.0	4.4410923721	0.0	0.487938363516	3.27068300691	0.0	0.0	0.2645	0.0	0.0	0.0	0.0	7.16428089469	8.49068049524	0.0	0.0	0.0	0.0	0.0	2.32877788304	14.1458808581	5.62306257767	1.59061125326	3.91482940938	0.0	0.2645	0.2645	0.0	0.0	0.0	0.0	4.14552658066	0.0	0.0	0.0	0.6813	3.87581679971	0.0	0.0	0.0	0.0	0.0	0.0	0.0	0.0	0.0	2.592040987	0.0	0.0	6.63194426991	0.2645	9.64147870932	0.4879	0.0	0.487938363516	0.0	0.0	0.0	0.0	1.1421	0.0	0.2645	0.0	0.0	0.2645	0.0	0.0	0.0	0.487938363516	0.0	0.0	0.0	0.2645	0.2645	0.0	0.4879	0.0	0.0	0.0	0.2645	0.0	0.0	0.0	0.0	0.0	0.0	0.0	0.0	0.0	0.2645	0.0	0.0	1.14229448705	0.0	0.0	0.0
TCGA-D8-A1X5	5.44662983229	9.02476078883	0.0	0.0	0.0	0.0	0.0	0.0	0.0	0.0	0.0	0.0	3.67455517532	0.0	6.91547821424	11.7806502499	8.53883463939	7.83708023917	1.59890810942	11.2977719905	0.0	1.14888547633	2.64979428816	0.0	0.0	0.0	0.0	5.3494694783	8.01284571966	5.29082224578	0.0	0.0	0.0	0.0	0.0	0.0	8.28852052775	0.0	0.0	0.0	4.20560708842	0.0	0.0	0.857277853689	0.0	0.8573	1.39137691636	0.4914	2.21798414037	0.0	0.4914	2.21795216381	0.0	2.98166480147	0.0	0.0	0.0	0.0	0.0	1.1489035697	0.0	3.67457381592	0.0	0.0	13.1187071665	0.0	0.4914	0.0	11.9603468314	8.4310174761	9.53373571474	9.47740535373	0.0	0.0	0.0	0.0	0.0	0.0	8.78697870496	0.0	1.1489035697	0.0	4.41218287311	2.64977994753	17.8577959828	6.06927862945	0.0	0.0	0.0	0.0	0.0	0.0	1.39135860467	0.0	0.0	0.0	1.1489035697	0.0	0.4914	0.0	1.39136162214	0.0	0.857277853689	0.0	0.0	5.55020654891	0.0	0.0	4.73156649	0.0	0.0	0.0	0.0	0.0	0.0	0.0	7.53644301924	9.15982780512	0.0	0.0	0.0	0.0	0.0	2.44997616916	14.783932907	5.22974436594	2.44996363794	4.64062553086	1.78027067477	0.0	1.14888547633	0.0	0.0	0.0	0.0	5.39192962256	0.0	0.0	1.39135860467	0.0	5.40581397834	4.35611845789	6.3389211422	0.0	0.0	0.0	0.0	0.0	0.0	0.0	1.14888547633	0.0	0.0	7.21644022129	0.0	9.83556958488	0.8573	0.0	0.0	0.0	0.0	0.0	0.0	0.4914	0.0	0.4914	0.0	0.0	0.4914	0.4914	0.0	0.0	0.8573	0.0	0.0	0.0	0.0	0.0	0.0	0.4914	0.0	0.0	0.0	1.39137691636	0.0	0.0	0.0	0.0	0.0	0.0	0.857277853689	0.0	0.0	0.4914	0.0	0.0	2.33861328145	0.0	0.0	0.0
TCGA-E2-A1IH	4.47745194061	7.59756454493	0.0	0.0	0.0	0.0	0.0	0.0	0.0	0.0	0.0	0.0	0.3092	0.779941588724	0.0	12.2539574494	10.0512203815	5.46044673251	1.85985649805	11.8709867973	0.0	0.780039553879	2.27055134581	0.0	0.0	0.0	0.0	5.54412590971	7.96913828111	5.02488112804	0.0	0.0	0.0	0.0	0.0	0.0	6.35831217355	0.0	0.0	0.0	4.99269513453	0.3092	0.0	0.3092	0.3092	0.0	0.0	0.0	0.563686193096	0.0	0.0	0.3092	0.0	2.94367216164	0.0	0.0	0.0	0.0	0.0	1.54218361001	0.0	2.98778958231	0.3092	0.0	11.1475437754	0.0	0.0	0.0	14.3822603612	8.52341734138	9.84579812984	8.11935078773	0.0	0.0	0.0	0.0	0.0	0.0	9.02962232995	0.3092	1.13433383628	0.0	3.79794841518	2.9878047069	17.9310009972	5.7310430402	0.0	0.0	0.0	0.0	0.0	0.0	0.3092	0.0	0.0	0.0	0.0	0.3092	0.0	0.0	1.54223348093	0.0	2.11998475443	0.780039553879	0.0	8.00448418161	0.968052699129	1.41870046894	6.28942059257	0.0	0.0	0.0	0.0	0.0	0.0	0.0	7.35159735221	7.5132073682	0.0	0.0	0.0	0.0	0.78	2.40682745196	15.9551755213	7.15748995357	4.86830063848	4.5962455834	0.0	0.968052699129	0.78	0.0	0.0	0.0	0.0	3.29941083987	0.3092	0.0	0.0	0.3092	5.55150310243	0.0	0.78	0.0	0.0	0.0	0.0	0.0	0.0	0.0	1.13428814539	0.0	0.0	4.61044070891	0.78	7.76705167854	1.95179124102	0.0	0.0	0.0	0.0	0.0	0.0	1.28350276713	0.0	0.0	0.0	0.0	1.41869187557	0.0	0.0	0.0	0.968052699129	0.0	0.0	0.0	0.0	0.0	0.0	2.19724427666	0.0	0.0	0.0	0.3092	0.0	0.0	0.0	0.0	0.0	0.0	0.968017978246	0.0	0.0	0.3092	0.0	0.0	0.3092	0.96796670432	0.3092	0.0
TCGA-D8-A13Y	4.63751799067	9.64571833469	0.0	0.0	0.0	0.0	0.2561	0.0	0.0	0.829410658854	0.0	0.0	1.11467198852	6.96033411394	0.4735	10.2812974212	7.36744399797	5.21438560965	2.81172357069	10.2097756795	0.2561	0.0	4.23797594252	0.0	0.0	0.0	0.0	3.31247855543	9.41272185487	5.52550115351	0.0	1.1146	0.0	0.0	0.0	0.0	7.20029126122	0.0	0.0	0.0	3.19500398269	0.0	0.0	0.662422356278	0.0	0.0	3.54629383101	0.0	2.16873795195	0.0	0.0	1.64921024569	0.0	5.57334333161	0.0	0.0	0.0	0.0	0.0	2.34452250637	0.0	3.97830338077	0.0	0.0	10.1095564285	0.0	0.0	0.0	11.1055993357	7.53545374926	9.92360841649	6.74738307737	0.0	0.0	0.0	0.0	0.0	0.0	7.78832414544	0.2561	0.0	0.0	4.35212557586	3.74746688325	16.7497455595	6.17560362499	0.0	0.0	0.0	0.0	0.0	0.0	0.662422356278	0.0	0.0	0.0	0.2561	0.0	0.0	0.2561	0.2561	0.2561	2.03836887207	6.85778355241	0.0	6.47864664769	3.70517789259	0.662405874057	3.74747267108	0.0	0.0	0.0	0.0	0.0	0.0	0.0	5.86059547886	8.18670535466	0.0	0.0	0.0	0.2561	0.0	2.88938632587	13.383741479	3.34037921903	1.64922624707	4.41915004243	0.0	0.2561	0.662422356278	0.0	0.0	0.0	0.0	4.87567060318	0.0	0.0	0.2561	0.2561	3.4470319976	0.0	0.0	0.0	0.0	0.0	0.2561	0.0	0.0	0.0	0.829415890797	0.0	0.0	7.11592613818	0.0	9.17556722102	0.4735	0.2561	0.0	0.0	0.0	0.0	0.0	2.59694362985	0.0	0.0	0.0	0.0	0.0	0.0	0.0	0.0	0.0	0.0	0.2561	0.0	0.4735	0.0	0.0	0.979064797992	0.0	0.0	0.0	1.11465994165	0.0	0.0	0.0	0.0	0.0	0.2561	0.2561	0.0	0.4735	0.0	0.2561	0.0	1.23859372516	0.662422356278	0.0	0.0
TCGA-E2-A15F	4.48813844053	9.88781907984	0.0	0.0	0.0	0.0	0.0	0.0	0.0	0.8804	0.0	0.0	2.25820268956	1.97934708162	0.0	11.2981428138	7.85159383225	6.73509332089	1.81664907419	10.9426555425	0.0	0.5063	0.5063	0.0	0.0	0.5063	0.0	4.04926240167	8.05914056237	5.52312338095	0.0	0.0	0.0	0.0	0.0	0.0	6.30742763045	0.0	0.0	0.0	3.810818471	0.0	0.0	0.8804	0.0	0.5063	0.5063	0.0	1.1772	0.0	0.0	1.81663109911	0.0	4.61730357934	0.0	0.0	0.0	0.0	0.0	0.0	0.0	3.72163431099	1.17714495406	0.0	10.8342351116	0.0	0.0	0.0	13.6700791542	7.23933229326	8.60226844622	8.53190760655	0.0	0.0	0.0	0.0	0.0	0.0	9.10573144111	0.0	0.5063	0.0	4.73589329411	2.59580854868	18.181298392	4.51493365769	0.0	0.0	0.0	0.0	0.0	0.0	0.5063	0.0	0.0	0.0	0.5063	0.0	0.0	0.0	0.0	0.0	0.8804	0.8804	0.0	6.43210136467	0.0	0.880337108712	4.88699269284	0.0	0.0	0.0	0.0	0.0	0.0	0.0	7.10033850807	7.40596056772	0.0	0.0	0.0	0.0	0.0	2.5958	14.9378315691	6.05718882435	3.23398893217	5.45559891347	0.0	0.5063	0.880337108712	0.0	0.0	0.0	0.0	4.01216897069	0.0	0.0	0.0	0.0	4.56698752509	0.0	0.0	0.0	0.0	0.0	0.0	0.0	0.0	0.0	0.880337108712	0.0	0.0	6.54031321147	0.0	9.3268286043	0.0	0.0	0.0	0.0	0.0	0.0	0.0	0.5063	0.0	0.0	0.0	0.5063	0.0	0.0	0.0	0.0	0.880337108712	0.0	0.0	0.0	0.0	0.0	0.0	1.42314302023	0.0	0.0	0.0	0.5063	0.0	0.0	0.0	0.0	0.0	0.0	0.0	0.0	0.0	1.17714495406	0.0	0.0	0.0	0.880337108712	0.0	0.0
TCGA-AR-A1AR	5.62496370609	7.93760058609	0.569	0.0	0.0	0.0	0.569	0.0	0.0	0.0	0.0	0.0	0.0	0.0	1.29307560623	13.0863559298	10.0203814977	6.65938829223	2.54470581653	11.1026237932	0.0	0.976	2.76592884356	0.569	0.0	0.0	0.0	5.20077952124	10.4727113559	6.52947187373	0.0	1.2931	0.0	0.0	0.0	0.0	7.35270346351	0.0	0.0	0.0	5.42836797524	0.569	0.0	0.569	0.976	0.0	1.55286592845	0.976	2.95775098858	0.0	0.569	1.7729366729	0.0	3.71008092952	0.0	0.0	0.0	0.0	0.0	1.2931	0.0	3.86174009074	1.2931	0.0	15.5113593873	0.0	0.0	0.0	13.9248846528	9.64074429885	10.6446553876	8.54970830278	0.569	0.0	0.0	0.0	0.0	0.0	9.19003213115	0.976	1.55286592845	0.0	5.58190753315	5.1027043685	16.6942371304	6.80372122431	0.0	0.0	0.0	0.0	0.0	0.0	0.0	0.0	0.0	0.0	1.55286592845	0.976	0.0	0.0	0.975989526055	0.0	2.86498619569	2.41992648739	0.0	7.77832639712	0.0	0.569	5.50719686005	0.0	0.0	0.0	0.0	0.0	0.0	0.0	6.57407740623	8.11161125141	0.0	0.0	0.0	0.0	0.569	5.2747469819	15.1695597406	8.07587178102	3.99895604154	5.85928027728	0.0	0.0	0.0	0.569	0.0	0.0	0.0	5.56725492479	0.569	0.0	0.0	0.569	7.24192378484	1.2931	2.76592884356	0.0	0.0	0.0	0.569	0.0	0.0	0.0	2.86497315581	0.569	0.0	7.49486396825	1.2931	10.2769159337	0.569	0.0	0.569	0.0	0.0	0.0	0.0	1.9638	0.0	0.0	0.0	0.569	2.13236124229	0.0	0.569	0.0	2.7659337441	0.0	0.0	0.0	0.0	0.976	0.0	1.96384331928	0.0	0.0	0.0	2.13241005868	0.0	0.0	0.0	0.0	0.0	0.0	1.96378845242	0.0	0.0	2.13236124229	0.0	0.0	0.0	0.975989526055	0.0	0.0
TCGA-B6-A0WS	6.48341240607	6.91109170471	0.0	0.0	0.2488	0.0	0.0	0.0	0.0	0.0	0.2488	0.0	0.2488	0.0	0.0	11.3211263405	9.77471428164	6.57740986576	1.86212369052	11.2732613765	0.0	0.809818756418	2.77310808828	0.0	0.0	0.0	0.0	3.15482498339	7.79322354652	5.04448217285	0.2488	0.2488	0.0	0.0	0.0	0.64589895928	5.56402475398	0.0	0.0	0.0	5.43183712035	0.2488	0.0	0.2488	0.0	0.2488	0.956912976183	0.0	0.8098	0.0	0.0	1.21266112477	0.0	3.02738867157	0.0	0.0	0.0	0.0	0.0	1.52725181165	0.0	3.91823144113	0.460938309621	0.0	9.60307824229	0.0	0.0	0.0	12.8453788617	7.71912078499	8.96701612645	7.97039771816	0.0	0.0	0.0	0.0	0.0	0.0	8.1973718686	0.2488	0.461	0.0	3.06032072957	2.69134514043	17.8483612973	4.83208584875	0.0	0.0	0.0	0.0	0.0	0.0	0.2488	0.0	0.0	0.0	0.0	0.0	0.0	0.0	0.956868392094	0.0	2.30832901995	5.98865972916	0.2488	6.01823882514	0.2488	0.956955881148	5.39363698724	0.0	0.0	0.0	0.0	0.0	0.0	0.0	6.32645299367	6.62223272167	0.0	0.0	0.0	0.0	0.2488	2.46415628421	14.8434423594	7.31916844717	3.78667398435	4.36301674228	0.0	0.809818756418	0.64589895928	0.0	0.0	0.0	0.0	3.45639769328	0.0	0.0	1.09046591412	0.645844689734	5.29333297852	0.0	0.0	0.0	0.0	0.0	0.2488	0.0	0.0	0.0	0.460938309621	0.0	0.0	5.82583881991	0.0	9.11243804165	1.61855757014	0.0	0.0	0.0	0.0	0.0	0.0	0.461	0.0	0.0	0.0	0.2488	0.2488	0.0	0.0	0.0	0.956938943351	0.0	0.0	0.0	0.0	0.2488	0.0	1.09042680155	0.0	0.0	0.0	0.460938309621	0.0	0.0	0.0	0.0	0.0	0.0	0.956938943351	0.0	0.0	0.460938309621	0.0	0.0	1.42979433116	0.2488	0.2488	0.461
TCGA-E2-A1LG	4.64628409849	8.20383862471	0.5313	0.0	0.0	0.0	0.0	0.0	0.0	0.0	0.0	0.0	0.918738688344	0.0	2.04142904264	12.2525910983	7.51997820346	5.78964533128	1.47552171279	11.3826749861	0.0	0.0	2.56004232273	0.0	0.0	0.0	0.0	2.32391873629	7.62782712898	4.838090803	0.0	1.2238	0.0	0.0	0.0	0.0	6.98866875123	0.0	0.0	0.0	2.76292528	0.0	0.0	0.0	0.0	0.0	2.04144680939	0.0	1.22381915109	0.0	0.5313	2.04141566997	0.0	3.70273701661	0.0	0.0	0.0	0.0	0.0	2.76297215984	0.0	1.47552171279	0.0	0.0	17.16010362	0.0	0.0	0.0	12.2461062059	7.82196874755	9.73669847615	6.92663676482	0.0	0.0	0.0	0.0	0.0	0.0	8.40290282341	0.0	0.5313	0.0	6.44174481886	4.74537400162	17.0069030885	6.07336691074	0.0	0.0	0.0	0.0	0.0	0.0	0.9187	0.0	0.0	0.0	0.918738688344	0.0	0.0	0.0	0.918738688344	0.0	2.18959834806	0.0	0.0	6.72283136454	0.0	0.5313	3.70277580482	0.0	0.0	0.5313	0.0	0.0	0.0	0.0	7.53042851031	7.79620973297	0.5313	0.0	0.0	0.0	0.0	2.04142904264	13.7392591403	6.44913935224	1.4755	5.14082539319	0.0	0.0	1.22381915109	0.0	0.0	0.0	0.0	3.54660119262	0.0	0.0	0.0	0.0	3.60059769493	0.0	0.0	0.0	0.0	0.0	0.0	0.0	0.0	0.0	0.0	0.0	0.0	4.62039486997	0.0	9.4892453364	0.5313	0.0	0.0	0.0	0.0	0.0	0.0	2.44680116853	0.0	0.0	0.0	0.0	0.5313	0.0	0.0	0.0	3.02211375843	0.0	0.0	0.0	0.0	0.0	0.0	1.22381915109	0.0	0.0	0.0	0.0	0.0	0.0	0.0	0.0	0.0	0.0	0.918738688344	0.0	0.0	0.5313	0.0	0.0	1.87629244893	0.0	0.0	0.0
TCGA-BH-A0HA	7.14854542478	9.66965300467	0.0	0.0	0.2546	0.0	0.0	0.0	0.0	0.658991746224	0.2546	0.0	0.974547395516	0.0	0.470937512383	12.3575903127	9.04295836248	6.60724195643	2.88137796595	10.2850585438	0.2546	0.2546	2.49354440989	0.0	0.0	0.2546	0.0	5.59340288358	9.15557693093	5.3760241339	0.0	0.659	0.0	0.0	0.0	0.0	7.0740357523	0.0	0.0	0.0	4.93197653387	0.4709	0.0	0.0	0.2546	0.2546	0.658991746224	0.2546	1.45253660147	0.2546	0.0	0.825394645962	0.0	3.60803116601	0.0	0.0	0.0	0.0	0.0	0.974494477289	0.0	4.95907839257	0.2546	0.0	12.4129448501	0.0	0.0	0.2546	14.5876437245	8.80904959017	9.32795240827	8.94126162966	0.0	0.0	0.4709	0.0	0.0	0.0	8.74822804135	0.0	1.5508227524	0.0	3.83954547381	2.76332116433	17.393993087	6.06196527632	0.0	0.0	0.0	0.0	0.0	0.0	0.470937512383	0.0	0.0	0.0	0.0	0.0	0.0	0.0	1.45250943163	0.2546	1.88824583897	1.64285742835	0.0	6.12716012738	0.0	1.10971462375	5.46692849583	0.0	0.0	0.0	0.0	0.0	0.0	0.0	7.16994219281	7.59551116812	0.0	0.0	0.0	0.0	0.0	2.76330082633	15.5683302859	6.82179989093	3.93365134066	4.37047504911	0.0	0.658991746224	1.55087983707	0.0	0.0	0.0	0.0	5.06268911063	0.0	0.0	0.659	0.2546	4.46173729608	0.4709	0.0	0.2546	0.0	0.2546	0.2546	0.0	0.0	0.0	0.825365305213	0.0	0.0	6.75633157083	0.0	9.784940376	0.825372659988	0.0	0.2546	0.0	0.0	0.0	0.0	2.76333355994	0.0	0.0	0.0	0.0	0.825372659988	0.0	0.0	0.0	1.10967247768	0.0	0.0	0.0	0.2546	0.0	0.0	1.45254281871	0.2546	0.0	0.0	0.470937512383	0.0	0.0	0.0	0.0	0.0	0.0	0.2546	0.0	0.0	0.658991746224	0.0	0.0	1.55084993539	0.2546	0.470937512383	0.0
TCGA-BH-A1EU	5.45861757738	8.31444162027	0.0	0.0	0.558	1.27305504501	0.0	0.0	0.0	0.9594	0.558	0.0	0.558	0.558	0.558	13.1390715395	9.87405597522	6.55511216777	3.24801195954	10.57317689	0.0	0.558	3.44853934407	0.0	0.0	0.0	0.0	3.24801384417	8.84116310306	5.42727371392	0.0	1.2731	0.0	0.0	0.0	0.0	6.97894611324	0.0	0.0	0.0	5.67406327898	0.0	0.0	0.0	0.558	0.0	0.558	0.0	1.93865535722	0.0	0.0	1.27302680421	0.0	2.10624198946	0.0	0.0	0.0	0.558	0.0	2.51664856652	0.0	4.09222870525	0.558	0.0	10.7521450099	0.0	0.0	0.0	14.4505485191	8.34622260638	9.4096100585	8.55804742661	0.0	0.0	0.0	0.0	0.0	0.0	8.76486994319	0.558	1.27302680421	0.0	3.38472399557	2.10626129077	17.1480532444	5.61966575046	0.0	0.0	0.0	0.558	0.0	0.0	1.749013529	0.0	0.0	0.0	0.0	0.0	0.0	0.0	1.27302680421	0.0	3.50961435685	0.558	0.0	5.77707736182	0.0	2.10627714153	5.89627777969	0.0	0.0	0.0	0.0	0.0	0.0	0.0	7.10306599942	7.27569293012	0.0	0.0	0.0	0.558	0.959364900771	4.01002685376	16.1169337822	6.95718511561	5.08990144474	4.50609528755	0.0	0.558	2.10627714153	0.0	0.0	0.0	0.0	5.362475251	0.0	0.0	0.0	0.558	6.3023633768	0.9594	1.749013529	0.0	0.0	0.0	0.0	0.0	0.0	0.0	2.25643929245	0.0	0.0	5.45858229189	0.0	8.44727284015	1.749	0.0	0.0	0.0	0.0	0.0	0.0	0.558	0.0	0.0	0.0	0.0	1.27305504501	0.0	0.0	0.0	2.39238859072	0.0	0.0	0.0	0.0	0.558	0.0	1.53058521663	0.0	0.0	0.0	0.0	0.0	0.0	0.0	0.0	0.0	0.0	1.27305504501	0.0	0.0	0.558	0.0	0.0	1.93865607844	0.558	0.558	0.0
TCGA-AR-A2LE	5.13011328493	10.3052705012	0.0	0.0	0.694753457229	0.0	0.3888	0.0	0.0	2.84506991586	0.0	0.0	0.3888	0.0	0.0	10.6917618768	8.16530760343	7.92577347195	1.79671894417	10.051027938	0.0	0.0	0.947	0.0	0.0	0.0	0.0	2.78157729304	7.37095650262	5.32073399928	0.0	0.0	0.0	0.0	0.0	0.694753457229	4.92507143998	0.0	0.0	0.0	3.63728611772	0.0	0.0	0.0	0.0	0.0	0.3888	0.6947	1.66221604446	0.0	0.0	0.0	0.0	0.694753457229	0.0	0.0	0.0	0.0	0.0	0.3888	0.0	4.95415261269	0.3888	0.0	13.6362235088	0.0	0.0	0.0	12.9337986062	6.86244760713	8.71550490812	7.76274920318	0.0	0.0	0.0	0.0	0.0	0.0	7.80724091125	0.0	0.3888	0.0	1.16167070918	1.79670538281	16.9641778869	5.56653664661	0.0	0.0	0.0	0.0	0.0	0.0	0.3888	0.0	0.0	0.0	0.946994101194	0.0	0.0	0.0	0.0	0.0	2.03310493052	0.946994101194	0.3888	3.83781578867	0.3888	1.16167070918	3.4043074559	0.0	0.0	0.0	0.0	0.0	0.0	0.0	6.51754787582	7.78718612909	0.0	0.0	0.0	0.0	0.0	1.16162694921	16.5775120633	5.52837471864	4.28955879301	4.04120949706	0.0	0.0	0.3888	0.0	0.0	0.0	0.0	4.66862641496	0.0	0.0	0.0	0.0	4.44104463031	0.0	0.0	0.0	0.0	0.0	0.0	0.0	0.0	0.0	0.3888	0.0	0.0	5.5570700002	0.0	9.89390433817	0.0	0.0	0.0	0.0	0.0	0.0	0.0	0.0	0.0	0.0	0.0	0.3888	1.16166562593	0.0	0.0	0.0	0.3888	0.0	0.0	0.0	0.0	0.0	0.0	0.3888	0.0	0.0	0.3888	0.0	0.0	0.0	0.0	0.0	0.0	0.0	0.3888	0.0	0.0	0.0	0.0	0.0	0.947038981896	0.0	0.0	0.0
TCGA-E2-A15P	3.60606490359	6.43330356705	0.0	0.0	0.1372	0.0	0.0	0.0	0.0	0.0	0.0	0.0	1.72028291557	0.0	0.0	11.3654523663	8.29480756621	5.41323434194	1.96116256674	9.88891995657	0.0	0.262477896837	2.23022321679	0.0	0.0	0.0	0.0	4.15095013355	6.20060715319	4.38946017876	0.0	0.0	0.1372	0.0	0.0	0.0	4.55171143853	0.0	0.0	0.0	4.50176584733	0.1372	0.0	0.1372	0.1372	0.1372	0.262477896837	0.1372	0.846680666473	0.0	0.0	0.676836043257	0.0	1.37663180082	0.0	0.0	0.0	0.0	0.0	0.377741015161	0.0	3.01528636268	0.0	0.0	11.9197379202	0.0	0.0	0.0	13.3382152772	6.8399645148	8.1159556782	8.38070304243	0.1372	0.0	0.0	0.0	0.0	0.0	8.3107983023	0.2625	0.2625	0.0	2.03333796182	1.58289678791	17.7096131707	3.82502715788	0.0	0.0	0.0	0.0	0.0	0.0	1.06880165366	0.0	0.0	0.0	0.1372	0.0	0.0	0.0	0.377761421121	0.0	1.32009063383	0.0	0.1372	5.03270988355	0.0	0.998407552908	4.43677216356	0.0	0.0	0.0	0.0	0.0	0.0	0.0	5.700229028	7.68768258677	0.0	0.0	0.1372	0.0	0.846541895025	1.80519862446	15.1707500707	4.62936181142	2.99736641037	4.06755089711	0.0	0.0	0.48452745896	0.0	0.0	0.0	0.0	3.55792921122	0.0	0.0	0.583918089205	0.377761421121	3.88469966318	0.1372	0.1372	0.0	0.0	0.0	0.0	0.0	0.0	0.0	1.32002716811	0.0	0.0	5.79921523023	0.0	9.92576653217	0.1372	0.0	0.0	0.0	0.0	0.0	0.0	0.676960783226	0.0	0.1372	0.0	0.0	0.1372	0.0	0.0	0.0	0.262477896837	0.0	0.0	0.0	0.0	0.0	0.0	0.484491631087	0.0	0.0	0.0	0.0	0.0	0.0	0.0	0.0	0.0	0.0	0.2625	0.0	0.0	0.377761421121	0.0	0.1372	1.26121410461	0.0	0.1372	0.0
TCGA-C8-A27B	5.13897688535	7.39775406051	0.4787	0.0	0.0	0.0	0.4787	0.0	0.0	0.0	0.0	0.0	0.4787	1.36409587057	5.64930125775	11.9541740799	7.07037871412	5.74768906553	3.27164848658	11.0466393811	0.0	0.0	1.7489	0.0	0.0	0.0	0.0	5.20199479737	9.77569862185	5.93559075464	1.74898682829	0.0	0.837519355758	0.0	0.0	0.0	6.64619015148	0.0	0.0	0.0	3.21159319894	0.0	0.0	0.837519355758	0.0	0.0	0.4787	0.4787	3.80591348067	0.0	0.0	2.183173833	0.0	3.72229618467	0.0	0.0	0.0	0.0	0.0	4.66661914137	0.0	3.58719122886	0.0	0.0	11.0905367734	0.0	0.4787	0.0	13.2583057204	9.68756775442	11.00414597	9.19992654093	0.0	0.0	0.4787	1.36403988467	0.0	0.0	9.43050784625	0.0	1.36398389661	0.0	5.84962765328	4.59794912472	18.0238218155	4.73214943099	0.0	0.0	0.0	0.0	0.0	0.0	2.94292360426	0.0	0.0	0.0	0.0	0.0	0.4787	0.0	1.36403988467	0.0	2.94293697059	0.4787	2.51649002232	5.5915828013	0.0	1.12463406176	3.08352421444	0.0	0.0	0.0	0.0	0.0	0.0	0.0	6.7018150653	8.59484914143	0.0	0.0	0.4787	0.0	0.4787	4.79487087289	14.3056485443	6.98331284587	1.1247	5.17083594705	0.0	0.4787	0.0	0.0	0.0	0.0	0.0	5.5066952091	0.0	0.0	0.4787	0.4787	1.5693145147	0.0	0.0	0.0	0.0	0.0	0.0	0.0	0.0	0.0	0.8376	0.0	0.0	6.07690090846	0.0	10.1575576468	0.0	0.0	0.4787	0.0	0.0	0.0	0.0	2.78711582337	0.0	0.0	0.0	0.0	0.837519355758	0.0	0.0	0.0	3.99576536695	0.0	0.0	0.0	0.4787	0.0	0.0	1.90862530562	0.0	0.0	0.0	1.56931462729	0.4787	0.0	0.0	0.0	0.0	0.0	1.56923146885	0.0	0.0	0.0	0.0	0.4787	3.01493427386	0.0	0.0	0.0
TCGA-AR-A24T	2.82813576874	6.4914763899	0.0	0.0	0.0	0.0	0.0	0.0	0.0	0.0	0.0	0.0	0.817797559539	0.0	0.0	10.7394603929	8.43242098613	6.45017432954	1.71721787909	10.5351314806	0.0	0.3268	1.4749215072	0.0	0.0	0.0	0.0	1.33651072227	6.39454020926	4.08879589923	0.0	0.0	0.0	0.0	0.0	0.0	4.17253586472	0.0	0.0	0.0	4.5149066315	0.0	0.0	0.0	0.0	0.0	0.3268	0.0	0.817797559539	0.0	0.0	1.33652841799	0.0	1.33651072227	0.0	0.0	0.0	0.0	0.0	0.593073226423	0.0	2.1887725508	0.0	0.0	11.6126069195	0.0	0.0	0.0	11.9012418172	6.62008020258	7.6052397765	7.17115988148	0.0	0.0	0.0	0.0	0.0	0.0	8.28498969585	0.0	0.3268	0.0	2.34128648086	0.3268	18.3427785098	3.41416429231	0.0	0.0	0.0	0.0	0.0	0.0	0.3268	0.0	0.0	0.0	0.593073226423	0.0	0.0	0.0	0.0	0.0	2.47921080584	1.01217121013	0.3268	3.90519646429	0.0	1.33645555309	4.32672329128	0.0	0.0	0.0	0.0	0.0	0.0	0.0	5.40725927838	7.12987162359	0.0	0.0	0.0	0.0	0.0	2.47917034857	14.7746142583	3.44815476372	3.23100383185	3.23098827928	0.0	0.0	0.593073226423	0.0	0.0	0.0	0.0	2.66417960931	0.0	0.0	0.3268	0.3268	5.97215314216	0.3268	0.0	0.0	0.0	0.0	0.0	0.0	0.0	0.0	0.593073226423	0.0	0.0	5.13198659722	0.0	6.4833476214	0.593073226423	0.0	0.0	0.0	0.0	0.0	0.0	1.6011	0.0	0.0	0.0	0.3268	0.0	0.0	0.0	0.0	0.0	0.0	0.0	0.0	0.0	0.0	0.0	0.0	0.0	0.0	0.0	0.0	0.0	0.0	0.0	0.0	0.0	0.0	0.0	0.0	0.0	0.0	0.0	0.0	0.3268	0.3268	0.5931	0.0
TCGA-E9-A1NG	5.81118075521	7.61894941763	0.0	0.0	0.301840909294	0.0	0.3018	0.0	0.0	0.431932718233	0.0	0.0	0.661527069403	0.1588	1.32911727636	12.5060408937	8.79157190267	6.19933403523	2.16681606201	11.5927375946	0.431932718233	0.763940067309	3.07825383709	0.0	0.0	0.1588	0.0	4.25047869438	8.11362498822	4.97647856174	0.0	0.6615	0.0	0.0	0.1588	0.0	7.26020796857	0.0	0.0	0.0	4.42474396392	0.431932718233	0.0	0.661495187495	0.1588	0.1588	2.74435947291	0.3018	0.1588	0.0	0.0	1.62961248025	0.0	2.90987342817	0.0	0.431932718233	0.0	0.0	0.0	0.859528472606	0.0	4.55894487519	0.0	0.0	12.7687900445	0.0	0.0	0.0	12.2416672361	8.27888728801	8.52524330316	8.99542545574	0.0	0.0	0.0	0.0	0.0	0.0	9.24427239675	0.859518767463	0.1588	0.0	4.36896640333	2.69338428577	18.3425547501	4.52290633268	0.0	0.0	0.0	0.0	0.0	0.0	0.949174497308	0.0	0.0	0.0	0.301840909294	0.0	0.0	0.1588	1.11333310791	0.0	1.57427513921	0.301840909294	0.661499164897	7.28406476897	0.0	1.11331101215	6.67060930097	0.0	0.0	0.0	0.0	0.0	0.0	0.0	8.79646602477	8.46238172134	0.0	0.0	0.0	0.0	0.0	3.54887791234	14.8423305777	4.85415202192	2.58566334988	4.44027810057	0.0	0.1588	1.83169371921	0.0	0.0	0.0	0.0	4.98181140355	0.0	0.0	0.661495187495	0.1588	4.68827691734	0.0	0.1588	0.0	0.0	0.0	0.763910370172	0.0	0.0	0.0	1.26074636261	0.0	0.0	5.74697990172	0.0	8.96920888591	1.45688508815	0.0	0.1588	0.0	0.0	0.0	0.0	2.009	0.0	0.0	0.0	0.0	1.18888039548	0.1588	0.1588	0.0	1.57430392254	0.0	0.0	0.0	0.0	0.551262244451	0.0	0.949201254021	0.0	0.0	0.0	0.763933478383	0.0	0.0	0.1588	0.0	0.0	0.0	0.551262244451	0.0	0.0	0.301840909294	0.0	0.0	0.661527069403	0.763907485968	0.0	0.0
TCGA-EW-A1P5	6.53390442449	8.25847102474	0.0	0.0	0.0	0.0	0.0	0.0	0.0	0.0	0.0	0.0	0.0	2.70039662326	0.0	11.2098337563	8.62287369519	6.39935276881	3.58489927153	12.1220293542	0.0	0.0	3.20936907421	0.0	0.0	0.0	0.0	4.40363371684	8.2279304937	4.78565764649	0.9386	0.0	0.0	0.0	0.0	0.0	8.05973209854	0.0	0.0	0.0	4.05159688516	0.0	0.0	0.0	0.0	0.0	1.50250107743	0.0	1.9068	0.0	0.0	0.9386	0.0	4.4036537663	0.0	0.0	0.0	0.0	0.0	0.0	0.0	5.08735249639	0.9386	0.0	11.2494690648	0.0	0.0	0.0	11.8365971627	7.61645096335	9.78894133476	8.61951459598	0.0	0.0	0.0	0.0	0.0	0.0	9.47258337377	0.0	0.0	0.0	2.89068707299	3.79002420785	17.8512143723	5.4317567133	0.0	0.0	0.0	0.0	0.0	0.0	0.0	0.0	0.0	0.0	0.0	0.0	0.0	0.0	0.9386	0.0	0.9386	5.1631327712	0.0	5.85377805304	0.0	0.0	4.46479472882	0.0	0.0	0.9386	0.0	0.0	0.0	0.0	8.4857387668	8.28839579527	0.0	0.0	0.0	0.0	0.0	3.47026776414	14.4829859864	6.60356199317	2.89066697028	4.12921483921	0.0	0.0	0.9386	0.0	0.9386	0.0	0.0	5.78344264794	0.0	0.0	0.0	0.0	4.20288216134	0.0	0.0	0.0	0.0	0.0	0.0	0.0	0.0	0.0	0.0	0.0	0.0	6.82964306076	0.0	9.46512278646	0.0	0.0	0.0	0.0	0.0	0.0	0.9386	0.9386	0.0	0.0	0.0	0.0	0.0	0.0	0.0	0.0	0.9386	0.0	0.0	0.0	0.9386	0.0	0.0	0.0	0.0	0.0	0.0	0.0	0.0	0.0	0.0	0.0	0.0	0.0	0.9386	0.9386	0.0	0.0	0.0	0.0	1.5024	0.0	0.0	0.0
TCGA-BH-A0DI	5.10940379068	7.2635614277	0.0	0.0	0.0	0.0	0.0	0.0	0.0	0.0	0.0	0.0	1.59426971665	0.2654	0.6833	11.3299081315	9.84925318186	6.44329373542	2.08097508876	11.2928560648	0.0	0.683319319293	2.73424127879	0.0	0.0	0.0	0.0	3.49806753787	7.68483477423	5.49250526122	0.2654	0.0	0.2654	0.0	0.0	0.0	6.10112504444	0.0	0.0	0.0	5.52451305899	0.0	0.0	0.4894	0.0	0.0	0.489479759781	0.2654	0.854217458924	0.0	0.0	1.4944072564	0.0	3.27549750484	0.0	0.0	0.0	0.0	0.0	0.683319319293	0.0	2.54755416279	0.0	0.0	11.0646728296	0.0	0.0	0.0	12.0972744684	7.61965068086	8.3194010067	8.41729511738	0.0	0.0	0.0	0.0	0.0	0.0	9.04834095246	0.2654	0.489479759781	0.0	4.03089326786	2.27407138712	18.5519466959	3.91983748983	0.0	0.0	0.0	0.2654	0.0	0.0	0.4894	0.0	0.0	0.0	0.0	0.0	0.0	0.2654	0.6833	0.0	2.89953295613	0.683319319293	0.0	6.29541604337	0.0	0.854217458924	5.68032204727	0.0	0.0	0.0	0.0	0.0	0.0	0.0	7.3992068761	8.68272539253	0.0	0.0	0.0	0.0	0.489479759781	2.77739578195	15.0241568372	5.32096402892	3.90048182801	5.12616207358	0.0	0.0	1.59424786588	0.0	0.0	0.0	0.0	3.7352576918	0.0	0.0	1.3871160697	0.2654	6.19562333905	0.0	0.2654	0.0	0.0	0.0	0.2654	0.0	0.0	0.0	0.4894	0.0	0.0	5.99095361289	0.0	8.51603829867	2.21252167914	0.0	0.0	0.2654	0.0	0.0	0.0	0.4894	0.0	0.4894	0.0	0.0	1.007	0.0	0.0	0.0	2.21256827425	0.0	0.0	0.0	0.0	0.2654	0.0	0.854296558302	0.0	0.0	0.0	0.2654	0.0	0.0	0.0	0.0	0.2654	0.0	0.489479759781	0.0	0.0	0.2654	0.0	0.4894	0.854217458924	0.4894	0.2654	0.0
TCGA-BH-A18P	6.05570939496	7.81193390829	0.0	0.0	0.6693	0.0	0.0	0.0	0.0	0.0	0.0	0.0	1.7489	0.0	1.1247	11.0296492582	8.7953590746	8.28842224731	2.5165	10.6827351961	0.0	0.6693	1.7489	0.0	0.0	0.0	0.0	3.74365491357	8.22723196112	6.24724918864	0.0	1.7489437536	0.0	0.0	0.0	0.0	7.15048749233	0.0	0.0	0.0	5.03885417183	0.6693	0.0	0.0	0.0	0.0	0.0	0.6693	3.74366460073	0.0	0.0	1.74893183906	0.0	3.46395579276	0.0	0.0	0.0	0.0	0.0	1.74893183906	0.0	4.39702438142	0.0	0.0	11.9730089714	0.0	0.0	0.0	13.1405734968	7.69759594949	9.58450644942	8.76239371965	0.0	0.0	0.0	0.0	0.0	0.0	9.01700385209	0.0	0.6693	0.0	4.93138343681	2.35946128485	17.3715432077	6.09363633334	0.0	0.0	0.0	0.0	0.0	0.0	0.0	0.0	0.0	0.0	0.6693	0.0	0.0	0.0	0.0	0.0	1.1247266891	0.6693	1.1247	6.14263662466	0.0	0.6693	4.2704009741	0.0	0.0	0.0	0.0	0.0	0.0	0.0	5.5916229887	10.1460711518	0.0	0.0	0.0	0.0	0.0	1.47033545649	14.5171253591	5.55583726059	2.78711577496	4.72143588278	0.0	0.0	0.0	0.0	0.0	0.0	0.0	4.47567067672	0.0	0.0	0.0	0.0	6.02987466327	0.0	0.0	0.0	0.0	0.0	0.0	0.0	0.0	0.0	1.47035645982	0.0	0.0	7.1742441423	0.6693	10.2455373622	0.0	0.0	0.0	0.0	0.0	0.0	0.0	2.18317718903	0.0	0.6693	0.0	0.0	0.0	0.0	0.0	0.0	0.0	0.0	0.0	0.0	0.6693	0.0	0.0	0.6693	0.0	0.0	0.6693	0.6693	0.0	0.0	0.0	0.0	0.0	0.0	0.0	0.0	0.0	0.0	0.0	0.0	1.74896106847	0.0	0.6693	0.0
TCGA-D8-A1JK	5.20299173963	7.22485263773	0.0	0.0	0.0	0.0	0.0	0.0	0.0	2.8314989554	0.0	0.0	1.4584094851	0.0	0.0	11.9188549772	8.16175867765	6.24278644579	1.45835342627	10.9682549713	0.0	0.9061	2.5378	0.0	0.0	0.9061	0.0	3.8186993431	8.77193161089	6.44442632975	0.0	0.0	0.0	0.0	0.0	0.0	6.94675443663	0.0	0.0	0.0	3.86270965348	0.5231	0.0	0.0	0.0	0.906182202492	1.2085251033	0.5231	3.98717071849	0.0	0.5231	1.4584094851	0.0	3.98716753176	0.0	0.0	0.0	0.0	0.0	4.30679370081	0.0	4.27460375267	0.0	0.0	11.3841552078	0.0	0.0	0.0	11.7759334574	7.36905676473	9.29387391006	8.75162021388	0.0	0.0	0.0	0.0	0.0	0.0	8.78774746212	1.2085	0.906182202492	0.0	5.56446201926	4.13802489832	18.2376553308	6.42260116064	0.0	0.0	0.0	0.0	0.0	0.0	0.5231	0.0	0.0	0.0	0.5231	0.0	0.0	0.0	0.906182202492	0.0	1.67131688777	0.5231	2.1687231062	5.71609381293	0.0	0.5231	4.71959466834	0.0	0.0	0.0	0.0	0.5231	0.0	0.0	8.61034617567	7.84821700559	0.0	0.0	0.5231	0.0	0.5231	5.04007384347	14.8559666347	5.91728957464	1.85680821942	5.46806590094	0.0	0.5231	0.0	0.0	0.0	0.5231	0.0	4.74327084876	0.0	0.0	0.0	0.0	2.99862827707	0.0	0.9061	0.0	0.0	0.0	0.0	0.0	0.0	0.0	0.0	0.0	0.0	5.39504034113	0.9061	8.19653578694	0.0	0.0	0.0	0.0	0.0	0.0	0.0	2.0212	0.0	0.0	0.0	0.0	0.5231	0.0	0.0	0.0	4.36917688371	0.0	0.0	0.0	0.0	0.0	0.0	1.4584094851	0.0	0.0	0.0	0.0	0.0	0.0	0.0	0.0	0.0	0.0	0.0	0.0	0.0	0.0	0.0	0.0	1.85683908601	0.0	0.5231	0.0
TCGA-AC-A23G	4.07578879027	7.62426661095	0.0	0.0	0.1911	0.0	0.0	0.0	0.0	0.1911	0.0	0.0	0.647559193926	0.0	0.1911	10.4948203257	9.33850628778	5.99739171176	1.43276644591	10.7658954769	0.0	0.887324673765	0.3598	0.0	0.0	0.1911	0.0	4.02644729224	7.04759720406	6.15768202078	0.1911	0.0	0.1911	0.0	0.0	0.0	6.09326300666	0.0	0.0	0.0	6.17188100476	0.5109	0.0	1.18568972995	0.0	0.1911	0.993766100342	0.1911	1.09292268969	0.0	0.0	1.09287772765	0.0	2.13721782648	0.0	0.0	0.0	0.0	0.0	1.18572651289	0.0	1.88397246744	0.1911	0.0	10.1138966345	0.0	0.0	0.0	13.5431124417	6.87726663052	8.19011067141	8.49253025026	0.0	0.0	0.0	0.0	0.0	0.0	8.83169865709	0.3598	1.09293040204	0.0	3.13582258291	2.57465269975	18.5148369743	3.53880988491	0.0	0.0	0.0	0.0	0.0	0.0	1.57668324035	0.0	0.0	0.0	0.647577321522	0.0	0.0	0.1911	0.3598	0.0	2.35252760169	0.1911	0.887324673765	6.36274767697	0.1911	0.887340946017	6.29411600059	0.0	0.0	0.0	0.0	0.0	0.0	0.0	7.40067213511	7.930981627	0.0	0.0	0.0	0.0	0.1911	1.8840229819	15.8691458722	4.90171708788	4.2683285831	5.79883299367	0.0	0.1911	0.887400765253	0.0	0.0	0.0	0.0	4.21432400917	0.0	0.0	0.647559193926	0.0	4.92207064002	0.0	0.0	0.0	0.0	0.0	0.772471668853	0.0	0.0	0.0	1.50654210239	0.1911	0.0	5.76164265634	0.0	7.83757547595	2.18293791263	0.0	0.0	0.0	0.0	0.0	0.1911	0.510842272576	0.0	0.0	0.0	0.0	0.3598	0.0	0.0	0.0	0.993813315103	0.0	0.0	0.0	0.1911	0.0	0.0	0.993863824631	0.0	0.0	0.0	0.359822129101	0.0	0.0	0.1911	0.0	0.0	0.0	0.5109	0.0	0.0	0.510842272576	0.0	0.0	0.3598	0.510842272576	0.1911	0.0
TCGA-C8-A130	5.82337703098	7.71986070818	0.0	0.0	0.0	0.0	0.0	0.0	0.0	0.656704589848	0.3654	0.0	0.656704589848	1.84554821293	0.3654	11.1578392345	8.29729478988	6.89686581255	2.3320221563	11.7935448665	0.0	0.0	2.0601298737	0.0	0.0	0.3654	0.0	4.09928419808	7.80972831648	6.15045385042	0.0	0.3654	0.0	0.0	0.3654	0.0	6.24668006555	0.0	0.0	0.0	3.97259694349	0.656704589848	0.0	0.0	0.0	0.0	0.3654	0.0	2.15661265336	0.0	0.0	1.44856003984	0.0	3.18113454988	0.0	0.0	0.0	0.0	0.0	2.4122921531	0.0	4.44304458277	0.0	0.0	12.3244156181	0.0	0.0	0.3654	13.4424987578	7.78727758588	8.54332819307	8.67024345077	0.0	0.0	0.0	0.0	0.0	0.0	8.3312528582	0.0	0.3654	0.0	4.48074333014	3.47082522779	18.4960418582	6.03473399013	0.0	0.0	0.0	0.3654	0.0	0.0	1.59336543087	0.0	0.0	0.0	0.0	0.0	0.0	0.3654	0.3654	0.0	2.15655763007	0.3654	0.0	6.75776915088	0.0	0.3654	4.4992563667	0.0	0.0	0.0	0.0	0.0	0.0	0.0	6.3004431255	9.35208044183	0.0	0.0	0.0	0.0	0.0	3.61357424654	15.8895413376	6.23570529795	2.62946605821	4.46202098068	0.0	0.3654	0.898952247955	0.0	0.0	0.0	0.0	4.49925761867	0.0	0.0	0.0	0.3654	4.57102769276	0.0	0.0	0.0	0.0	0.0	0.3654	0.0	0.0	0.0	0.0	0.0	0.0	6.86865574609	0.6567	9.62754291561	0.656704589848	0.0	0.0	0.0	0.0	0.0	0.0	1.4485	0.0	0.0	0.0	0.3654	1.10626956669	0.0	0.0	0.0	0.898952247955	0.0	0.0	0.0	0.898952247955	0.0	0.0	0.898952247955	0.0	0.0	0.0	0.656704589848	0.0	0.0	0.0	0.0	0.0	0.0	0.656704589848	0.0	0.0	0.0	0.0	0.0	1.44860103691	0.656704589848	0.0	0.0
TCGA-A2-A0EW	5.70324841155	7.89812070085	0.0	0.0	0.7575	0.0	0.0	0.0	0.0	0.0	0.0	0.0	0.7575	0.0	1.61899599352	12.0531862331	10.1172895093	6.07239602843	2.3626996416	12.7594530233	0.0	0.7575	4.76770939338	0.0	0.0	0.7575	0.0	4.39411627047	7.56617416415	4.01720246576	0.0	0.0	0.0	0.0	0.0	0.0	6.14454442406	0.0	0.0	0.0	5.77773247851	0.7575	0.0	0.0	0.0	0.0	0.7575	0.0	1.2516	0.0	0.0	1.25163859662	0.0	2.15471049762	0.0	0.0	0.0	0.0	0.0	0.7575	0.0	3.41519385584	0.0	0.0	10.556227749	0.0	0.0	0.0	11.9472480879	7.37540153303	8.98828667977	9.00971069741	0.0	0.0	0.7575	0.0	0.0	0.0	8.63684061573	0.0	0.0	0.0	3.21516561523	1.91156526318	17.4764952253	3.59078924288	0.0	0.0	0.0	0.0	0.0	0.0	1.25163859662	0.0	0.0	0.0	0.0	0.0	0.0	0.0	1.61899599352	0.0	2.70583914432	0.7575	0.0	6.27893000628	0.0	2.15468985833	6.02727550561	0.0	0.0	0.0	0.0	0.0	0.0	0.0	6.22668769033	7.82534673736	0.0	0.0	0.0	0.0	0.7575	2.3626753859	15.7419263304	5.06418733037	5.35937913919	4.93988184436	0.0	0.0	0.0	0.0	0.0	0.0	0.0	5.25886843353	0.0	0.0	1.2516	0.0	5.72218962115	0.7575	0.7575	0.0	0.0	0.0	0.0	0.0	0.0	0.0	1.25163859662	0.0	0.0	6.4252271724	0.7575	9.9184739228	1.9116	0.0	0.0	0.0	0.0	0.0	0.0	0.7575	0.0	0.0	0.0	0.0	0.0	0.0	0.0	0.0	2.15469262211	0.0	0.0	0.0	0.0	0.0	0.0	0.0	0.0	0.0	0.0	0.0	0.0	0.0	0.0	0.0	0.0	0.0	0.0	0.0	0.0	2.3626996416	0.0	0.0	0.7575	0.0	0.7575	0.0
TCGA-A1-A0SN	4.54224048243	6.48173643706	0.0	0.0	0.0	0.0	0.0	0.0	0.0	0.3508	0.0	0.0	0.0	0.0	0.3508	10.9479596053	8.38301408604	6.87594203096	1.40691992284	14.5050226841	0.0	0.3508	4.30162309196	0.3508	0.0	0.0	0.0	2.81892113733	6.95164246519	4.49014159331	0.3508	0.0	0.3508	0.0	0.0	0.0	6.03167286551	0.0	0.0	0.0	3.9368877317	0.0	0.0	0.3508	0.0	0.3508	0.0	0.0	2.10557199245	0.0	0.0	1.07114937472	0.0	1.40690563159	0.0	0.0	0.0	0.0	0.0	0.3508	0.0	3.21081881674	0.0	0.0	13.3662423161	0.0	0.0	0.0	11.4317648047	7.01754604601	8.84870756211	7.50461455785	0.6328	0.0	0.0	0.0	0.0	0.0	8.22468682355	0.0	0.868559581918	0.0	3.48362568077	1.79810005049	18.8705394007	3.61908764041	0.0	0.0	0.0	0.0	0.0	0.0	0.6328	0.0	0.0	0.0	0.0	0.0	0.0	0.0	0.3508	0.0	1.24876203807	0.3508	0.0	4.41770348312	0.0	0.8686	4.76308583007	0.0	0.0	0.0	0.0	0.3508	0.0	0.0	6.4087956496	6.14260781564	0.0	0.0	0.0	0.0	0.3508	1.0712	14.2271242282	5.85080143537	2.43418127842	4.06105599571	0.0	0.0	0.0	0.0	0.3508	0.0	0.0	3.33412437819	0.0	0.0	0.3508	0.3508	4.68799091793	0.0	0.0	0.0	0.0	0.0	0.0	0.0	0.0	0.0	0.0	0.0	0.0	3.96265847475	0.0	10.3022980793	0.3508	0.0	0.0	0.0	0.0	0.0	0.0	0.6328	0.0	0.0	0.0	0.0	0.0	0.0	0.0	0.0	0.0	0.0	0.0	0.0	0.0	0.3508	0.0	0.0	0.0	0.0	0.0	0.0	0.0	0.0	0.0	0.0	0.0	0.0	0.632766259166	0.0	0.0	0.0	0.0	0.0	1.24874002244	0.0	0.6328	0.0
TCGA-AC-A2FG	3.86514303982	5.75839690315	0.0	0.1147	0.1147	0.0	0.1147	0.0	0.0	0.220948684137	0.0	0.0	0.412554945474	0.319954372078	0.220948684137	11.2214128548	7.86042836536	6.32254726612	1.80016034593	9.86101555864	0.0	0.220948684137	0.4125	0.0	0.0	0.1147	0.0	3.69120660411	6.67659262361	4.23211131663	0.0	0.221	0.0	0.0	0.0	0.1147	5.338991006	0.0	0.0	0.0	3.70956811796	0.1147	0.1147	0.0	0.1147	0.0	0.499568669116	0.221	1.11013810607	0.1147	0.0	0.412510010252	0.0	1.89950874727	0.0	0.0	0.0	0.0	0.0	0.659309383074	0.0	3.20056194392	0.221	0.0	11.6414707047	0.0	0.0	0.0	12.4370276038	6.75057102531	7.72650130407	8.77413433102	0.221	0.0	0.0	0.0	0.0	0.0	7.98349074085	0.220948684137	0.659268180065	0.0	1.61775900831	0.995082844511	16.4700654416	4.66750662067	0.0	0.0	0.0	0.0	0.0	0.0	0.0	0.0	0.0	0.0	0.220948684137	0.0	0.0	0.0	0.58167146099	0.0	1.8672346056	0.803147590725	0.0	5.29100065966	0.0	1.16434032961	4.29429834143	0.0	0.0	0.0	0.0	0.1147	0.0	0.0	6.0705239778	8.03077739261	0.1147	0.0	0.0	0.0	0.412554945474	2.8493766901	15.1367617219	3.17433798992	2.65452013275	3.27646482923	0.0	0.0	0.4125	0.0	0.0	0.0	0.0	3.72773205255	0.0	0.0	0.412554945474	0.0	6.37669536142	0.0	0.0	0.0	0.0	0.0	0.0	0.0	0.1147	0.0	1.57828201785	0.0	0.1147	5.17680130489	0.0	9.09724197485	1.05369930315	0.1147	0.0	0.0	0.0	0.0	0.0	1.40878726352	0.0	0.0	0.0	0.0	0.221	0.0	0.0	0.0	0.869910047386	0.0	0.0	0.0	0.0	0.221	0.0	0.499568669116	0.0	0.0	0.220948684137	0.220948684137	0.0	0.0	0.1147	0.0	0.0	0.0	0.319906458027	0.0	0.0	0.659271512199	0.0	0.0	0.933854312036	0.659309383074	0.221	0.0
TCGA-D8-A27N	4.24697576692	6.54590551261	0.0	0.0	0.0	0.0	0.0	0.0	0.0	0.584582322538	0.0	0.0	0.3217	0.3217	0.0	10.4155481023	8.01026534082	8.42105667733	2.08663982437	11.6700038456	0.0	0.0	0.3217	0.0	0.0	0.0	0.0	2.24712478208	7.31187129934	5.5225724696	0.0	0.584582322538	0.0	0.0	0.0	0.3217	5.33889264234	0.0	0.0	0.0	3.67146393348	0.0	0.0	1.69974157882	0.8069	0.0	0.584582322538	0.0	3.32100822048	0.0	0.0	1.16930310254	0.0	1.99925559469	0.0	0.0	0.3217	0.0	0.0	0.0	0.0	7.19377979555	0.0	0.0	12.2077020802	0.0	0.0	0.0	13.1920489785	6.91787014475	7.6802207537	8.97700403158	0.3217	0.0	0.0	0.0	0.0	0.0	8.48182150739	0.3217	1.16930310254	0.0	2.08671957576	1.80662409754	18.4521169925	3.32101058591	0.0	0.0	0.0	0.0	0.0	0.0	0.0	0.0	0.0	0.0	0.999442955014	0.0	0.0	0.0	0.3217	0.0	1.16931768241	0.0	0.0	3.78043298	0.0	0.806881256397	4.08649729308	0.0	0.0	0.806866103133	0.0	0.0	0.0	0.0	6.95030573588	8.66700081469	0.0	0.0	0.0	0.0	0.584582322538	2.24714240366	16.3924975544	5.04339102569	3.61378246334	3.49093463959	0.0	0.3217	0.5846	0.0	0.0	0.0	0.0	3.88168336876	0.0	0.0	0.0	0.0	4.33894013588	0.0	0.0	0.0	0.0	0.3217	0.0	0.0	0.0	0.0	1.90609111318	0.0	0.0	6.04342102267	0.0	8.83819712582	0.3217	0.0	0.0	0.0	0.0	0.0	0.0	1.80662409754	0.0	0.0	0.0	0.3217	0.3217	0.584582322538	0.0	0.0	0.0	0.0	0.0	0.3217	0.3217	0.0	0.0	0.999456214756	0.0	0.0	0.0	0.584582322538	0.0	0.0	0.0	0.0	0.0	0.0	0.0	0.0	0.0	0.0	0.0	0.0	0.806881256397	0.0	0.0	0.0
TCGA-D8-A1J9	6.44177908179	7.74636514289	0.0	0.448	0.0	0.0	0.448	0.0	0.0	0.0	0.0	0.0	1.67118787191	0.0	0.0	11.9246472714	8.66365317812	7.28976533331	2.09664214832	11.2065919032	0.448	1.06514733212	3.28375905386	0.0	0.0	0.0	0.0	5.65875058712	8.73444637917	6.30897688768	0.448	0.7893	0.0	0.0	0.0	0.0	7.32954705336	0.0	0.0	0.0	4.39413778606	0.448	0.0	0.0	0.0	0.448	1.49601193896	0.7893	2.6082650882	0.0	0.0	1.2966	0.0	3.48481654972	0.0	0.0	0.0	0.0	0.0	3.78070749026	0.0	4.74691593627	0.0	0.0	13.1338218852	0.0	0.0	0.0	13.0640080933	9.05392665887	9.25392619329	10.3688609291	0.0	0.0	0.0	0.0	0.0	0.0	8.55051105314	0.0	1.6711703853	0.0	4.7072728885	3.48481788978	18.1348263854	6.08737546397	0.0	0.0	0.0	0.0	0.0	0.0	1.8273	0.0	0.0	0.0	0.448	0.0	0.448	0.0	0.7893	0.0	0.0	0.0	0.7893	5.81621691618	0.0	1.0651	5.25317333136	0.0	0.0	0.0	0.0	0.0	0.0	0.0	8.55891978076	8.7709675353	0.0	0.0	0.0	0.0	0.0	3.28372875485	14.5886796143	5.12360150503	3.38778204371	4.78551200593	0.0	0.0	2.0966268669	0.0	0.0	0.0	0.0	4.62449832307	0.0	0.0	0.0	0.0	7.021176916	0.0	0.0	0.0	0.0	0.0	0.448	0.0	0.0	0.0	0.789350048986	0.0	0.0	5.85303766655	1.96822751674	10.2736841979	0.448	0.0	0.0	0.448	0.0	0.0	0.0	1.6711	0.0	0.0	0.0	0.0	0.0	1.29658235486	0.0	0.0	0.0	0.0	0.0	0.0	0.448	0.448	0.0	1.67119754527	0.0	0.0	0.0	0.7893	0.0	0.0	0.0	0.0	0.0	0.0	0.448	0.0	0.0	0.0	0.0	0.0	1.49604260493	0.0	0.448	0.0
TCGA-E2-A14Z	3.34770761483	7.20832788048	0.0	0.0	0.0	0.8754	0.0	0.0	0.0	0.0	0.0	0.0	0.8754	0.0	0.0	11.2042498845	7.82232766229	6.57447074494	1.80888046358	10.3558213338	0.0	0.0	0.8754	0.0	0.0	0.0	0.0	4.14497822668	7.24050916814	5.17197167559	0.0	0.0	0.0	0.0	0.0	0.0	6.41433579027	0.0	0.0	0.0	3.34764642221	0.0	0.0	0.8754	0.0	0.0	0.0	0.0	1.4164	0.0	0.0	2.94044617176	0.0	3.08932763784	0.0	0.0	0.0	0.0	0.0	2.37092763205	0.0	3.08936515028	0.0	0.0	8.51126176128	0.0	0.0	0.0	13.6925544662	7.41996833055	8.51781990053	9.03648366742	0.0	0.0	0.0	0.0	0.0	0.0	8.30968476174	0.0	1.41631730735	0.0	3.5667110024	2.11710308259	17.9144372755	2.58673991633	0.0	0.0	0.0	0.0	0.0	0.0	0.0	0.0	0.0	0.0	0.0	0.0	0.0	0.0	0.8754	0.0	2.11710308259	0.8754	0.0	5.55154020631	0.0	0.0	4.27505284751	0.0	0.0	0.0	0.0	0.0	0.0	0.0	6.53608315825	8.75925046865	0.0	0.0	0.0	0.0	0.0	1.41631730735	15.5343946437	6.75250920915	2.11711886093	4.45052844363	0.0	0.0	0.8754	0.0	0.0	0.0	0.0	2.94048384033	0.0	0.0	0.0	0.0	3.08937775948	0.8754	0.0	0.0	0.0	0.0	0.0	0.0	0.0	0.0	0.0	0.0	0.0	6.53608719337	0.8754	9.43988761701	0.0	0.0	0.0	0.0	0.0	0.0	0.0	0.0	0.0	0.0	0.0	0.0	0.8754	0.8754	0.0	0.0	1.4164	0.0	0.0	0.0	0.0	0.8754	0.0	1.80881746721	0.0	0.0	0.0	0.0	0.0	0.0	0.0	0.0	0.0	0.0	0.8754	0.0	0.0	1.41631730735	0.0	0.0	1.41631730735	0.0	0.0	0.0
TCGA-E2-A1LH	4.46045789577	7.72154335762	0.0	0.1261	0.0	0.0	0.0	0.0	0.1261	0.1261	0.0	0.0	0.63056526995	0.4493510796	2.0379764568	10.8686555644	7.90157106086	6.90427395563	2.16092719565	11.691693888	0.0	0.542735026489	0.713298369673	0.0	0.0	0.2421	0.0	3.75685047304	8.61533753333	6.57155417148	0.0	0.4494	0.349424724854	0.0	0.0	0.242058603441	7.08992012403	0.1261	0.0	0.0	4.39930310817	0.2421	0.0	0.936372148429	0.3495	0.242058603441	0.542834469343	0.449315222545	2.37938533317	0.242058603441	0.0	3.05479534132	0.0	3.8602614256	0.0	0.0	0.0	0.0	0.0	1.06782899844	0.0	2.69652137767	0.0	0.0	10.8640995496	0.1261	0.1261	0.0	12.3445153518	6.98975562058	9.34599115677	9.10488526067	0.0	0.1261	0.242058603441	0.1261	0.0	0.0	9.32575302096	0.4494	0.791536286053	0.0	4.1985346321	4.56443721851	18.5743218038	3.23364164073	0.0	0.0	0.349424724854	0.0	0.1261	0.0	3.65580880489	0.0	0.0	0.0	0.713235711868	0.630578092033	0.0	0.0	0.936289866911	0.2421	2.47732454001	0.0	0.4494	6.5336446262	0.242058603441	0.2421	4.16955750027	0.0	0.0	0.1261	0.0	0.0	0.0	0.0	6.97829396753	8.99856014128	0.0	0.0	0.242058603441	0.1261	0.791425718255	2.93928240849	15.3573934652	7.34959503672	2.7562785627	7.06257074058	0.0	0.0	0.936272142181	0.0	0.0	0.0	0.4494	4.79554547776	0.0	0.1261	0.0	1.1294804255	5.03555123434	0.0	0.1261	0.0	0.0	1.86782537586	0.242058603441	0.0	0.0	0.0	0.713265574462	0.0	0.0	6.80523378661	0.1261	10.1504944797	0.3495	0.0	0.3495	0.0	0.0	0.0	0.0	1.58988978133	0.0	0.0	0.0	0.1261	0.630578092033	1.0037	0.0	0.0	1.86779056418	0.0	0.0	0.0	0.349424724854	0.630546467858	0.0	1.86781058614	0.349424724854	0.0	0.0	0.791454005473	0.0	0.0	0.0	0.0	0.0	0.0	1.12945356162	0.349424724854	0.0	0.0	0.0	0.1261	2.79475999309	0.542814488401	0.1261	0.0
TCGA-C8-A3M8	5.45948446058	7.49477301675	0.0	0.0	0.2986	0.0	0.2986	0.0	0.0	0.0	0.0	0.0	0.0	0.2986	0.2986	11.6929114621	7.75801018883	7.07750099449	2.07705551776	12.2611365044	0.0	0.0	0.756921738071	0.0	0.0	0.756921738071	0.0	4.81428839732	7.54896486684	6.74779894039	0.0	0.5459	0.0	0.0	0.0	0.0	5.9256990982	0.0	0.0	0.0	3.7211381144	0.2986	0.0	0.0	0.2986	0.5459	0.2986	0.0	2.29552474736	0.0	0.0	1.10419014232	0.0	2.98164292517	0.0	0.0	0.0	0.0	0.0	1.61807791773	0.0	2.22631029607	0.2986	0.0	12.4771424944	0.0	0.0	0.0	12.9696709136	7.05772768968	8.40630280861	8.93832743362	0.0	0.0	0.2986	0.0	0.0	0.0	8.08197263078	0.2986	0.756921738071	0.0	3.53330833576	3.06324370877	18.8376307295	5.14945242571	0.0	0.0	0.0	0.0	0.0	0.0	0.0	0.0	0.0	0.0	0.2986	0.0	0.0	0.0	0.5459	0.2986	1.81948110064	0.0	0.0	5.36602849776	0.0	0.9409796023	4.39273514133	0.0	0.0	0.0	0.0	0.0	0.0	0.0	7.34369830119	7.84572771113	0.0	0.0	0.0	0.0	0.5459	1.61805758867	16.1482976967	5.16807030394	3.69572580173	5.45194722175	0.0	0.0	0.5459	0.0	0.0	0.0	0.0	4.59846447933	0.0	0.0	0.0	0.0	5.65649676143	0.0	0.0	0.0	0.0	0.0	0.2986	0.0	0.0	0.0	0.756921738071	0.0	0.0	5.85872797337	0.0	8.94840945989	1.25080798074	0.0	0.0	0.0	0.0	0.0	0.0	0.756921738071	0.0	0.0	0.0	0.0	0.0	0.0	0.0	0.0	0.940956872593	0.0	0.0	0.0	0.0	0.0	0.0	0.940960467952	0.0	0.0	0.0	0.2986	0.0	0.0	0.0	0.0	0.0	0.0	0.545870110013	0.0	0.0	0.756921738071	0.0	0.0	0.756895915395	0.5459	0.0	0.0
TCGA-GM-A2DF	4.14752682179	6.57373387019	0.0	0.0	0.0	0.0	0.5914	0.0	0.0	0.0	0.5914	0.0	1.00964550899	2.18497377828	1.3335385262	11.2761211597	8.25767174576	7.1066349439	3.60270605648	11.2675696844	0.0	0.5914	0.0	0.0	0.0	0.0	0.0	3.92492955565	8.48484890998	6.59658766381	0.5914	0.0	0.5914	0.0	0.0	1.33349499125	6.36785372245	0.0	0.0	0.0	3.18712620425	0.5914	0.0	1.0097	0.0	0.0	0.5914	0.0	1.82119259597	0.0	0.0	1.00964550899	0.0	2.60110985718	0.5914	0.0	0.0	0.0	0.5914	1.3335385262	0.0	3.92493602791	0.5914	0.0	11.7060780359	0.0	0.0	0.0	13.1350475268	7.89886121707	9.7489573302	8.78250778683	0.0	0.0	0.0	0.0	0.0	0.0	9.16780413611	0.0	1.5978963321	0.0	3.33934284123	4.01814229005	17.7780975677	5.26673812572	0.0	0.0	0.0	0.0	0.0	0.0	2.9236902402	0.0	0.0	0.0	1.00964550899	0.0	0.5914	0.0	1.5979	0.0	3.82529213743	0.0	0.0	6.14835163427	0.0	0.5914	4.22775301294	0.0	0.0	0.0	0.0	0.0	0.0	0.0	6.71262221135	8.05543089611	0.0	0.0	0.0	0.0	1.59780890185	2.60109360463	17.3998949523	7.58911701015	3.92498002522	5.18871175039	0.0	0.0	1.00964550899	0.0	0.0	0.0	0.0	4.54207344114	0.0	0.0	0.0	0.0	3.47699386576	0.0	1.0097	0.0	0.0	0.0	0.0	0.0	0.5914	0.0	1.82117665884	0.0	0.0	6.57372988138	0.0	9.39434043502	0.5914	0.0	0.0	0.0	0.0	0.0	0.0	1.00964550899	0.0	0.0	0.0	0.0	1.3336	0.0	0.0	0.0	1.33349499125	0.0	0.0	0.0	0.0	0.0	0.0	2.60109177473	0.0	0.0	0.0	0.5914	0.0	0.0	0.0	0.0	0.0	0.0	1.59780890185	0.0	0.0	1.59788139505	0.0	0.5914	0.5914	1.33349499125	0.0	0.0
TCGA-B6-A0RH	5.38674101139	7.26205274703	0.2294	0.0	0.0	0.0	0.427278514664	0.0	0.0	0.0	0.0	0.0	1.02427523108	2.15261110815	0.0	10.5847792442	10.0402209084	6.85070309731	2.31127678433	11.2487314589	0.0	1.02428172902	2.66492473658	0.0	0.0	0.0	0.0	4.02997882727	7.88496286371	5.81978979924	0.2294	0.2294	0.2294	0.0	0.0	0.2294	6.39622609295	0.0	0.0	0.0	5.96614603536	0.2294	0.0	0.427278514664	0.0	0.2294	0.756447001746	0.2294	2.15259542438	0.0	0.0	1.14162490544	0.0	2.20750505183	0.0	0.0	0.0	0.0	0.0	1.02427523108	0.0	3.86915491199	0.756376680939	0.0	12.84533975	0.0	0.0	0.0	12.9687689366	8.50119831024	9.05636708388	8.69720617725	0.0	0.0	0.0	0.0	0.0	0.0	8.52704994204	0.0	0.427278514664	0.0	3.43588049846	3.18567214848	18.1317560255	4.87930624458	0.0	0.0	0.0	0.2294	0.0	0.4272	0.2294	0.0	0.0	0.0	0.0	0.0	0.0	0.0	0.896535407133	0.0	2.20744864315	0.2294	0.427278514664	6.0548259019	0.0	0.896556567315	4.97727768349	0.0	0.0	0.427278514664	0.0	0.0	0.0	0.0	6.74804223017	8.03844252578	0.0	0.0	0.0	0.0	0.0	2.49887052846	15.9378581425	4.41501998296	3.76334006175	3.04217101107	0.0	0.2294	1.25005993076	0.0	0.0	0.4272	0.0	3.90282725665	0.0	0.0	0.756501672797	0.4272	3.64903703519	0.0	0.0	0.0	0.0	0.0	0.2294	0.0	0.0	0.0	1.61722839259	0.0	0.0	6.79357190946	1.35102126159	9.58523440882	1.69604541681	0.0	0.2294	0.0	0.0	0.0	0.0	1.02424282423	0.0	0.0	0.0	0.0	0.6012	0.2294	0.0	0.0	3.31623996988	0.0	0.0	0.0	0.2294	0.2294	0.0	0.756447001746	0.2294	0.0	0.0	0.756501672797	0.0	0.0	0.0	0.0	0.0	0.0	0.2294	0.2294	0.0	0.2294	0.0	0.0	1.35101491983	0.2294	0.0	0.0
TCGA-A2-A25B	6.33420210379	6.28896372987	0.0	0.0	0.0	0.0	0.6982	0.0	0.0	1.16668873583	0.0	0.0	1.1668	1.51976211984	0.0	11.4213624891	9.40712566817	7.95142528381	3.99461812639	10.7285642202	0.0	0.0	2.4216	0.0	0.0	0.0	0.0	3.74958625382	8.60305044956	4.58698084081	0.0	0.6982	0.6982	0.0	0.0	0.0	7.0069611816	0.0	0.0	0.0	5.0872024803	0.0	0.0	0.0	0.0	1.1668	0.6982	0.0	3.45422851735	0.6982	0.0	2.58023064889	0.0	4.79540671428	0.0	0.6982	0.0	0.0	0.0	1.5198492309	0.0	6.52182374028	0.6982	0.0	13.215628436	0.0	0.0	0.0	12.0290712638	9.10184269905	9.99362911312	9.49440072294	0.6982	0.0	0.0	0.0	0.0	0.0	8.28088683669	0.0	2.04000564034	0.0	3.36987782656	2.04000564034	16.9662749192	4.91929919265	0.0	0.0	0.0	0.0	0.0	0.0	0.0	0.0	0.0	0.0	0.6982	0.0	0.0	0.0	0.0	1.16668873583	4.54916064721	0.0	0.6982	5.32980945162	0.6982	1.1668	3.08239011038	0.0	0.0	0.6982	0.0	0.0	0.0	0.0	7.20868141079	7.49419274325	0.0	0.0	0.0	0.0	0.0	4.25197064236	13.8386079089	5.1892039103	2.58016362561	3.28028016099	0.0	0.0	0.6982	0.0	0.0	0.0	0.0	5.28446280906	0.0	0.0	1.16668873583	0.0	5.43739820545	0.0	0.0	0.0	0.0	0.6982	0.0	0.0	0.0	0.0	1.80326424803	0.0	0.0	7.17176872426	0.0	10.1479779139	1.5198492309	0.0	0.0	0.6982	0.0	0.0	0.0	2.42159068785	0.0	0.0	0.0	0.0	0.0	0.0	0.0	0.0	0.6982	0.0	0.0	0.0	1.1668	0.6982	0.0	0.6982	0.0	0.0	0.0	0.0	0.0	0.0	0.0	0.6982	0.0	0.0	0.0	0.0	0.0	0.0	0.0	0.6982	1.80326424803	0.6982	0.0	0.0
TCGA-A7-A3J0	5.72007956219	10.6280117537	0.4928	0.0	0.0	0.0	0.0	0.0	0.0	0.0	0.0	0.0	0.4928	3.05822762437	0.0	10.2566136726	5.17060553247	6.38292442386	2.15741623158	10.3145336805	0.0	0.0	0.4928	0.0	0.0	0.2673	0.0	4.57302109225	7.26013389387	5.86818233527	0.0	0.0	0.0	0.0	0.0	0.0	5.66326617083	0.0	0.0	0.2673	1.78366831648	0.0	0.0	0.2673	0.0	0.0	1.01287741833	0.492731571105	1.78374915439	0.0	0.0	1.0128068517	0.0	2.39931580586	0.0	0.0	0.0	0.0	0.0	1.27806561526	0.0	3.28607883934	0.687711598399	0.0	6.23866742472	0.0	0.0	0.0	12.6086031434	6.59223861661	8.49401397408	8.81289970627	0.0	0.0	0.0	0.0	0.0	0.0	7.34566591818	0.2673	0.85947547425	0.0	4.0597774844	1.01292513423	17.0175924352	5.23442791146	0.0	0.0	0.0	0.0	0.0	0.0	1.86658130729	0.0	0.0	0.0	0.859343916762	0.0	0.0	0.0	0.0	0.0	0.0	7.62395886406	0.4928	3.55951371303	6.56456867639	0.2673	2.08999271828	0.0	0.0	0.2673	0.0	0.0	0.0	0.0	6.72589028541	8.03009435526	0.0	0.0	0.0	0.0	0.0	1.3943435795	14.2934792202	3.42927687158	0.492731571105	4.09455509792	0.0	0.0	0.0	0.0	0.0	0.0	0.0	6.1127869997	0.0	0.0	0.0	0.4928	3.65592059634	0.0	0.0	0.0	0.0	0.0	0.0	0.0	0.0	0.0	0.687711598399	0.0	0.0	6.84053457104	0.0	9.41710656984	0.2673	0.0	0.0	0.0	0.0	0.0	0.0	1.3944	0.0	0.0	0.0	0.0	0.0	0.0	0.0	0.0	0.2673	0.0	0.0	0.2673	0.0	0.492731571105	0.0	0.4928	0.0	0.0	0.0	0.2673	0.0	0.0	0.0	0.0	0.0	0.0	0.2673	0.0	0.0	0.0	0.0	0.0	0.492731571105	0.492731571105	0.0	0.0
TCGA-BH-A18Q	5.72811973206	7.04765584255	0.0	0.0	0.0	0.0	0.0	0.0	0.0	0.0	0.0	0.0	0.0	0.8895	1.4357	11.7717135191	7.06608284535	6.11282637546	1.43566483235	10.8726596854	0.0	0.0	1.8309	0.0	0.0	0.8895	0.0	4.03083698838	9.43376527367	5.29888299926	0.0	0.0	0.0	0.0	0.0	0.0	7.95560784869	0.0	0.0	0.0	2.9673	0.0	0.0	0.0	0.0	0.8895	0.0	0.0	3.5950005265	0.0	0.0	2.80073900419	0.0	5.02433651557	0.0	0.0	0.0	0.0	0.0	1.43566483235	0.0	4.47987324	0.0	0.0	10.1741189378	0.0	0.0	0.0	11.3924669957	7.45057383149	9.67099182923	8.2135163271	0.0	0.0	0.0	1.43566483235	0.0	0.0	9.0182027053	0.0	0.0	0.0	7.44351690231	4.94669406365	16.9450362965	4.30426466812	0.0	0.0	0.8895	0.0	0.0	0.0	2.39585932883	0.0	0.0	0.0	0.0	0.8895	0.0	0.0	0.0	0.0	1.43566483235	0.0	0.0	7.29477303565	0.0	1.43566483235	4.36522156325	0.0	0.0	0.8895	0.8895	0.0	0.0	0.0	6.52708128243	8.89446885528	0.0	0.0	0.0	0.0	1.4357	5.58170968543	14.9457033718	6.28042525353	1.8309050882	5.02437631223	0.0	0.0	0.8895	0.0	0.0	0.0	0.0	5.8610004245	0.0	0.0	0.0	0.0	5.55575651542	0.0	0.0	0.0	0.0	0.0	0.0	0.0	0.0	0.0	1.43566483235	0.0	0.0	7.41495954425	0.0	9.27798651211	0.0	0.0	1.43566483235	0.0	0.0	0.0	0.8895	2.8007	0.0	0.0	0.0	0.0	0.0	0.0	0.0	0.0	2.39581297217	0.0	0.0	0.0	0.0	0.0	0.0	0.0	0.0	0.0	0.0	0.0	0.0	0.0	0.0	0.0	0.0	0.0	0.8895	0.0	0.0	0.0	0.0	0.0	2.14082311125	0.8895	0.0	0.0
TCGA-BH-A0BZ	4.19407689029	7.81981199657	0.0	0.0	0.0	0.0	0.0	0.0	0.0	0.5662	0.0	0.0	1.54721446721	0.0	0.5662	12.4934458132	8.77926714319	6.02071317461	0.971763944812	9.10176656383	0.5662	1.28797790231	1.95748286103	0.0	0.0	0.0	0.0	2.95033413718	8.6102901857	4.56011712375	0.0	0.0	0.0	0.0	0.0	0.0	6.01001222649	0.0	0.0	0.0	4.19403201922	0.0	0.0	0.5662	0.0	0.0	0.9718	0.5662	1.288006861	0.0	0.0	0.0	0.0	1.76686723213	0.0	0.0	0.0	0.0	0.0	1.288	0.0	3.47166986007	1.288006861	0.0	11.0675328609	0.0	0.0	0.0	13.1458801953	7.44322458398	7.68140857301	9.49193068179	0.0	0.0	0.0	0.0	0.0	0.0	9.24461648088	0.5662	1.288006861	0.0	2.65240546688	2.12580187553	15.0587113214	1.76688801092	0.0	0.0	0.0	0.0	0.0	0.0	0.0	0.0	0.0	0.0	0.0	0.0	0.0	0.5662	0.0	0.0	2.65237493096	1.288	0.0	7.74744523095	0.0	1.28797790231	4.56011573679	0.0	0.0	0.0	0.0	0.0	0.0	0.0	7.41509650027	6.98240632271	0.0	0.0	0.0	0.0	0.5662	4.19405357054	16.4092889058	3.64793525898	3.03731144153	4.30347316938	0.0	0.0	0.5662	0.0	0.0	0.0	0.0	4.9891964703	0.0	0.0	0.9718	0.0	6.86242757013	0.5662	0.5662	0.0	0.0	0.0	0.0	0.0	0.0	0.0	0.971763944812	0.0	0.0	5.88649842756	0.5662	7.44716473865	1.54720873452	0.0	0.0	0.5662	0.0	0.0	0.0	0.9718	0.0	0.0	0.0	0.0	0.5662	0.5662	0.0	0.0	2.27650355389	0.0	0.0	0.0	0.0	0.0	0.0	0.0	0.0	0.0	0.0	0.0	0.0	0.0	0.0	0.0	0.0	0.0	1.288006861	0.0	0.0	0.0	0.0	0.0	1.288006861	0.5662	0.0	0.0
TCGA-BH-A1FE	5.81057474156	7.15470838897	0.0	0.0	0.4515	0.0	0.4515	0.0	0.0	0.4515	0.0	0.0	1.07202612404	0.0	0.4515	12.0754494659	9.52145198977	7.18417770023	1.5045911017	12.1065329479	0.0	0.79487129438	3.0618	0.0	0.0	0.7949	0.0	4.6584989159	8.90865773566	6.17582236362	0.0	0.0	0.0	0.0	0.0	0.4515	6.49080235741	0.0	0.0	0.0	5.18108008836	0.0	0.0	0.4515	0.4515	0.0	0.79487129438	0.0	1.83688655364	0.0	0.0	1.5045395481	0.0	3.86767744256	0.0	0.0	0.0	0.0	0.0	2.10684230276	0.0	5.21005007411	0.79487129438	0.0	10.8612300105	0.0	0.4515	0.0	14.2372914413	7.8658208492	8.88197648493	8.83860201003	0.0	0.0	0.0	0.0	0.0	0.0	9.14431337213	0.7949	2.22490145253	0.0	3.83086306746	2.53045505425	18.1322599188	4.19160991098	0.0	0.0	0.0	0.0	0.0	0.0	0.0	0.0	0.0	0.0	0.4515	0.0	0.0	0.0	0.79487129438	0.0	3.49694144146	1.07204981244	0.0	6.09281641306	0.0	0.7949	5.58615319317	0.0	0.0	0.4515	0.0	0.0	0.0	0.0	6.85831558157	8.01061374801	0.0	0.0	0.0	0.0	1.30444077657	3.86763071929	16.1411877546	7.78400749646	4.40685219075	5.15160147632	0.0	0.0	0.79487129438	0.0	0.0	0.0	0.0	3.75434629725	0.0	0.0	0.79487129438	0.4515	4.74017179421	0.0	0.0	0.0	0.0	0.0	0.0	0.0	0.0	0.0	0.4515	0.0	0.0	6.69909902787	0.0	9.14151149416	0.7949	0.0	0.0	0.0	0.0	0.0	0.0	1.9782	0.0	0.0	0.0	0.0	0.4515	0.0	0.0	0.0	1.07204981244	0.0	0.0	0.0	0.0	0.79487129438	0.0	1.68028100209	0.0	0.0	0.0	1.30444077657	0.0	0.0	0.0	0.0	0.0	0.0	0.4515	0.0	0.0	0.7949	0.0	0.4515	1.50452199546	0.0	0.4515	0.0
TCGA-E2-A1B4	4.06951734424	7.12614174695	0.5127	0.0	0.0	0.0	0.0	0.0	0.0	1.18921055525	0.0	0.0	0.890201983446	0.5127	0.0	10.8211002487	9.45830761003	6.62538272458	2.50949423908	10.2784529102	0.0	0.5127	3.25328366491	0.0	0.0	0.0	0.0	4.30577909633	8.27995766555	5.42029551371	0.0	0.0	0.0	0.0	0.0	0.5127	5.87310944102	0.0	0.0	0.0	5.1174191087	0.0	0.0	0.0	0.0	0.0	0.5127	0.0	1.18921055525	0.0	0.0	1.18913088143	0.0	2.71101234323	0.0	0.0	0.0	0.0	0.0	0.5127	0.0	4.5876665582	0.5127	0.0	11.5619172432	0.0	0.0	0.0	14.8858247648	7.66733450497	8.18792239895	8.18374593087	0.0	0.0	0.0	0.0	0.0	0.0	8.31903968416	0.890201983446	1.1892	0.0	3.49087823295	1.99544919194	17.5587617199	5.55733734611	0.0	0.0	0.0	0.0	0.0	0.0	1.18921055525	0.0	0.0	0.0	0.0	0.0	0.0	0.0	0.8903	0.0	1.18921055525	1.1892	0.0	6.67443243747	0.0	0.890201983446	5.23656129443	0.0	0.0	0.0	0.0	0.0	0.0	0.0	7.15671109772	7.3689688528	0.0	0.0	0.0	0.0	0.0	2.50952362676	15.764653259	5.39125357366	4.20921206546	3.83078994542	0.0	0.0	2.14212590198	0.0	0.0	0.0	0.0	4.90785535126	0.0	0.0	1.18921055525	0.0	5.79767814744	0.0	0.0	0.0	0.0	0.0	0.0	0.0	0.0	0.0	1.99544919194	0.0	0.0	5.23655759301	0.0	9.24451403669	1.18921055525	0.0	0.0	0.0	0.0	0.0	0.0	1.99540040421	0.0	0.0	0.0	0.0	0.5127	0.0	0.0	0.0	0.5127	0.0	0.0	0.0	0.0	0.0	0.0	1.6478662571	0.0	0.0	0.0	0.5127	0.0	0.0	0.0	0.0	0.0	0.0	0.0	0.0	0.0	0.5127	0.0	0.0	1.18913088143	0.0	0.0	0.0
TCGA-E9-A1RF	6.56526428399	6.33383237338	0.0	0.0	0.1675	0.0	0.3176	0.0	0.0	0.1675	0.0	0.0	1.15779843733	0.317560153186	0.45350831438	12.2099445686	9.75507994005	6.33163042824	2.88803503494	12.8910127356	0.0	0.1675	1.15779883826	0.0	0.0	0.0	0.0	4.4790467707	7.76702634237	5.38388084691	0.0	0.798045647244	0.1675	0.0	0.0	0.1675	6.53685546748	0.0	0.0	0.0	4.56412467328	0.45350831438	0.0	0.317560153186	0.0	0.0	1.84226353222	0.317560153186	1.07591382585	0.1675	0.0	2.26808848724	0.0	4.00194700302	0.0	0.0	0.0	0.0	0.1675	0.896725313137	0.0	2.19241126601	1.30886033921	0.0	12.2584045719	0.0	0.0	0.0	11.7676797299	8.33195607728	9.54668722317	8.828851662	0.0	0.0	0.3176	0.0	0.0	0.0	8.39138112589	0.3176	0.45350831438	0.0	4.86158820681	3.72130154375	18.1746973093	5.42579307298	0.0	0.0	0.0	0.0	0.0	0.0	0.98913882172	0.0	0.0	0.0	0.1675	0.0	0.0	0.0	1.68538317309	0.1675	3.32018693636	0.0	0.692089533112	6.25233059754	0.453472049973	0.5777	6.13337256351	0.0	0.0	0.0	0.0	0.0	0.0	0.0	8.05647213355	7.43367091849	0.0	0.0	0.0	0.0	0.577708506614	3.00328947135	15.2062807574	7.39091768233	2.68201829355	4.33683693033	0.0	0.577700878068	1.79182911692	0.0	0.0	0.0	0.1675	4.33681096271	0.0	0.0	1.37888022349	0.3176	4.86768186733	0.1675	0.317560153186	0.0	0.0	0.0	0.0	0.0	0.0	0.0	1.37881286198	0.0	0.0	6.96137143122	0.0	9.45802243379	1.68538843093	0.1675	0.0	0.0	0.3176	0.0	0.0	2.88799543323	0.0	0.0	0.0	0.0	1.15782109488	0.5777	0.0	0.0	1.68539578398	0.0	0.0	0.0	0.0	0.0	0.0	1.57043673648	0.0	0.0	0.0	0.692051749005	0.0	0.0	0.0	0.0	0.0	0.0	0.896751984764	0.0	0.0	0.3176	0.0	0.0	1.68537263438	0.798022825194	0.3176	0.0
TCGA-BH-A0BW	7.13891819894	6.57080814819	0.0	0.0	0.0	0.0	0.0	0.0	0.0	0.0	0.0	0.0	0.6605	0.0	5.67064244001	11.5007815348	8.93980469396	6.62276509498	1.7322959715	11.768822064	0.6605	0.6605	2.49705109746	0.0	0.0	0.6605	0.0	5.27581677318	9.70930940048	5.49602696746	0.0	2.3404	0.0	0.0	0.0	0.6605	7.18569892383	0.0	0.0	0.0	4.2031465013	0.0	0.0	0.6605	0.0	1.96465785679	1.96467464462	0.0	1.45519243618	0.0	0.6605	3.0956705011	0.0	4.05985699584	0.6605	0.0	0.0	0.0	0.0	1.45519243618	0.0	5.71914347737	0.0	0.0	9.90115194785	0.6605	0.6605	0.0	11.6712655589	8.70301242596	9.90724197653	9.83021016936	0.0	0.0	0.0	0.0	0.0	0.0	8.53252544732	0.0	1.96466933121	0.0	4.37450020491	2.76692669606	17.6041061525	4.10923716969	0.0	0.0	0.0	0.0	0.0	0.0	2.3404	0.0	0.0	0.0	0.0	0.0	0.0	0.0	1.11187308443	0.0	0.6605	1.11187308443	2.99419355408	4.90843516174	0.0	0.6605	3.51748054937	0.0	0.0	1.1119	0.0	0.0	0.0	0.0	7.4952332067	9.36896131837	0.0	0.0	0.0	0.0	0.0	5.84107443577	14.0409537175	7.71846398173	2.34042458171	5.20946653633	0.0	0.0	1.11187308443	0.0	0.0	0.0	0.0	4.20316840844	0.0	0.0	0.0	0.0	5.13987583481	1.1119	1.1119	0.0	0.0	0.6605	0.0	0.0	0.0	0.0	1.45519243618	0.0	0.0	8.8244003192	1.11187308443	10.1149021319	0.6605	0.0	0.0	0.0	0.0	0.0	0.0	2.9942	0.0	0.0	0.0	0.0	1.1119	0.6605	0.0	0.0	3.58884233373	0.0	0.0	0.0	0.0	1.11187308443	0.0	1.1119	0.0	0.0	0.0	2.34040635743	0.0	0.0	0.0	0.0	0.0	0.0	0.6605	0.0	0.0	0.0	0.6605	0.0	2.99416488908	0.6605	0.0	0.0
TCGA-D8-A1JF	5.35642846774	6.55032241177	0.0	0.0	0.0	0.0	0.0	0.0	0.0	2.06950821878	0.0	0.0	0.0	0.0	0.0	11.682729072	9.61729354521	6.88552278466	2.66197986775	11.48848705	0.0	0.6163	3.78547579248	0.0	0.0	0.0	0.0	5.23914790871	8.96055417734	5.35635959545	0.0	1.0467	0.0	0.0	0.0	0.0	7.41778055943	0.0	0.0	0.0	5.21863213159	0.6163	0.0	0.6163	0.0	0.0	1.37785453586	0.0	1.87362305752	0.6163	0.0	1.04675462947	0.0	3.08074786913	0.0	0.6163	0.0	0.0	0.0	3.66946530997	0.0	1.64693521178	1.3778	0.0	13.4928393809	0.0	0.0	0.0	14.1225065953	8.01634963025	9.47870706333	8.65011200793	0.0	0.0	0.0	0.0	0.0	0.0	8.72108441726	0.0	1.37781110942	0.0	3.78552711223	2.88652429057	17.7651687914	6.24042387462	0.0	0.0	0.0	0.0	0.0	0.0	0.0	0.0	0.0	0.0	0.6163	0.0	0.0	0.0	0.6163	0.0	1.64692599294	0.0	0.0	5.35638143459	0.0	0.6163	5.84516701916	0.0	0.0	0.0	0.0	0.0	0.0	0.0	7.42677594468	6.55035372007	0.0	0.0	0.0	0.0	1.04675462947	3.94376011774	14.915210629	6.73487993352	3.25193236287	5.23917326009	0.0	0.0	0.0	0.0	0.0	0.0	0.0	5.06639160791	0.0	0.0	0.6163	0.6163	5.85850756245	0.0	0.0	0.0	0.0	0.0	0.0	0.0	0.0	0.0	0.0	0.0	0.0	3.99285624596	0.0	3.99286497514	1.37785453586	0.0	0.0	0.0	0.0	0.0	0.0	2.66200242704	0.6163	0.0	0.0	0.6163	0.0	0.0	0.0	0.0	4.84352446063	0.0	0.0	0.0	0.0	0.0	0.0	1.87363164127	0.0	0.0	0.0	0.0	0.0	0.0	0.0	0.0	0.0	0.6163	1.37781110942	0.0	0.0	0.6163	0.0	0.0	1.37785453586	1.64693521178	0.0	0.0
TCGA-GM-A2DC	4.21112700831	8.82918687309	0.0	0.0	0.0	0.0	0.0	0.0	0.0	2.50924593801	0.0	0.0	1.80866050071	0.0	0.0	10.6007452528	7.51404411722	7.29436872369	1.9320085334	10.0436055076	0.0	0.2097	0.3927	0.0	0.0	0.3927	0.0	6.01158234882	7.15088089593	7.34936055994	0.0	0.0	0.0	0.0	0.2097	0.2097	7.22669172714	0.0	0.0	0.0	3.70556382925	0.5552	0.0	0.2097	0.0	0.2097	0.2097	0.392751940756	0.833675772601	0.0	0.0	1.26786000049	0.0	1.60117654291	0.2097	0.0	0.0	0.0	0.0	0.701099622532	0.0	3.54075160824	0.2097	0.0	10.5293943224	0.0	0.0	0.0	14.2556773534	7.54209789055	9.03851930494	9.8098955763	0.2097	0.0	0.0	0.0	0.0	0.0	8.4107699296	0.2097	0.555171260814	0.0	2.94988875113	2.85949186482	17.5946323987	5.86436268683	0.0	0.0	0.0	0.0	0.0	0.2097	0.0	0.0	0.0	0.0	0.555171260814	0.2097	0.0	0.0	0.3927	0.0	2.15114263152	0.2097	0.0	4.35038197374	0.2097	0.955044367831	4.29396358735	0.0	0.0	0.0	0.0	0.0	0.0	0.0	7.03517939588	10.4954054548	0.0	0.0	0.0	0.0	0.392751940756	1.06697756078	17.140159103	5.24487999359	3.35473589407	5.4498673477	0.0	0.0	2.62350351034	0.0	0.0	0.0	0.0	4.62190892777	0.0	0.0	0.0	0.555124850517	3.48138201552	0.0	0.2097	0.0	0.0	0.0	0.0	0.0	0.0	0.0	2.62351717463	0.0	0.0	6.83227783483	0.2097	9.47641055724	0.3927	0.0	0.0	0.0	0.0	0.0	0.0	0.2097	0.0	0.0	0.0	0.2097	0.0	0.0	0.0	0.0	0.3927	0.0	0.0	0.0	0.0	0.2097	0.0	2.20104621194	0.0	0.0	0.0	0.392751940756	0.0	0.0	0.0	0.0	0.0	0.0	0.392751940756	0.0	0.0	0.555124850517	0.0	0.0	0.5552	0.392751940756	0.0	0.0
TCGA-BH-A0DG	5.18938092148	7.5320044607	0.0	0.0	0.0	0.0	0.0	0.0	0.0	0.657194855189	0.0	0.0	1.44945638158	0.657194855189	0.657194855189	11.5821400501	8.75504600624	6.73218293869	2.33323822251	11.9140935604	0.3657	0.899577823775	1.59437678974	0.0	0.0	0.0	0.0	4.07628380588	7.52520915869	5.67003432839	0.0	0.3657	0.0	0.0	0.0	0.0	6.55755402641	0.0	0.0	0.0	4.85730303913	0.3657	0.0	0.0	0.3657	0.0	1.59438023119	0.0	1.10704363976	0.0	0.0	1.10703987313	0.0	4.26130867877	0.0	0.0	0.0	0.0	0.0	0.657194855189	0.0	4.4252999902	0.6572	0.0	11.1092481498	0.0	0.0	0.0	12.9628528437	7.55430921654	8.20883737093	9.27718216317	0.0	0.0	0.0	0.0	0.0	0.0	8.86988825307	0.0	0.3657	0.0	4.70606388523	3.39526939996	18.3897209601	5.10722400211	0.0	0.0	0.0	0.0	0.0	0.0	0.6572	0.0	0.0	0.0	0.657194855189	0.0	0.0	0.3657	0.0	0.0	1.10704363976	1.10705531249	0.0	6.05518430038	0.0	1.10705531249	4.87161613667	0.0	0.0	0.0	0.0	0.0	0.0	0.0	6.07997658079	8.82558015546	0.0	0.0	0.0	0.0	0.3657	2.56188288294	15.2490876151	5.66181114103	3.22757773353	5.13113522748	0.0	0.0	0.0	0.0	0.0	0.0	0.0	3.89235381742	0.0	0.0	0.3657	0.0	4.9942001983	0.0	0.0	0.0	0.0	0.0	0.0	0.0	0.0	0.0	0.899582172931	0.0	0.0	7.32951034059	0.0	11.1615562529	0.6572	0.0	0.0	0.0	0.0	0.0	0.0	1.449503805	0.0	0.0	0.0	0.0	0.3657	0.6572	0.0	0.0	0.8996	0.0	0.0	0.0	0.3657	0.0	0.0	0.3657	0.0	0.0	0.0	0.3657	0.0	0.0	0.0	0.0	0.0	0.0	0.899582172931	0.0	0.0	0.0	0.0	0.0	1.59433465186	0.3657	0.0	0.0
TCGA-E2-A15K	5.58219650001	7.55136027875	0.0	0.0	0.0	0.0	0.0	0.0	0.0	1.3680400544	0.6108	0.0	1.6361268787	0.0	0.0	12.5160067303	8.31418114531	6.90190211675	2.3831005547	11.6153913456	0.0	1.6360936168	0.6108	0.0	0.0	0.0	0.0	4.8011382781	9.14867275881	6.24488326548	0.6108	0.6108	0.6108	0.0	0.0	0.0	7.19960598644	0.0	0.0	0.0	4.62744593172	0.0	0.0	0.0	0.0	0.0	2.22941177571	0.0	2.52195407468	0.0	0.0	2.38305795465	0.0	4.65788245607	0.0	0.0	0.0	0.0	0.0	1.6361268787	0.0	4.80118263683	0.0	0.0	13.1735981004	0.0	0.0	0.0	13.4220211143	8.68126825969	9.07726495845	8.79182724458	0.0	0.0	0.0	0.0	0.0	0.0	9.65336961483	1.03858477226	0.0	0.0	4.11590615386	3.23770776452	18.0342498854	5.18238698185	0.0	0.0	0.0	0.0	0.0	0.0	0.6108	0.0	0.0	0.0	0.6108	0.6108	0.0	0.0	1.03858477226	0.6108	1.0385	0.0	0.0	5.81609225644	0.0	1.3680400544	5.11817951602	0.0	0.0	0.6108	0.0	0.0	0.0	0.0	7.8338892346	7.70135257803	0.0	0.0	0.6108	0.0	0.6108	3.0667602469	15.6309138356	7.42869933926	1.3680400544	5.77500644761	0.0	0.6108	0.0	0.0	0.0	0.0	0.0	4.88072031253	0.0	0.0	0.0	0.0	5.13990100729	0.0	0.0	0.0	0.0	2.0574551202	0.6108	0.0	0.0	0.0	2.38309513979	0.0	0.0	7.44188464797	0.0	9.8366629185	1.03858477226	0.0	0.0	0.0	0.0	0.0	0.0	1.0385	0.0	0.0	0.0	0.0	1.03858477226	0.0	0.0	0.0	1.03858477226	0.0	0.0	0.0	0.0	0.0	0.0	1.3680400544	0.0	0.0	0.6108	1.0385	0.0	0.0	0.0	0.6108	0.0	0.0	0.0	0.0	0.0	0.6108	0.0	0.0	2.05743028238	1.03858477226	0.0	1.0385
TCGA-D8-A1JJ	4.89428126831	6.82218180615	0.0	0.0	0.0	0.0	0.0	0.0	0.0	0.0	0.0	0.0	1.47519975002	2.01862800769	2.01856340102	11.79717066	9.73294936962	6.77275103193	2.72139391379	12.0824774849	0.0	1.18373393179	2.66463484628	0.0	0.0	0.3269	0.0	3.57723783254	7.76609962027	5.12203766103	0.0	0.3269	0.0	0.0	0.0	0.0	7.14351779593	0.0	0.0	0.0	5.1220450293	0.3269	0.0	0.3269	0.0	0.3269	1.7176131358	0.0	1.7176110045	0.0	0.0	1.60150405455	0.0	3.4147117083	0.0	0.0	0.0	0.0	0.0	1.0123977825	0.0	4.17312637871	0.3269	0.0	10.3228300611	0.0	0.0	0.0	12.1204211175	8.29966829534	9.08542815624	8.54626824801	0.0	0.0	0.0	0.0	0.0	0.0	9.16234806	0.0	0.0	0.0	4.30887015778	3.23153987162	17.940387075	5.02399198531	0.0	0.0	0.0	0.0	0.0	0.0	0.5933	0.0	0.0	0.0	0.0	0.0	0.3269	0.0	0.5933	0.0	0.818039861695	0.0	0.0	6.10118877639	0.0	0.818039861695	5.86355318687	0.0	0.0	0.0	0.0	0.0	0.0	0.0	7.52645824955	7.1199505437	0.0	0.0	0.0	0.0	0.0	2.66465165434	14.9659371427	4.53144520464	3.23151516328	4.13183389748	0.0	0.3269	1.3368371296	0.0	0.0	0.0	0.0	4.32728638505	0.0	0.0	0.818039861695	0.0	4.98972708201	0.0	0.3269	0.0	0.0	0.0	0.0	0.0	0.0	0.0	0.593239515526	0.0	0.0	5.56340730521	0.0	9.06156867757	1.47519883772	0.0	0.3269	0.0	0.0	0.0	0.0	2.26749026069	0.0	1.0124	0.0	0.0	0.593239515526	0.0	0.0	0.0	1.82507119151	0.0	0.0	0.0	0.3269	0.0	0.0	0.3269	0.0	0.0	0.0	0.3269	0.0	0.0	0.0	0.0	0.0	0.0	0.3269	0.3269	0.0	0.0	0.0	0.0	1.3368288258	0.0	1.0124882495	0.3269
TCGA-E2-A1IG	5.63713444399	6.59447574028	0.2301	0.0	0.6029	0.0	0.0	0.0	0.0	1.62063149808	0.0	0.0	1.53709649491	0.758458961084	0.4285	11.2401294511	9.18075345293	6.43059010731	2.0400933893	11.1753495337	0.0	1.0268115429	2.8531101918	0.0	0.0	0.0	0.0	5.41543257317	7.62790496343	4.78825858573	0.4285	0.6029	0.2301	0.0	0.0	0.0	6.14701047281	0.0	0.0	0.0	4.44312306957	0.2301	0.0	0.0	0.0	0.4285	0.758445704904	0.2301	2.78236004256	0.0	0.0	0.758443889194	0.0	3.39385200711	0.0	0.0	0.0	0.0	0.0	0.758458961084	0.0	3.3456604742	0.0	0.0	12.2447969771	0.0	0.0	0.0	11.5751070509	7.27212663197	8.98732132379	9.53364920389	0.0	0.0	0.0	0.0	0.0	0.0	8.23797290998	0.2301	0.0	0.0	3.85686309216	2.26438964113	18.173598986	5.24167603281	0.0	0.0	0.0	0.0	0.0	0.0	0.2301	0.0	0.0	0.0	0.428498858858	0.0	0.0	0.0	0.6029	0.0	0.428498858858	2.50312710903	0.0	5.53322250607	0.898853299435	0.428498858858	4.72362809841	0.0	0.0	0.0	0.2301	0.0	0.0	0.0	7.11718953827	7.13679111483	0.0	0.0	0.0	0.0	0.0	1.44850296636	15.5147543433	5.21503262831	2.70792066686	3.69296431417	0.0	0.0	0.602883212119	0.0	0.0	0.0	0.0	4.79728561258	0.0	0.0	0.2301	0.0	5.29984676589	0.2301	0.0	0.2301	0.0	0.0	0.2301	0.0	0.2301	0.0	0.428498858858	0.0	0.0	5.79376716365	0.0	8.53832267355	1.53715136441	0.0	0.0	0.0	0.0	0.0	0.0	1.91340201553	0.0	0.0	0.0	0.0	0.2301	0.2301	0.0	0.0	0.602884223338	0.0	0.2301	0.0	0.0	0.0	0.0	0.2301	0.0	0.0	0.0	0.0	0.0	0.0	0.0	0.0	0.2301	0.0	0.758458961084	0.0	0.0	0.0	0.0	0.0	1.91333533488	0.0	0.0	0.0
TCGA-D8-A1XB	4.93758298445	6.53756884868	0.0	0.0	0.0	0.0	0.0	0.0	0.0	0.4108	0.0	0.0	0.0	0.4108	0.730179608137	9.43812309281	9.25662674087	6.32879757874	1.86195335515	10.9548628508	0.0	1.21259183076	3.15467938274	0.0	0.0	0.0	0.0	3.35373007328	7.28972609465	4.32939633867	0.0	0.4108	0.0	0.0	0.0	0.0	6.2246251334	0.0	0.0	0.0	5.15320767719	0.0	0.0	0.4108	0.0	0.0	0.4108	0.0	1.40428591984	0.0	0.0	0.7301	0.0	1.40433580964	0.0	0.0	0.0	0.0	0.0	0.730179608137	0.0	3.25763158234	0.0	0.0	12.2979574362	0.0	0.0	0.0	12.1464210931	6.90579766385	7.66700518207	8.71413718964	0.0	0.0	0.0	0.0	0.0	0.0	8.34039278483	0.0	0.4108	0.0	3.92256461458	1.57356592786	18.4246929939	4.18016085827	0.0	0.0	0.0	0.0	0.0	0.0	0.0	0.0	0.0	0.0	0.4108	0.0	0.0	0.0	0.4108	0.0	1.72496720013	0.0	0.0	5.88999125765	0.0	0.4108	5.60763638419	0.0	0.0	0.0	0.0	0.0	0.0	0.0	6.7988670378	7.71983208061	0.0	0.0	0.0	0.4108	0.7301	1.40437043536	14.5881854704	3.8584740212	3.75668321135	4.18010393461	0.0	0.0	0.730179608137	0.0	0.0	0.0	0.0	3.85846666516	0.0	0.0	0.4108	0.0	5.64608312253	0.0	0.0	0.0	0.0	0.0	0.4108	0.0	0.0	0.0	0.991446100242	0.0	0.0	5.95271514437	0.0	8.23869050889	0.7301	0.0	0.0	0.0	0.0	0.0	0.0	2.5706	0.0	0.0	0.0	0.0	0.0	0.0	0.0	0.0	0.991446100242	0.0	0.0	0.0	0.0	0.0	0.0	0.7301	0.0	0.0	0.0	0.4108	0.0	0.0	0.0	0.0	0.0	0.0	0.0	0.0	0.0	0.0	0.0	0.0	0.99151251834	0.0	0.0	0.0
TCGA-A2-A04N	3.27361037593	6.03260367583	0.0	0.0	0.0	0.0	0.0	0.0	0.0	0.0	0.0	0.0	0.4615	0.8106	0.810603905575	7.84914790897	9.74462101447	5.90230682937	1.09147201466	11.4413603288	0.0	0.4615	1.5285	0.0	0.0	0.0	0.0	2.88921102329	6.79057377777	4.87158227598	0.0	0.8106	0.0	0.0	0.0	0.0	5.67635567951	0.0	0.0	0.0	5.09488924427	0.0	0.0	0.0	0.0	0.0	0.4615	0.0	0.0	0.0	0.0	1.86347902495	0.0	0.810603905575	0.0	0.0	0.0	0.0	0.0	0.4615	0.0	4.69381907855	0.810603905575	0.0	12.3692095677	0.0	0.4615	0.0	11.6537337719	4.36481406248	5.97325116446	8.93761488685	0.0	0.0	0.0	0.0	0.0	0.0	6.93536081321	0.0	0.4615	0.0	2.25394351807	0.810603905575	17.1600226814	2.73436915793	0.0	0.0	0.0	0.0	0.0	0.0	0.8106	0.0	0.0	0.0	0.0	0.0	0.0	0.0	0.4615	0.4615	0.8106	0.0	0.0	4.22635986027	0.0	0.0	3.78843656583	0.0	0.0	0.4615	0.0	0.0	0.0	0.0	5.31577011023	7.57171792054	0.0	0.0	0.4615	0.0	0.0	1.52852521972	14.8476834268	3.43314427913	3.86509003709	2.88926577321	0.0	0.0	0.0	0.0	0.0	0.0	0.0	3.32878495498	0.0	0.0	0.0	0.0	2.88924023977	0.0	0.0	0.0	0.0	0.0	0.0	0.0	0.0	0.0	0.4615	0.0	0.0	6.04094911357	0.0	9.4534159068	0.0	0.0	0.8106	0.0	0.0	0.0	0.0	0.0	0.0	0.0	0.0	0.0	0.0	0.0	0.0	0.0	0.0	0.0	0.0	0.0	0.0	0.0	0.0	0.0	0.0	0.0	0.0	0.0	0.0	0.0	0.0	0.0	0.0	0.0	0.0	0.0	0.0	1.09147201466	0.0	0.0	1.32647462588	0.0	0.4615	0.0
TCGA-BH-A1FD	3.76288162858	8.59002390969	0.0	0.0	0.0	0.0	0.0	0.0	0.0	0.0	0.0	0.0	0.0	0.6292	0.0	11.8871426036	8.35495450859	6.38471132679	2.2711820278	9.6115878429	0.0	0.6292	3.11344181464	0.0	0.0	0.0	0.0	3.97840032037	8.61440873343	4.73860722995	0.0	0.0	0.0	0.0	0.0	0.0	6.17148239385	0.0	0.0	0.0	3.36382978576	0.0	0.0	0.0	0.6292	0.0	0.6292	0.0	0.0	0.0	0.0	0.6292	0.0	1.90056609255	0.0	0.0	0.0	0.0	0.0	1.06585776076	0.0	4.02755773707	0.0	0.0	10.3340016404	0.0	0.0	0.0	10.8525039967	5.79896746474	6.96071360391	10.9550537644	0.0	0.0	0.0	0.0	0.0	0.0	8.26546635085	1.0659	1.06585776076	0.0	2.27121611675	1.06585776076	14.5650251969	1.6722006804	0.0	0.0	0.0	0.0	0.0	0.0	0.6292	0.0	0.0	0.0	0.0	0.0	0.0	0.0	1.40063767398	0.0	1.6722	0.0	0.0	5.97225084679	0.0	0.0	3.36381424064	0.0	0.0	0.0	0.0	0.0	0.0	0.0	6.51980664548	6.79308256526	0.0	0.0	0.0	0.0	0.6292	3.92744272967	16.2858077748	2.42598412534	3.28509493098	4.12120765242	0.0	0.0	0.0	0.0	0.0	0.0	0.0	4.07517048245	0.0	0.0	1.06585776076	0.6292	5.75583257231	0.0	0.6292	0.0	0.0	0.0	0.0	0.0	0.0	0.0	1.06585776076	0.0	0.0	5.37363959605	2.27117461374	6.62745197901	1.0659	0.0	0.0	0.0	0.0	0.0	0.0	1.0659	0.0	0.0	0.0	0.0	0.6292	0.0	0.0	0.0	2.9185470356	0.0	0.0	0.0	0.6292	0.0	0.0	0.0	0.0	0.0	0.0	0.0	0.0	0.0	0.0	0.0	0.0	0.0	0.6292	0.0	0.0	0.6292	0.0	0.0	0.0	0.0	0.0	0.0
TCGA-E2-A1L8	6.64591270897	9.54487147528	0.778209204498	0.0	0.0	0.0	0.3084	0.0	0.0	0.0	0.3084	0.0	0.3084	0.3084	0.3084	11.7278645198	10.13441916	5.86291853349	1.41588663938	11.5585552231	0.3084	1.13199454379	3.49156405759	0.0	0.0	0.3084	0.0	5.4244167483	8.46940930717	5.43243097335	0.778170729991	0.965930817791	0.0	0.0	0.0	0.0	7.65075150393	0.0	0.0	0.0	6.12672242102	0.7782	0.0	0.5623	0.0	0.0	2.03498387569	0.3084	1.65300625872	0.0	0.0	0.965905119176	0.0	4.27432215742	0.0	0.3084	0.0	0.0	0.0	2.03499684919	0.0	3.25995894117	0.3084	0.0	10.923987829	0.0	0.0	0.0	14.0729126934	8.69936585383	9.82322570913	8.93534515912	0.0	0.0	0.0	0.0	0.0	0.0	9.00057574295	0.3084	1.13199910626	0.0	4.47320861561	3.22363341362	17.7725893888	6.17509139237	0.0	0.0	0.0	0.0	0.0	0.0	1.28093085278	0.0	0.0	0.0	0.562344684376	0.0	0.0	0.0	2.52770009606	0.3084	1.65300625872	4.20144299814	0.3084	7.60202401172	0.3084	0.965905119176	6.1655920427	0.0	0.0	0.0	0.0	0.0	0.0	0.0	8.20383748913	7.90426277813	0.0	0.0	0.0	0.0	0.3084	2.69630313813	15.5561847872	6.50540596206	4.4099276546	5.18080171409	0.0	0.562344684376	1.13199910626	0.0	0.0	0.0	0.0	5.25468195609	0.0	0.0	1.7583997563	0.0	5.15205669561	0.0	0.0	0.0	0.0	0.0	0.0	0.0	0.3084	0.0	1.53931778054	0.0	0.0	5.4716868662	0.3084	8.80539473365	2.52773393617	0.0	0.0	0.0	0.0	0.0	0.0	0.3084	0.0	0.0	0.0	0.0	0.9659	0.0	0.0	0.0	1.85661460301	0.0	0.0	0.0	0.0	0.0	0.0	2.11654021519	0.0	0.0	0.0	0.778170729991	0.0	0.0	0.0	0.0	0.0	0.0	0.562344684376	0.0	0.0	0.3084	0.0	0.0	1.41591511563	0.965930817791	0.0	0.0
TCGA-C8-A134	5.49869387531	7.67415635052	0.4252	0.0	0.0	0.0	0.0	0.0	0.0	0.0	0.0	0.0	0.753191410699	1.24552278719	3.45146521426	12.1551520255	7.69102167055	6.71687954669	3.40557076449	10.9298626862	0.0	0.4252	2.61848247671	0.0	0.0	0.0	0.0	3.40555207591	9.09985801653	5.66381265756	1.02025391612	1.0202	0.0	0.0	0.0	0.4252	6.30012795643	0.0	0.0	0.0	3.15101291426	0.0	0.0	0.7532	0.4252	0.0	0.0	0.753191410699	1.76517778472	0.0	0.0	2.0302252352	0.0	3.49600653674	0.0	0.0	0.0	0.0	0.0	3.45146038643	0.0	3.53914189304	0.0	0.0	10.5997935167	0.0	0.0	0.0	13.1940140533	8.69105789814	10.1319321596	7.77462562414	0.0	0.0	0.0	0.753191410699	0.0	0.0	9.62628950894	0.0	0.4252	0.0	4.64337257481	4.23440819315	17.3193605446	5.82948049588	0.0	0.0	1.02026105392	0.0	0.0	0.0	0.0	0.0	0.0	0.0	0.0	0.0	0.0	0.0	0.7532	0.0	1.6118692462	0.753191410699	0.0	6.70267205709	0.0	0.753191410699	3.53912025303	0.0	0.0	0.0	0.4252	0.0	0.0	0.0	6.8342103224	7.88545218181	0.0	0.0	0.0	0.4252	1.24547055939	3.9761202292	18.0327288057	7.08783286184	1.76515794926	4.8631518022	0.0	0.0	0.753191410699	0.0	0.0	0.0	0.0	5.22227466659	0.0	0.0	0.753191410699	0.0	5.09780554119	0.4252	0.4252	0.0	0.0	0.4252	0.0	0.0	0.0	0.0	1.76525064337	0.0	0.0	4.75742999835	0.4252	8.62750354709	0.4252	0.0	0.753191410699	0.0	0.0	0.4252	0.0	1.6118	0.0	0.0	0.0	0.0	1.24552278719	0.4252	0.0	0.0	0.4252	0.0	0.0	0.0	0.4252	0.7532	0.0	0.7532	0.4252	0.0	0.0	1.44031077553	0.0	0.0	0.0	0.0	0.0	0.0	1.24551668123	0.4252	0.0	0.0	0.0	0.0	2.2540767521	0.4252	0.0	0.0
TCGA-AR-A24Z	6.59216891748	6.18290644373	0.0	0.0	0.0	0.0	0.313939479687	0.1124	0.0	0.980038774587	0.0	0.0	2.83992265815	1.19958063493	0.216672354796	11.0032686342	7.63496665704	7.56935429026	3.56811676975	12.243401566	0.1124	0.313913636414	1.51809424749	0.0	0.0	0.216672354796	0.0	5.01283926954	7.94784321146	5.81862150143	0.216672354796	0.648280411498	0.313913636414	0.0	0.0	0.313939479687	6.47345974203	0.0	0.0	0.0	2.77304804295	0.1124	0.0	0.1124	0.0	1.63562033171	0.490781412515	0.216672354796	2.59098581603	0.490781412515	0.0	1.7089076784	0.0	3.02367970807	0.0	0.0	0.0	0.0	0.0	0.648261300293	0.0	4.3825275632	0.571675805881	0.0	11.8706410155	0.0	0.0	0.2167	12.0515703827	7.57794614187	9.55732903864	9.39983792189	0.0	0.0	0.0	0.0	0.0	0.0	7.88247257027	0.0	1.1995365047	0.0	3.17379641987	1.90908031054	17.5711715763	5.41486979139	0.0	0.0	0.0	0.2167	0.0	0.0	1.14780908136	0.1124	0.0	0.0	0.0	0.1124	0.0	0.1124	0.79027045529	0.313939479687	2.08476126255	0.40509352919	0.1124	4.74281904331	0.0	0.571652466459	3.64494515469	0.0	0.0	0.57167984693	0.0	0.0	0.0	0.0	6.6734383331	9.25750002234	0.0	0.0	0.1124	0.216672354796	0.1124	3.02369769372	14.0043307989	5.39276968541	1.59750074484	4.07080938685	0.1124	0.0	0.405036712135	0.1124	0.0	0.0	0.0	5.11084334851	0.0	0.0	0.1124	0.571675805881	4.15853136352	0.0	0.1124	0.0	0.0	0.2167	0.0	0.0	0.0	0.0	1.09397332025	0.0	0.0	6.39784756572	0.1124	10.1717847015	0.790275409896	0.0	0.1124	0.0	0.0	0.0	0.0	2.5714602201	0.0	0.1124	0.0	0.1124	0.648257468159	0.721018528461	0.0	0.0	1.5583449759	0.0	0.1124	0.0	0.0	0.405036712135	0.0	0.980022487995	0.1124	0.0	0.0	0.313939479687	0.0	0.0	0.0	0.2167	0.0	0.0	0.648257468159	0.0	0.0	0.1124	0.0	0.0	1.70893795006	0.1124	0.0	0.1124
TCGA-E9-A1ND	5.83490855959	8.49225685568	0.0	0.0	0.0	0.0	0.5772	0.0	0.0	0.0	0.5772	0.0	0.9883	0.5772	4.90801125565	11.0171319332	7.959581454	6.41970998857	2.88656391673	12.019694124	0.0	0.0	3.50212881668	0.0	0.0	0.5772	0.0	4.46941377755	8.53113790428	5.51620413664	0.0	0.9883	0.0	0.0	0.0	0.0	7.34731858026	0.0	0.0	0.0	3.56347858474	0.0	0.0	0.5772	0.5772	0.9883	0.0	0.0	2.78721900944	0.0	0.0	1.30789290406	0.0	3.22693953441	0.0	0.0	0.0	0.0	0.0	1.56936841347	0.0	2.15171881661	0.0	0.0	16.2921349157	0.0	0.0	0.0	12.1043531217	8.0719666575	9.86982505826	8.62941325912	0.0	0.0	0.0	0.0	0.0	0.0	9.19812633056	0.9883	1.30792538073	0.0	5.53163456472	4.10714461152	18.2986791679	6.31667507868	0.0	0.0	0.0	0.0	0.0	0.0	0.5772	0.0	0.0	0.0	0.5772	0.0	0.0	0.0	0.5772	0.0	2.15168016428	0.0	4.26310936802	5.69121783972	0.0	0.5772	4.50109391906	0.0	0.0	0.0	0.0	0.0	0.0	0.0	8.09033753985	8.42366357291	0.0	0.0	0.0	0.0	0.5772	3.50213625736	14.2235865124	6.97669353471	1.98243901855	5.51619719361	0.0	0.5772	0.0	0.0	0.0	0.0	0.5772	5.35210519509	0.0	0.0	0.5772	0.5772	3.06672583388	0.5772	0.5772	0.0	0.0	0.0	0.9883	0.0	0.0	0.0	1.30789290406	0.0	0.0	6.52365842068	0.0	9.92998133565	0.0	0.5772	0.0	0.0	0.0	0.0	0.0	2.5654	0.0	0.0	0.0	0.0	0.0	0.0	0.0	0.0	4.95451175459	0.0	0.0	0.0	0.0	0.0	0.0	1.9824142247	0.0	0.0	0.0	0.5772	0.0	0.0	0.0	0.0	0.0	0.0	0.988340530066	0.0	0.0	0.0	0.0	0.0	1.56936841347	0.5772	0.0	0.0
TCGA-AR-A0TS	6.68998510373	7.74861607714	0.0	0.0	0.0	0.0	0.0	0.0	0.0	0.0	0.6762	0.0	0.6762	0.6762	1.9963233646	13.1414547456	9.23775875023	7.12641365922	2.19776473324	11.3859663703	0.0	0.6762	3.62772993248	0.0	0.0	0.0	0.0	4.37381419894	9.62841595753	5.89725392166	0.0	0.0	0.0	0.0	0.0	0.0	7.65755816611	0.0	0.0	0.0	5.13269470399	0.0	0.0	0.6762	1.4823	0.0	1.76207803758	0.0	3.03130201664	0.0	0.0	2.19777545554	0.0	3.88290321287	0.0	0.0	0.0	0.0	0.0	2.80314019355	0.0	4.04848326551	0.6762	0.0	12.7180224639	0.0	0.0	0.0	12.2734524843	8.88870862011	10.2422513658	8.72913166709	0.0	0.0	0.0	0.6762	0.0	0.0	9.34774331288	0.0	1.48223211801	0.0	5.3171407574	3.62773123178	17.3832458122	3.13315404154	0.0	0.0	0.6762	0.0	0.0	0.0	3.8231959559	0.0	0.0	0.0	1.1347799491	0.0	0.0	0.0	1.48221635839	0.0	3.22823380949	0.6762	0.0	7.43638634516	0.0	1.1347799491	5.05696759049	0.0	0.0	0.0	0.0	0.0	0.0	0.0	6.57708362135	7.71206233618	0.0	0.0	0.6762	0.0	0.6762	6.08683247204	15.5140270813	8.84994270864	3.22827593434	5.74470550203	0.0	0.0	0.6762	0.0	0.0	0.0	0.0	5.48058450973	0.0	0.0	0.0	0.0	6.85556142637	0.0	1.1348	0.0	0.0	0.6762	0.0	0.0	0.0	0.0	1.1347799491	0.6762	0.0	8.01522325495	0.0	9.54309725062	2.19776473324	0.0	0.0	0.0	0.0	0.0	0.0	3.88293291063	0.0	0.0	0.0	0.0	0.6762	0.0	0.0	0.0	2.37452186939	0.0	0.0	0.0	0.0	0.0	0.0	0.6762	1.1347799491	0.0	0.6762	1.48221635839	0.0	0.0	0.0	0.0	0.0	0.0	1.76207803758	0.6762	0.0	0.0	0.0	0.6762	1.76200914085	0.0	0.0	0.0
TCGA-E9-A22E	5.52755510779	7.99049389659	0.0	0.0	0.0	0.0	0.1717	0.0	0.0	0.914467610851	0.0	0.0	1.86970479009	1.00813864555	0.0	12.6506773644	9.83812567208	6.18586066812	2.18244726542	11.2375820692	0.0	0.325121521599	1.33159085205	0.0	0.0	0.0	0.0	4.12375554637	8.16709986864	4.89823810669	0.0	0.4639	0.3252	0.0	0.0	0.0	7.00898283046	0.0	0.0	0.0	5.36449516305	0.3252	0.0	0.1717	1.6549	0.0	1.86965277826	0.1717	1.25730870577	0.0	0.1717	0.814279907272	0.0	3.35441076876	0.0	0.590411560727	0.0	0.0	0.0	1.09606715485	0.0	3.16409300106	0.0	0.0	11.5515422525	0.0	0.325121521599	0.0	11.9821423999	9.3791681651	9.67474545614	8.50192922852	0.0	0.0	0.0	0.0	0.0	0.0	8.85805268852	0.7067	0.1717	0.0	3.67308748576	2.96822789127	18.0543244973	5.10311894051	0.0	0.0	0.1717	0.0	0.0	0.0	0.8143	0.0	0.0	0.0	0.1717	0.0	0.0	0.0	1.17893683431	0.463855827949	1.76625437949	0.325121521599	0.0	7.24243291124	0.0	1.86965272626	6.75578801381	0.0	0.0	0.463855827949	0.0	0.0	0.0	0.0	8.07066552864	8.62066493495	0.0	0.0	0.0	0.1717	0.0	3.55395359498	14.8140838928	5.76741082605	3.16410427373	5.10841968698	0.0	0.463784541087	1.91877034551	0.0	0.1717	0.0	0.0	4.99291749978	0.0	0.0	1.25736053949	0.0	6.32658445469	0.0	0.0	0.0	0.0	0.1717	0.3252	0.0	0.0	0.0	1.00817759004	0.0	0.0	5.75392398444	0.4639	8.75334793807	1.59572422872	0.0	0.0	0.0	0.0	0.0	0.0	1.7116047699	0.0	0.0	0.0	0.1717	0.914434193709	0.0	0.0	0.0	2.5679799651	0.0	0.0	0.0	0.3252	0.1717	0.0	1.25731598736	0.0	0.0	0.0	0.0	0.0	0.0	0.0	0.0	0.1717	0.0	1.00813864555	0.0	0.0	0.0	0.0	0.325121521599	1.33158958691	0.590346260975	0.463855827949	0.0
TCGA-BH-A28Q	3.24151973539	5.50810987573	0.0	0.0	0.1873	0.1873	0.0	0.0	0.0	0.0	0.1873	0.0	0.3531	1.91573163583	0.0	9.39314335698	7.57820664835	5.93168748981	1.25487671562	10.8106445839	0.0	0.353053984199	1.07666047121	0.0	0.0	0.3531	0.0	1.41353222555	7.13290916024	5.42675520008	0.0	0.3531	0.1873	0.0	0.1873	0.0	4.88576270028	0.0	0.0	0.0	4.02258426962	0.0	0.0	0.0	0.0	0.0	0.0	0.0	2.2460642853	0.0	0.0	1.4134769143	0.0	2.20324474839	0.1873	0.0	0.0	0.0	0.0	0.759713096889	0.0	4.509024552	0.0	0.0	12.313204779	0.0	0.1873	0.0	14.721853362	6.74433627291	8.10326178739	7.115708022	0.0	0.0	0.0	0.1873	0.0	0.0	8.46206340927	0.3531	1.16852633131	0.0	1.91579261199	0.636552612673	17.587932466	3.90734165675	0.0	0.0	0.0	0.0	0.0	0.0	0.0	0.0	0.0	0.0	0.353053984199	0.0	0.0	0.0	0.3531	0.0	2.9101576457	3.82505257918	0.0	4.34153875909	0.0	0.759747809885	3.49320230037	0.0	0.0	0.0	0.0	0.0	0.0	0.0	5.42672335144	8.10975891102	0.0	0.0	0.0	0.0	0.759747809885	2.36729741298	15.469794975	4.77322172396	3.32377113535	3.38254969655	0.0	0.0	0.5018	0.0	0.0	0.0	0.0	5.18969387884	0.0	0.0	0.0	0.0	3.56260551295	0.0	0.0	0.0	0.0	0.0	0.0	0.0	0.0	0.0	1.48670443033	0.0	0.0	5.30044901559	0.0	9.30419207028	0.8734	0.0	0.0	0.0	0.0	0.0	0.0	1.33645607934	0.0	0.0	0.0	0.0	0.3531	0.1873	0.0	0.0	0.3531	0.0	0.0	0.0	0.3531	0.0	0.0	0.353053984199	0.0	0.0	0.1873	0.1873	0.0	0.0	0.0	0.0	0.0	0.0	0.0	0.0	0.0	0.1873	0.0	0.1873	1.62282718437	0.0	0.0	0.0
TCGA-AR-A252	4.8096210176	6.67217519693	0.0	0.0	0.3648	0.0	0.0	0.0	0.0	0.0	0.3648	0.0	0.897712321321	1.44687367766	0.897692141502	12.7916844663	8.26937941388	6.68836717212	2.41020632373	10.506524539	0.0	0.3648	3.03430520093	0.0	0.0	0.0	0.0	4.38204837856	8.40045357642	4.68604601419	0.0	0.6557	0.897692141502	0.0	0.0	0.0	6.84820802736	0.0	0.0	0.0	3.54160081243	0.0	0.0	0.0	0.3648	0.0	0.3648	0.0	1.1049	0.0	0.0	0.655723865119	0.0	3.13224270624	0.0	0.0	0.0	0.0	0.0	2.1545680766	0.0	3.22391906446	0.3648	0.0	11.8887782298	0.0	0.3648	0.0	12.1791763015	8.09820519285	9.83992654626	9.6175858679	0.0	0.0	0.0	0.0	0.0	0.0	8.93437333694	0.3648	0.3648	0.0	3.91620676029	3.03430772787	17.136869013	5.77607578158	0.0	0.0	0.0	0.0	0.0	0.0	0.0	0.0	0.0	0.0	0.655723865119	0.0	0.0	0.0	0.897712321321	0.0	2.32991305448	3.57687919642	0.0	6.19404246273	0.6557	1.59165500562	4.27893939162	0.0	0.0	0.655723865119	0.0	0.0	0.0	0.0	7.02752555146	7.38372445072	0.0	0.0	0.0	0.0	0.3648	3.17880633388	14.8800838873	7.58521370438	2.05818501735	4.36200317649	0.0	0.0	0.6557	0.0	0.0	0.0	0.3648	4.45954820934	0.0	0.0	1.10487103072	0.3648	4.92339656926	0.0	0.0	0.0	0.0	0.0	0.0	0.0	0.0	0.0	1.44687367766	0.0	0.0	5.82084281785	0.3648	9.17742685896	0.0	0.0	0.0	0.0	0.0	0.0	0.0	2.32989193525	0.0	0.0	0.0	0.0	0.8977	0.0	0.0	0.0	1.44687367766	0.0	0.3648	0.0	0.0	0.0	0.0	0.3648	0.0	0.0	0.0	0.655723865119	0.0	0.0	0.0	0.0	0.3648	0.0	0.0	0.0	0.0	1.10486422342	0.0	0.0	1.59162185783	0.3648	0.0	0.0
TCGA-E2-A15R	5.23155692746	11.4066312978	0.0	0.0	0.0	0.0	0.8728	0.0	0.0	3.45598703407	0.0	0.0	2.58183595489	3.87912794439	0.5014	11.3482601433	8.27315710611	7.71738053824	2.76936456034	10.7543200067	0.0	0.5014	3.01162794456	0.0	0.0	0.0	0.0	4.38875667094	8.59645457141	5.76009813003	0.0	0.8728	0.0	0.0	0.0	0.5014	5.6085712332	0.0	0.0	0.0	4.0697046026	0.0	0.0	0.0	0.0	0.872768237732	0.0	0.0	0.5014	0.0	0.0	0.5014	0.0	2.76939655459	0.0	0.0	0.0	0.0	0.0	0.872768237732	0.0	3.87915229752	1.41272011798	0.0	13.6189585965	0.0	0.0	0.0	12.6146626672	8.28281750677	9.13025326942	8.72526828169	0.0	0.0	0.0	0.0	0.0	0.0	7.97496692975	1.1678	0.0	0.0	3.1531963724	3.61122251587	17.0497597495	6.99249516885	0.0	0.0	0.0	0.0	0.0	0.0	2.24495238087	0.0	0.0	0.0	0.5014	0.0	0.0	0.0	0.5014	0.0	1.41272011798	0.0	0.0	4.44483270328	0.0	0.0	4.3002169614	0.0	0.0	0.0	0.0	0.0	0.0	0.0	6.1204282263	8.70821626035	0.0	0.0	0.0	0.5014	0.0	2.11257486005	14.5755599927	4.10498928654	3.08411886243	3.70619946272	0.0	0.5014	0.0	0.0	0.0	0.0	0.0	6.46389438524	0.0	0.0	0.5014	0.872768237732	5.29403598142	0.0	0.0	0.0	0.0	0.0	0.0	0.0	0.0	0.0	0.872768237732	0.0	0.0	6.12901760858	0.0	10.8590389263	0.5014	0.0	0.0	0.0	0.0	0.0	0.0	1.9668	0.0	0.0	0.0	0.0	0.0	0.0	0.0	0.0	0.5014	0.0	0.0	0.0	0.0	0.0	0.0	0.5014	0.0	0.0	0.0	0.8728	0.0	0.0	0.0	0.0	0.0	0.0	0.5014	0.0	0.0	0.8728	0.0	0.0	1.41269827169	0.0	0.0	0.0
TCGA-E2-A15H	5.25424883861	7.78440948991	0.0	0.0	0.0	0.0	0.5904	0.0	0.0	0.590411560727	0.0	0.0	0.0	0.0	1.0082	10.9259295619	8.5150794729	6.81380242967	1.33172579986	11.6570609763	0.0	1.17897999198	1.00820341311	0.0	0.0	0.3252	0.0	4.03765659561	8.78026730868	5.14512731691	0.0	0.3252	0.0	0.0	0.0	0.0	6.62341866532	0.0	0.0	0.0	4.50743886631	0.0	0.0	0.0	0.3252	0.3252	1.17898767984	0.0	1.17902566738	0.0	0.0	0.3252	0.0	3.26251739123	0.0	0.0	0.0	0.0	0.0	2.18262119496	0.0	3.76996728648	0.0	0.0	13.7321425315	0.0	0.0	0.0	12.6216065518	7.70794746829	8.46119822117	8.26055157432	0.0	0.0	0.0	0.0	0.0	0.0	8.48788375979	0.0	0.5904	0.0	5.31049388388	3.37226781795	18.4874701851	5.35569556123	0.0	0.0	0.0	0.3252	0.0	0.0	0.5904	0.0	0.0	0.0	0.3252	0.0	0.0	0.0	0.0	0.0	1.4698413412	0.3252	0.5904	6.17594795819	0.0	0.0	5.21552589618	0.0	0.0	0.0	0.0	0.0	0.0	0.0	6.98479084573	7.23773962519	0.0	0.0	0.0	0.0	0.0	2.59855635178	14.5117343605	4.70215481618	3.30001082916	4.53912458997	0.0	0.0	0.590411560727	0.0	0.3252	0.0	0.0	3.92208954053	0.0	0.0	0.590411560727	0.0	5.35576513741	0.0	0.3252	0.0	0.0	0.0	0.0	0.0	0.0	0.0	0.814347185086	0.0	0.0	5.5933329501	0.590411560727	7.96454589226	1.3317	0.0	0.0	0.0	0.0	0.0	0.0	2.26077027854	0.0	0.0	0.0	0.0	0.590411560727	0.0	0.0	0.0	0.0	0.0	0.0	0.0	0.0	0.0	0.0	0.8144	0.0	0.0	0.0	0.3252	0.0	0.0	0.0	0.0	0.0	0.0	0.814347185086	0.0	0.0	0.3252	0.0	0.3252	0.814357083613	0.0	0.590411560727	0.0
TCGA-E2-A158	6.32044068387	6.90354529614	0.0	0.0	0.0	0.0	0.0	0.0	0.0	0.0	0.0	0.0	0.0	0.0	4.66919625284	11.4033484733	5.96480111423	7.03228576902	3.11804631709	10.0466351868	0.0	1.2611	2.3758	0.0	0.0	0.0	0.0	3.11805938461	10.7666081932	5.91559293343	0.0	0.0	0.0	0.0	0.0	0.0	6.10316253798	0.0	0.0	0.0	2.37580335475	0.0	0.0	0.0	0.0	0.7642	0.7642	0.0	1.26114315049	0.0	0.0	4.66922483231	0.0	3.11808191388	0.0	0.0	0.0	0.0	0.0	1.63007168664	0.0	4.36136657067	1.2611	0.0	13.868227141	0.0	0.0	0.0	13.7552768311	9.74232469904	8.90081724626	7.15756286395	0.0	0.0	0.0	1.26114315049	0.0	0.0	8.64302339225	0.0	1.63003827286	0.0	7.91853421742	6.11772703999	16.657119661	7.04760977152	0.0	0.0	0.0	0.0	0.0	0.0	0.0	0.0	0.0	0.0	0.0	0.7642	0.0	0.0	0.0	0.0	1.26114315049	0.0	0.0	7.91849901574	0.0	0.7642	2.86499423107	0.0	0.0	0.0	0.0	0.0	0.0	0.0	6.64629280041	9.78405714823	0.0	0.0	0.0	0.0	0.0	6.10310610001	14.3934747459	4.88914101514	0.0	6.97741044213	0.0	0.0	0.0	0.0	0.0	0.0	0.0	6.05848395943	0.0	0.0	0.0	0.0	2.86499929968	0.0	0.0	0.0	0.0	0.0	0.0	0.0	0.0	0.0	1.92358278989	0.0	0.0	7.12182438367	0.0	9.25918663205	0.0	0.0	0.0	0.0	0.0	0.0	0.0	4.45627859535	0.0	0.0	0.7642	0.0	1.63	0.0	0.0	0.0	0.7642	0.0	0.0	0.0	0.0	0.7642	0.0	3.33325195796	0.0	0.0	0.7642	1.63007168664	0.0	0.0	0.0	0.0	0.0	0.0	0.0	0.0	0.0	0.0	0.0	0.0	2.55798644639	2.16730983541	0.0	0.0
TCGA-GM-A2DL	3.94655213401	5.62884465082	0.0	0.0	0.0	0.0	0.561067195506	0.0	0.0	0.561019685361	0.2122	0.0	0.708200462534	0.397153226785	0.0	9.45389659094	7.90646369981	7.18483631491	1.18112127705	10.9097349867	0.0	0.2122	0.708182686402	0.0	0.0	0.0	0.0	3.61465089189	6.94067397071	5.4469223911	0.0	0.561	0.561019685361	0.0	0.2122	0.397153226785	5.18318659899	0.0	0.0	0.0	3.75666294564	0.3971	0.0	0.561019685361	0.7082	0.0	0.397153226785	0.0	1.88497514894	0.0	0.0	0.561019685361	0.0	1.45564066527	0.0	0.0	0.0	0.0	0.0	1.2785407542	0.0	5.415161519	0.0	0.0	10.0200404194	0.0	0.0	0.0	13.9048825962	7.20668735271	8.32808538104	8.5889547331	0.0	0.0	0.0	0.0	0.0	0.0	8.87358421074	0.2122	1.45570684455	0.0	2.60174178352	2.44265378716	17.51980386	5.61024477872	0.0	0.0	0.0	0.0	0.0	0.0	0.0	0.0	0.0	0.0	0.561019685361	0.0	0.0	0.0	0.963920213575	0.0	1.88498331848	0.0	0.0	4.53493074587	0.2122	1.2785407542	4.12744112033	0.0	0.0	0.0	0.0	0.0	0.0	0.0	6.8404944222	8.22261731047	0.0	0.0	0.0	0.0	0.397153226785	0.2122	17.5336429644	5.80681680547	3.59581774537	4.36784842316	0.0	0.397153226785	0.3971	0.0	0.0	0.0	0.0	3.7901302103	0.0	0.0	0.2122	0.2122	3.68742003661	0.0	0.0	0.0	0.0	0.0	0.2122	0.0	0.0	0.0	0.708200462534	0.0	0.0	5.85497799107	0.3971	9.33718449843	1.07660525014	0.0	0.0	0.0	0.0	0.0	0.0	0.841746008515	0.0	0.0	0.0	0.708182686402	0.561019685361	0.0	0.0	0.0	1.18110880255	0.0	0.0	0.0	0.0	0.0	0.0	1.75559717759	0.0	0.0	0.0	0.0	0.2122	0.0	0.0	0.0	0.0	0.0	0.0	0.0	0.0	0.397153226785	0.0	0.0	0.708200462534	0.3971	0.0	0.0
TCGA-E2-A152	5.66028921454	8.43995538071	0.0	0.0	0.0	0.0	0.0	0.0	0.0	0.4484	0.0	0.0	1.49694053144	0.0	0.0	11.3764497482	8.7664732901	6.84199109642	2.21566710824	10.6086345616	0.0	0.789981440228	1.29748892759	0.0	0.0	0.4484	0.0	4.87928351243	8.23002790808	5.32195347248	0.0	0.7899	0.0	0.0	0.0	0.0	6.4065565891	0.0	0.0	0.0	4.64710594968	0.4484	0.0	0.7899	0.0	0.0	1.29743164003	0.0	1.29748583114	0.0	0.0	0.0	0.0	3.70359905789	0.0	0.789981440228	0.4484	0.0	0.0	2.60951984001	0.0	3.89249419425	0.0	0.0	11.8776961627	0.0	0.0	0.0	13.1541782494	8.98563107434	8.39691089838	8.62712437317	0.4484	0.0	0.0	0.0	0.0	0.0	8.79872510626	0.4484	0.789981440228	0.0	4.20913588794	1.82843997169	17.982698766	6.65117824371	0.0	0.0	0.0	0.0	0.0	0.0	1.96936455017	0.0	0.0	0.4484	0.0	0.0	0.0	0.0	1.0659	0.0	2.4259914052	0.789981440228	1.29748583114	6.04178719959	0.0	0.0	4.84307051049	0.0	0.0	0.0	0.7899	0.0	0.0	0.0	8.31177256138	9.16213118918	0.0	0.0	0.0	0.0	0.0	2.77231327281	14.7572363733	4.93191229474	3.48621264128	4.58278685545	0.0	0.4484	1.82842128931	0.0	0.0	0.0	0.0	4.8970491188	0.0	0.0	0.4484	0.0	4.29198475887	0.0	0.0	0.0	0.0	0.0	0.0	0.0	0.0	0.0	1.67217918074	0.0	0.0	6.45533707539	0.4484	9.6058889985	0.4484	0.0	0.4484	0.0	0.0	0.0	0.0	1.0659	0.0	0.0	0.0	0.4484	0.4484	0.0	0.0	0.0	0.4484	0.0	0.0	0.0	0.0	0.0	0.0	0.0	0.0	0.0	0.0	0.0	0.0	0.0	0.0	0.0	0.0	0.0	0.789981440228	0.0	0.0	0.0	0.0	0.0	1.8285027268	1.06590363562	0.0	0.0
TCGA-EW-A1PD	5.49204824217	7.36844911494	0.0	0.0	0.695885757974	0.0	0.3895	0.0	0.0	2.03525446867	0.0	0.0	2.4165113871	0.0	0.0	12.913397737	9.43928280599	6.02568914049	1.92191508749	12.0450446286	0.0	0.0	2.64809918974	0.0	0.0	0.0	0.0	4.98549889698	7.80420054882	5.08103446881	0.0	0.6958	0.0	0.0	0.0	0.0	6.45568175357	0.0	0.0	0.0	5.25506802978	0.695885757974	0.0	0.695885757974	0.0	0.0	1.35021665757	0.0	1.35020050582	0.0	0.0	1.35027114298	0.0	4.29234355869	0.0	0.0	0.0	0.0	0.0	3.07688883502	0.0	3.70996774513	0.0	0.0	13.3252264047	0.0	0.0	0.0	12.0205083602	8.45352950498	9.39483475023	8.56042725793	0.0	0.0	0.0	0.0	0.0	0.0	8.89034645976	0.6958	0.3895	0.0	4.83696207187	3.48887594067	17.9915421857	5.97683071647	0.0	0.0	0.0	0.0	0.0	0.0	0.3895	0.0	0.0	0.0	0.0	0.0	0.0	0.0	0.3895	0.0	2.57497333252	0.695885757974	0.0	7.47283789799	0.0	1.51573436616	5.787481945	0.0	0.0	0.3895	0.0	0.0	0.0	0.0	7.34388295552	6.93275680247	0.0	0.0	0.0	0.0	0.695885757974	3.52813044172	15.2082949154	4.98549422237	3.60366327761	5.2782834282	0.0	1.16328041268	1.66414467514	0.0	0.0	0.0	0.0	4.31496732421	0.0	0.0	0.3895	0.0	7.25302065681	0.0	0.0	0.0	0.0	0.0	0.0	0.0	0.0	0.0	0.695885757974	0.0	0.0	7.02491989222	0.0	8.8713792067	0.9484	0.0	0.0	0.0	0.0	0.0	0.0	1.51571951414	0.0	0.0	0.0	0.0	0.6958	0.3895	0.0	0.0	0.3895	0.0	0.0	0.0	0.0	0.6958	0.0	0.3895	0.0	0.0	0.0	0.0	0.0	0.0	0.0	0.0	0.0	0.0	0.6958	0.0	0.0	0.3895	0.0	0.0	1.16328041268	0.695885757974	0.3895	0.0
TCGA-AR-A24P	5.49397935611	7.56934070468	0.0	0.0	0.0	0.0	0.633	0.0	0.0	0.0	0.0	0.0	0.0	0.0	1.6796	11.4293452784	9.84168878726	6.05633791392	1.90849691381	11.6834412662	0.0	1.0715	2.7023	0.0	0.0	0.0	0.0	4.6885691432	7.81853464889	4.26129329302	0.0	0.633	0.0	0.0	0.0	0.0	7.50957685442	0.0	0.0	0.0	5.11271644715	0.0	0.0	0.0	0.0	0.633	1.07146945078	0.0	1.90850712341	0.0	0.0	0.633	0.0	3.77285769503	0.0	0.0	0.0	0.0	0.0	1.0715	0.0	3.51925528983	1.40730039414	0.0	11.9230344917	0.0	0.0	0.0	12.9761802153	8.41308502688	9.45579093862	8.724281898	0.0	0.0	0.0	0.0	0.0	0.0	8.80468929282	1.0715	0.633	0.0	4.08525366143	2.10601009133	18.00795507	3.98846000793	0.0	0.0	0.0	0.0	0.0	0.0	1.0715	0.0	0.0	0.0	0.0	0.0	0.0	0.0	0.0	0.0	2.43476073446	1.40727618869	0.0	6.13760797436	0.0	0.633	5.87863451917	0.0	0.0	0.0	0.0	0.0	0.0	0.0	7.46975657698	7.67036168648	0.0	0.0	0.0	0.0	0.633	2.10607146161	14.8415195347	5.44008916253	3.77282986293	4.03764260469	0.0	0.0	1.67950944394	0.0	0.0	0.0	0.0	4.03765059132	0.0	0.0	1.07146945078	0.0	5.76631338888	0.0	0.0	0.0	0.0	0.0	0.0	0.0	0.0	0.0	1.90843674617	0.0	0.0	5.66032031888	0.0	8.99580237664	0.0	0.0	0.0	0.0	0.0	0.0	0.0	1.6796	0.0	0.0	0.0	0.0	0.633	0.0	0.0	0.0	1.67948940063	0.0	0.0	0.0	0.0	0.0	0.0	0.0	0.0	0.0	0.0	0.0	0.0	0.0	0.0	0.0	0.0	0.0	0.633	0.0	0.0	0.0	0.0	0.0	1.07146945078	0.0	0.0	0.0
TCGA-EW-A2FS	6.52238296259	6.53748432396	0.0	0.0	0.0	0.2551	0.2551	0.0	0.0	1.96418088342	0.0	0.0	2.54508578791	0.0	0.660247113	12.7606410025	8.61248671139	7.05248529485	2.16421917341	12.8537692607	0.0	0.660157731021	1.11149564738	0.0	0.0	0.2551	0.0	4.55094587649	8.12906179079	5.3860955137	0.2551	0.6603	0.2551	0.0	0.0	0.0	6.88312708083	0.0	0.2551	0.0	4.40051069485	0.0	0.0	0.2551	0.2551	0.471798152594	1.23522645945	0.2551	1.64523587485	0.0	0.0	1.34910678561	0.0	3.06199053058	0.0	0.0	0.0	0.0	0.0	1.34915584743	0.0	4.92622586992	0.2551	0.0	9.94924114961	0.0	0.0	0.0	12.6265210239	8.2604505336	8.86621720886	9.68507498489	0.0	0.0	0.0	0.0	0.0	0.0	8.67117656049	0.2551	0.471798152594	0.0	3.74211395641	2.7663459858	18.2769461976	4.71929557669	0.0	0.0	0.0	0.2551	0.0	0.0	0.0	0.0	0.0	0.0	0.471798152594	0.2551	0.0	0.0	0.660247113	0.0	2.88438014904	0.4719	0.0	6.2745213869	0.0	2.44607011336	4.41364840918	0.0	0.0	0.0	0.0	0.0	0.0	0.0	7.17150165423	7.66924449101	0.2551	0.0	0.2551	0.0	1.23519094889	3.54105073071	15.3455254255	5.88825230769	2.59210990327	3.54103478308	0.2551	0.2551	0.976250751072	0.0	0.0	0.0	0.4719	4.10855600161	0.0	0.0	0.471798152594	0.0	4.68713460362	0.0	0.0	0.0	0.0	0.2551	0.0	0.0	0.2551	0.0	1.45475840327	0.0	0.0	6.45080059015	0.0	8.96837470835	0.826820378033	0.0	0.0	0.0	0.0	0.0	0.0	0.0	0.0	0.0	0.0	0.0	0.660247113	0.2551	0.0	0.0	1.11147648325	0.0	0.0	0.0	0.0	0.660157731021	0.0	0.976250751072	0.0	0.0	0.0	0.471798152594	0.0	0.0	0.0	0.0	0.0	0.0	0.4719	0.0	0.0	0.471798152594	0.0	0.0	1.34913959397	0.0	0.0	0.0
TCGA-BH-A0C1	4.61286250694	6.56796274081	0.0	0.0	0.7936	0.0	0.0	0.0	0.0	0.0	0.0	0.0	1.30263427298	0.0	0.7936	12.2209942505	9.20081520584	7.05541671734	2.92612643964	11.3500487449	0.0	0.0	2.22251805162	0.0	0.0	0.0	0.0	3.18068884805	8.00539259092	5.78848915763	0.0	0.0	0.0	0.0	0.0	0.0	6.09748797425	0.0	0.0	0.0	5.4682984922	0.7936	0.0	0.0	0.0	0.0	0.0	0.7936	2.77973767547	0.0	0.0	2.43309954058	0.0	3.29291056542	0.0	0.0	0.0	0.0	0.0	1.30263427298	0.0	3.05900997021	0.0	0.0	12.9008770549	0.0	0.0	0.0	12.1837325978	7.48556952765	9.10794674593	8.16502177269	0.0	0.0	0.0	0.0	0.0	0.0	8.75321868478	0.0	1.30263427298	0.0	4.47693188122	3.05901697793	17.4838011275	6.06621702837	0.0	0.0	0.0	0.0	0.0	0.0	0.0	0.0	0.0	0.0	0.0	0.0	0.0	0.0	0.0	0.0	1.97579914883	0.7936	0.0	5.66876562186	0.0	1.30263427298	5.49198433434	0.0	0.0	0.0	1.3026	0.0	0.0	0.0	7.19914088627	9.04525626582	0.0	0.0	0.0	0.0	0.0	3.82791965231	14.2546781196	5.64784439088	3.49412403726	5.14854799742	0.0	0.0	0.7936	0.0	0.0	0.0	0.7936	4.03574009687	0.0	0.0	0.0	0.7936	7.11006526552	0.7936	0.0	0.0	0.0	0.0	1.6782	0.0	0.7936	0.0	2.22251805162	0.0	0.0	6.27193419643	0.0	8.63842950742	1.30263427298	0.0	0.0	0.0	0.0	0.0	0.0	1.3026	0.0	0.0	0.0	0.0	0.0	0.0	0.0	0.0	0.7936	0.0	0.0	0.0	0.0	0.0	0.0	1.3026	0.0	0.0	0.0	0.7936	0.0	0.0	0.0	0.0	0.0	0.0	0.0	0.0	0.0	0.7936	0.0	0.0	1.30263427298	0.0	0.0	0.0
TCGA-D8-A1XL	4.9958831758	7.85373443655	0.5835	0.0	0.0	0.0	0.5835	0.0	0.0	0.0	0.0	0.0	0.0	0.0	0.0	7.44285656106	7.51147225408	8.59568913818	1.58212392925	11.7768735902	0.0	0.0	0.0	0.0	0.0	0.0	0.0	3.45557545296	7.05108673931	5.81600543171	0.0	0.0	0.0	0.0	0.0	0.0	5.35339412306	0.0	0.0	0.0	3.3181	0.0	0.0	0.0	0.0	0.0	0.5835	0.0	3.63995586575	0.0	0.0	1.31929452519	0.0	2.31849111462	0.0	0.0	0.0	0.0	0.0	0.997805692575	0.0	6.30868049169	0.0	0.0	11.1404120737	0.0	0.0	0.0	12.5695338708	6.82866592921	7.52324763722	8.67348119324	0.0	0.0	0.0	0.0	0.0	0.0	8.01533779013	0.0	1.5821	0.0	3.455554653	1.5821	17.1777422013	4.42220989799	0.0	0.0	0.0	0.0	0.0	0.0	4.51950935893	0.0	0.0	0.0	0.997805692575	0.0	0.0	0.0	0.0	0.0	1.58212392925	0.5835	0.0	4.69632397144	0.0	0.0	1.58209891941	0.0	0.0	0.0	0.0	0.0	0.0	0.0	5.08334151374	8.61045516009	0.0	0.0	0.5835	0.0	0.0	2.69681555427	13.7199531362	4.04039708213	1.99682042706	4.69632345326	0.0	0.0	0.0	0.0	0.0	0.0	0.0	3.69649166128	0.0	0.0	0.0	0.0	1.58212392925	0.0	0.0	0.0	0.0	0.0	0.0	0.0	0.0	0.0	0.997805692575	0.0	0.0	7.79017468714	0.0	8.77220424287	0.0	0.0	0.5835	0.0	0.0	0.0	0.0	0.0	0.0	0.0	0.0	0.0	0.0	1.3194	0.0	0.0	0.0	0.0	0.0	0.0	0.5835	0.0	0.0	0.5835	0.0	0.0	0.0	0.5835	0.5835	0.0	0.0	0.0	0.0	0.0	0.5835	0.0	0.0	0.5835	0.0	0.0	1.3193699946	0.0	0.0	0.0
TCGA-AR-A256	5.22444048123	7.76741806647	0.0	0.0	1.2847	0.0	0.0	0.0	0.0	0.0	0.0	0.0	0.5644	1.28474589644	2.75386562945	11.2397686061	7.89478953022	5.83334587686	2.27209301648	12.6955340796	0.0	0.0	0.9691	0.0	0.0	0.0	0.0	5.41460995965	8.41538943109	5.06855198071	3.40261954865	0.5644	0.0	0.0	0.0	0.9691	8.08485560892	0.0	0.0	0.0	3.52774622366	0.0	0.0	0.0	0.0	0.0	0.969045291536	0.969045291536	2.94541819643	0.0	0.0	2.75386046161	0.0	4.11090321661	0.0	0.0	0.0	0.0	0.0	2.27212100364	0.0	5.12899304959	0.0	0.0	12.7713303075	0.0	0.0	0.0	13.2222207094	8.67394356215	10.1242481475	9.29176176846	0.0	0.0	0.5644	0.0	0.0	0.0	8.5814657465	0.9691	1.28470193883	0.0	6.00446935437	6.04690481138	17.249911457	6.86868951625	0.0	0.0	0.0	0.0	0.0	0.0	0.5644	0.0	0.0	0.0	0.0	0.5644	0.0	0.0	0.0	0.0	2.12145383904	0.0	0.0	6.12810342962	0.0	0.0	3.64280825843	0.0	0.0	0.0	0.0	0.0	0.0	0.0	5.5237156854	9.0276449898	0.0	0.0	0.0	0.0	0.0	2.94539878713	14.269016109	6.06760898214	2.12150536967	5.91572324478	0.0	0.0	0.0	0.0	0.0	0.0	0.0	3.33579748569	0.0	0.0	0.0	0.0	5.58254426456	0.0	0.0	0.0	0.0	0.9691	0.0	0.0	0.0	0.0	2.85279158572	0.0	0.0	8.70572273879	0.0	9.76643329001	0.0	0.5644	0.5644	0.0	0.0	0.0	0.5644	2.27209301648	0.0	0.0	0.0	0.0	0.5644	0.0	0.0	0.0	2.94538292466	0.0	0.0	0.0	0.0	0.0	0.0	2.27207470379	0.5644	0.0	0.0	0.969045291536	0.0	0.0	0.0	0.0	0.0	0.0	1.76289334135	0.0	0.0	0.5644	0.0	0.0	2.4084048695	1.54357692067	0.0	0.0
TCGA-AQ-A1H2	6.59755525595	10.5657487999	0.659155270438	0.0	0.0	0.0	0.0	0.0	0.0	0.0	0.0	0.0	2.25223556143	3.65334245864	0.3669	12.3206791953	8.01839543546	7.17899988542	2.33734914711	11.0373660725	0.0	1.45276145878	3.55011210035	0.0	0.0	0.0	0.0	5.52891826417	9.13706035603	5.97644046128	0.0	0.0	0.659155270438	0.0	0.0	0.0	7.78072839285	0.0	0.3669	0.0	3.58533928663	0.0	0.0	1.10986529455	0.0	0.3669	1.72962333798	0.0	1.10985099538	0.0	0.0	2.06526350464	0.0	4.15332409908	0.0	0.0	0.0	0.0	0.0	1.29146995483	0.0	3.7182247168	0.0	0.0	8.09830819614	0.0	0.0	0.0	13.1219590846	9.26952476949	10.2650042818	8.47450674143	0.3669	0.0	0.0	0.0	0.0	0.0	8.13740663105	0.0	1.96183441505	0.0	3.18709065757	2.16180324277	17.2364755514	5.65861192514	0.0	0.0	0.0	0.3669	0.0	0.0	0.0	0.0	0.0	0.0	0.3669	0.0	0.0	0.0	1.10986529455	0.0	2.06524331357	0.0	0.0	7.30323224549	0.0	0.659155270438	4.69495085411	0.0	0.0	0.0	0.0	0.0	0.0	0.0	7.92175300194	7.46566187468	0.0	0.0	0.0	0.0	0.0	3.43895424483	14.4599149641	5.2828747165	2.49386678584	4.54200481263	0.0	0.0	0.0	0.0	0.0	0.0	0.0	7.36789381198	0.0	0.0	0.3669	0.0	3.92484474645	0.0	0.0	0.0	0.0	0.0	0.3669	0.0	0.0	0.0	1.59780924763	0.0	0.0	6.13940997348	0.0	9.92165502521	1.10986529455	0.0	0.0	0.0	0.0	0.0	0.0	2.70083040065	0.0	0.0	0.0	0.0	1.29144804086	0.0	0.0	0.0	1.45276978038	0.0	0.0	0.0	0.0	0.6591	0.0	2.06527154242	0.0	0.0	0.0	0.902063220656	0.0	0.0	0.0	0.0	0.0	0.0	1.1098	0.0	0.0	0.0	0.6591	0.0	2.63505113906	0.659155270438	0.6591	0.0
TCGA-BH-A0EI	4.73416414977	9.69904512625	0.384	0.0	0.0	0.0	0.0	0.0	0.0	0.817456665114	0.383931904124	0.0	0.937196159892	0.0	0.2047	10.1241277639	9.72188925429	7.31801238388	2.79620173639	10.9540780548	0.2047	0.383931904124	2.66364188397	0.0	0.0	0.384	0.0	3.34312687107	7.58987728731	5.53239172968	0.0	0.2047	0.0	0.0	0.0	0.0	5.300916613	0.0	0.0	0.0	5.8083904166	0.383931904124	0.0	0.937128944983	0.0	0.2047	0.5434	0.0	1.96231162158	0.0	0.0	1.64818218775	0.0	2.82753678844	0.0	0.0	0.0	0.0	0.0	0.2047	0.0	3.50690039054	0.2047	0.0	8.1565661977	0.0	0.0	0.0	13.83189847	7.55516894884	8.89139741659	8.25782271788	0.0	0.0	0.0	0.0	0.0	0.0	8.46436334794	0.2047	0.686926102063	0.0	3.56378745372	2.12242354889	18.3098055608	4.28159420143	0.0	0.0	0.0	0.0	0.0	0.0	0.5434	0.0	0.0	0.0	0.0	0.0	0.0	0.0	0.686979944781	0.0	2.07100715161	0.543398504431	0.0	5.50843885447	0.0	0.937197298206	5.7067635866	0.0	0.0	0.0	0.0	0.0	0.0	0.0	6.96000632933	6.65193819328	0.0	0.0	0.0	0.0	0.383931904124	3.158373171	14.9755452993	3.36463570191	3.99474276533	4.47203482446	0.0	0.2047	0.5434	0.0	0.0	0.0	0.0	4.86064014534	0.0	0.0	0.937150890663	0.543337531649	6.76747246876	0.0	0.0	0.0	0.0	0.0	0.384	0.0	0.0	0.0	1.04769354665	0.0	0.0	6.36219316165	0.2047	9.43970300242	1.42067282285	0.0	0.2047	0.0	0.0	0.0	0.0	2.66368650704	0.0	0.0	0.0	0.0	0.543398504431	0.383931904124	0.0	0.0	0.2047	0.0	0.0	0.0	0.0	0.0	0.0	0.383931904124	0.0	0.0	0.0	0.0	0.0	0.0	0.0	0.0	0.0	0.0	0.686924748119	0.0	0.0	0.2047	0.0	0.0	1.04767088808	0.384	0.383931904124	0.0
TCGA-E9-A3Q9	4.98392336373	9.57450162816	0.2572	0.0	0.0	0.2572	0.2572	0.0	0.0	2.4044512646	0.0	0.0	0.475410495263	2.50706885992	0.0	11.4562608515	5.32333053272	7.27620886553	2.23529795639	8.83722586363	0.0	0.0	1.11847949214	0.0	0.0	0.2572	0.0	4.82413987033	7.13105605532	6.06558970603	0.2572	0.0	0.2572	0.0	0.0	0.2572	6.51681463277	0.0	0.475410495263	0.0	2.55577010644	0.0	0.0	0.4755	0.0	0.2572	0.664989642077	0.2572	0.475410495263	0.0	0.0	1.56159860692	0.0	2.555734847	0.0	0.0	0.0	0.0	0.0	0.832455635301	0.0	3.64575691417	0.665	0.0	4.46471605785	0.0	0.0	0.0	11.7091729023	7.23939916161	9.37220248632	9.75222241959	0.0	0.0	0.0	0.0	0.0	0.0	7.94690110395	0.0	0.664911154252	0.0	4.27411919897	1.56166172218	16.727883737	6.28004724934	0.0	0.0	0.0	0.0	0.0	0.0	0.0	0.0	0.0	0.0	0.2572	0.0	0.0	0.0	1.24265561663	0.0	0.982528482849	2.81781862155	0.0	4.97500861037	0.0	0.475410495263	3.71174634794	0.0	0.0	1.11838557934	0.0	0.0	0.0	0.0	7.04412259291	8.23090584717	0.0	0.0	0.0	0.0	0.0	1.97372629952	15.4933311794	4.82414026263	1.11847949214	4.13679590753	0.0	0.0	0.2572	0.0	0.0	0.0	0.0	5.23635483291	0.0	0.0	0.0	0.2572	4.80406820168	0.0	0.0	0.0	0.0	0.0	0.2572	0.0	0.0	0.0	0.2572	0.0	0.0	6.24333636188	0.832464858054	8.96835691062	0.475410495263	0.0	0.0	0.0	0.0	0.0	0.0	0.4755	0.0	0.2572	0.0	0.0	0.0	0.2572	0.0	0.0	1.74085688513	0.0	0.0	0.0	0.0	0.475410495263	0.0	0.664989642077	0.0	0.0	0.475410495263	0.475410495263	0.0	0.0	0.0	0.0	0.0	0.0	0.0	0.0	0.0	0.2572	0.0	0.0	1.24262204054	0.0	0.2572	0.0
TCGA-A2-A1G4	7.40969131004	10.4994680428	0.0	0.0	0.6279	0.0	0.0	0.0	0.0	1.39828976621	0.0	0.0	1.06393635195	1.39831859773	0.0	12.8681991705	7.8625821871	7.25346525083	4.20545825618	11.0878759285	0.6279	0.0	4.4043	0.0	0.0	1.06393635195	0.0	6.07728896494	9.5300507493	6.12319117059	0.0	0.0	0.0	0.0	0.0	0.0	8.23314204784	0.0	0.0	0.0	4.44095810905	0.6279	0.0	0.0	0.0	1.0639	1.89783517098	1.0639	2.68994573728	0.0	0.0	1.06393635195	0.0	4.82091178015	0.0	0.0	0.0	0.0	0.0	2.42286641694	0.0	5.8092021169	0.6279	0.0	12.4809471087	0.0	0.0	0.0	13.7253400018	8.29458338238	11.2041441677	9.22417479533	0.0	0.0	0.0	0.0	0.0	0.0	9.26947949781	0.0	0.6279	0.0	5.89104887564	3.36030384403	17.2362738595	7.06073554214	0.0	0.0	0.0	0.0	0.0	0.0	0.0	0.0	0.0	0.0	0.6279	0.0	0.0	0.0	1.66957255126	0.6279	1.6695	6.74591562641	0.0	8.05827091294	0.0	1.39831859773	5.35069863918	0.0	0.0	0.0	0.0	0.0	0.0	0.0	8.40778493227	7.07828702388	0.0	0.0	0.0	0.0	1.06393635195	2.91518445357	14.9372491447	7.12978621238	2.56257584118	4.36670397886	0.0	0.0	0.0	0.0	0.0	0.0	0.0	5.27144395162	0.0	0.0	1.0639	0.0	10.0190018941	0.0	0.0	0.0	0.0	0.0	0.0	0.0	0.0	0.0	1.06393635195	0.0	0.0	6.62358946376	0.0	8.70779333037	1.06393635195	0.0	0.0	0.0	0.0	0.0	0.0	3.57354241946	0.0	0.0	0.0	0.0	2.42283705653	0.6279	0.0	0.0	1.89782793228	0.0	0.0	0.0	0.6279	0.6279	0.0	1.39828976621	0.0	0.0	0.0	0.0	0.0	0.0	0.0	0.0	0.0	0.0	1.6695810308	0.0	0.0	1.0639	0.0	0.0	1.39831859773	0.6279	0.0	0.0
TCGA-AC-A2FF	4.39320053743	8.19178499296	0.0867	0.0	0.2458943849	0.0	0.0	0.0	0.0	0.0	0.0867	0.0	0.639216468789	0.319347432697	0.0867	11.7747721248	9.22899215086	5.69677499648	2.11960044426	10.0649478559	0.0867	0.389227241038	0.801964440004	0.0	0.0	0.0	0.0	3.62509883869	7.01272487363	4.80484333433	0.0867	0.0	0.0	0.0	0.0	0.0	4.64618330547	0.0	0.0	0.0	5.40137767828	0.0867	0.0	0.1685	0.0867	0.0867	0.455952546677	0.0	1.31444707945	0.0	0.0	1.1223590434	0.0	1.48370496578	0.0	0.0	0.0	0.0	0.0	1.24057923657	0.0	3.42324274648	0.0867	0.0	12.4996838453	0.0	0.0	0.0	12.7485057954	7.34068681846	8.14200038358	8.5715218581	0.0	0.0	0.0	0.0	0.0	0.0	8.84506407887	0.246	1.20227649789	0.0	2.34750229929	2.07782723988	17.8466501634	4.30094393354	0.0	0.0	0.1685	0.0	0.0	0.0	0.0	0.0	0.0	0.0	0.519636213404	0.0	0.0	0.0	0.749702379646	0.1685	2.88397675776	0.2458943849	0.0	6.34845879755	0.0867	1.51530102283	5.25457996467	0.0	0.0	0.0	0.0	0.0	0.0	0.0	6.50332377755	8.2475273068	0.0	0.0	0.0	0.246	0.900943609592	2.85953961013	16.1527629788	5.64412742517	4.19760979909	4.25018263682	0.0867	0.0	1.16293250627	0.0	0.0	0.0	0.0	4.10709413995	0.0	0.0	0.580826312627	0.0867	4.53868884943	0.2458943849	0.0	0.0	0.0	0.0	0.0867	0.0	0.0	0.0	1.20233206725	0.0	0.0	5.99327303009	0.1685	8.01854576249	1.24060418388	0.0	0.0	0.0	0.0	0.0	0.0	0.456	0.1685	0.0	0.0	0.0867	0.456100657949	0.0	0.0	0.0	1.38445364831	0.0	0.0	0.0	0.0	0.2458943849	0.0	0.802007124973	0.0	0.0	0.1685	0.0	0.0	0.0	0.0	0.0	0.0	0.0	0.246	0.0	0.0	0.580838530227	0.0	0.0867	1.34975405603	0.0867	0.2458943849	0.0
TCGA-E2-A1BC	5.47270769723	7.61920925146	0.0	0.0	0.0	0.0	0.0	0.0	0.0	1.25777373135	0.0	0.0	0.3542	0.0	0.875599648839	12.1569110784	9.45689563082	6.1801108467	2.02178159341	11.1624514132	0.0	0.87564614412	1.80916594523	0.0	0.0	0.0	0.0	4.4507962814	8.55276173179	5.8727827942	0.3542	0.3542	0.0	0.0	0.0	0.0	6.47906979301	0.0	0.0	0.0	5.31021548597	0.0	0.0	0.6383	1.9194	0.6383	0.0	0.0	2.02173164618	0.3542	0.0	0.3542	0.0	3.34801571024	0.0	0.0	0.0	0.0	0.0	1.41659199236	0.0	4.55695309628	0.0	0.0	12.2144503934	0.0	0.0	0.0	13.4144145502	8.02880908249	8.52143231041	9.29378765249	0.0	0.0	0.0	0.0	0.0	0.0	9.04288343608	0.0	0.875599648839	0.0	4.39467137559	2.71484098733	17.9875547006	4.16778826772	0.0	0.0	0.0	0.0	0.0	0.0	0.0	0.0	0.0	0.0	0.3542	0.0	0.0	0.0	0.3542	0.0	2.37122219248	0.638354807746	0.0	7.15334386519	0.3542	0.6383	5.91330003518	0.0	0.0	0.0	0.0	0.0	0.0	0.0	7.14199314078	7.93022531838	0.0	0.0	0.0	0.0	0.0	2.4468000313	15.560667955	4.99484367177	3.97701040806	4.96943232227	0.0	0.3542	1.0793652967	0.0	0.0	0.0	0.0	4.82115688857	0.0	0.0	0.638354807746	0.0	6.74540291394	0.3542	0.0	0.0	0.0	0.0	0.0	0.0	0.0	0.0	0.638354807746	0.0	0.0	6.67249786467	0.6383	8.98069361231	1.25778738237	0.0	0.0	0.0	0.0	0.0	0.3542	2.29151652285	0.0	0.0	0.0	0.3542	0.0	0.0	0.0	0.0	1.68979868222	0.0	0.0	0.0	0.0	0.0	0.0	1.07932522942	0.0	0.0	0.0	0.3542	0.0	0.0	0.0	0.0	0.3542	0.0	0.6383	0.0	0.0	0.3542	0.0	0.0	1.25780940641	0.0	0.3542	0.0
TCGA-BH-A0B0	5.93814841022	8.27191620118	0.0	0.0	0.0	0.0	0.4932	0.0	0.0	0.0	0.0	0.0	2.222779762	0.4932	0.0	12.0143524483	10.0953754839	6.44947390939	2.7453107275	10.4662850825	0.0	0.4932	4.00702481939	0.0	0.0	0.0	0.0	4.33295622999	7.6311398997	5.13880962032	0.4932	0.0	0.0	0.0	0.0	0.0	6.36640475386	0.0	0.0	0.0	5.76519395471	0.0	0.0	1.1522	0.0	0.0	0.86007048014	0.0	1.94590459274	0.0	0.0	1.15224950055	0.0	2.74527940197	0.4932	0.0	0.0	0.0	0.0	2.34348497836	0.0	4.04317356812	0.0	0.0	12.7515111064	0.0	0.0	0.0	12.8632916586	8.0413850255	9.48914183634	9.81575620832	0.0	0.0	0.0	0.0	0.0	0.0	8.77434259803	0.0	1.15224950055	0.0	2.9108273898	1.39510482975	17.6006133215	4.39022009693	0.0	0.0	0.0	0.0	0.0	0.0	1.3951116391	0.0	0.0	0.0	0.4932	0.0	0.0	0.0	1.1522	0.4932	1.94585847462	0.4932	0.0	5.31161919936	0.0	1.39515346907	5.80778085293	0.0	0.0	0.0	0.0	0.0	0.0	0.0	6.65595894159	8.3781882271	0.0	0.0	0.0	0.0	0.0	3.19389634759	15.5073468475	5.94770571058	4.41792195161	4.3901978292	0.0	0.0	1.15230705684	0.0	0.0	0.0	0.0	4.17922604463	0.0	0.0	1.3951116391	0.0	6.52162785432	0.0	0.0	0.0	0.0	0.0	0.0	0.0	0.0	0.0	2.09093237358	0.0	0.0	6.56578082806	0.4932	11.129248729	1.60291473661	0.0	0.0	0.0	0.0	0.0	0.0	1.15224950055	0.0	0.0	0.0	0.0	0.0	0.0	0.0	0.0	1.94586642019	0.0	0.0	0.0	0.0	0.0	0.0	1.78455731165	0.0	0.0	0.0	0.0	0.0	0.0	0.0	0.0	0.0	0.0	0.0	0.0	0.0	0.4932	0.0	0.86007048014	0.86007048014	0.0	0.0	0.0
TCGA-AR-A0TY	5.26147910476	6.77395391034	0.0	0.0	0.0	0.0	1.21562446479	0.0	0.0	1.57704599756	0.0	0.0	0.7322	0.994066698879	0.994066698879	12.6233781713	9.18291136411	8.19764252931	2.65298365926	12.9090941844	0.0	1.21562446479	3.04846531603	0.0	0.0	0.0	0.0	4.13175883017	8.16476387416	5.82968191075	0.0	0.4121	0.0	0.0	0.0	0.0	7.0967294029	0.0	0.0	0.0	4.82983741753	0.0	0.0	0.732262720099	0.0	0.0	0.732262720099	0.0	3.9275269957	0.0	0.0	1.57704599756	0.0	3.40431496163	0.0	0.0	0.0	0.0	0.0	2.31245527844	0.0	4.89542167683	0.7322	0.0	13.3674409246	0.0	0.0	0.0	13.0407987818	7.28589140592	9.15221434597	9.38547292706	0.0	0.0	0.9941	0.0	0.0	0.0	8.68629408156	0.0	0.0	0.0	3.79635682687	2.31244801743	18.4662062905	4.04775126438	0.0	0.0	0.0	0.0	0.0	0.0	0.0	0.0	0.0	0.0	0.4121	0.0	0.0	0.0	1.21566932736	0.0	2.40544419281	0.0	0.4121	5.40347787364	0.0	0.994119008138	4.82988098121	0.0	0.0	0.7322	0.0	0.0	0.0	0.0	7.15814293242	8.39470975764	0.0	0.0	0.0	0.0	0.0	2.98967865001	14.932279411	5.8212261355	3.53346973602	4.46979496937	0.0	0.0	0.4121	0.0	0.0	0.0	0.0	3.21184454145	0.0	0.0	0.732262720099	0.0	7.03986480401	0.0	0.0	0.0	0.0	0.0	0.4121	0.0	0.0	0.0	0.994119008138	0.0	0.0	7.39473877778	0.0	9.57377994072	1.21565302517	0.0	0.0	0.0	0.0	0.0	0.0	1.99116307779	0.0	0.4121	0.0	0.0	0.7322	0.0	0.0	0.0	0.4121	0.0	0.0	0.0	0.4121	0.0	0.0	0.732262720099	0.4121	0.0	0.0	0.0	0.0	0.0	0.0	0.0	0.0	0.0	0.4121	0.0	0.0	0.994066698879	0.0	0.0	1.21562446479	0.732262720099	0.0	0.0
TCGA-D8-A27P	3.35204160221	5.79677570019	0.2924	0.0	0.0	0.0	0.643104050519	0.0	0.0	0.743316626318	0.0	0.0	0.1536	0.0	0.2924	9.32450638126	7.8322912164	7.05267309979	2.01181761469	10.0250544549	0.0	0.535415227471	0.924994075896	0.0	0.0	0.0	0.0	3.09186139384	7.22290055363	5.24194615599	0.1536	0.0	0.0	0.0	0.0	0.0	5.03020961297	0.0	0.0	0.0	4.26281543244	0.1536	0.0	0.41901842301	0.0	0.1536	0.41901842301	0.0	1.74801437478	0.0	0.0	1.16071768137	0.0	1.59550466335	0.0	0.0	0.0	0.0	0.0	1.42496084884	0.0	4.32072798849	0.292408770191	0.0	10.7589523087	0.0	0.0	0.0	14.4317006196	6.46948750916	7.62294523487	9.05676064825	0.0	0.0	0.1536	0.0	0.0	0.0	8.03923924367	0.2924	1.59551761542	0.0	1.84141203566	0.837016625679	17.6091820086	3.96369066287	0.0	0.0	0.0	0.0	0.0	0.0	0.41901842301	0.0	0.0	0.0	0.419026456296	0.0	0.0	0.0	0.53539823246	0.0	1.36328452885	0.1536	0.0	4.06405514474	0.0	0.419026456296	3.3678738943	0.0	0.0	0.0	0.0	0.0	0.0	0.0	6.24646445809	7.7889562488	0.0	0.0	0.1536	0.0	0.292408770191	2.12760635014	16.1808971165	3.82197364143	3.92154979316	3.12935305217	0.0	0.0	0.1536	0.0	0.0	0.0	0.0	4.47442186586	0.0	0.0	0.1536	0.41901842301	3.50260088063	0.0	0.0	0.0	0.0	0.0	0.0	0.0	0.0	0.0	0.837016625679	0.0	0.2924	5.20292314878	0.0	9.52700482884	1.59545293143	0.0	0.0	0.0	0.0	0.0	0.0	1.64812013708	0.0	0.0	0.0	0.0	0.419	0.0	0.0	0.0	0.1536	0.0	0.0	0.0	0.0	0.2924	0.0	0.643111305024	0.0	0.0	0.0	0.1536	0.0	0.0	0.0	0.0	0.0	0.0	0.1536	0.0	0.0	0.1536	0.1536	0.1536	1.23143335383	0.2924	0.0	0.0
TCGA-BH-A0DD	6.20210775272	7.60378996712	0.0	0.0	0.5209	0.0	0.90280691878	0.0	0.0	0.5209	0.0	0.0	1.66652558076	0.0	0.0	10.8520315738	7.83293213617	8.03059217573	2.41920786767	12.7328712362	0.0	0.5209	0.9029	0.0	0.0	0.0	0.0	4.84959829325	8.00150881657	5.85721766201	0.0	0.0	0.0	0.0	0.0	0.0	6.33240868308	0.0	0.0	0.0	4.20123298531	0.5209	0.0	0.0	0.0	0.5209	1.20456072776	0.0	3.40152847137	0.5209	0.0	1.66642666575	0.0	4.26791524804	0.0	0.0	0.0	0.0	0.0	3.71987268505	0.0	4.5073911998	0.0	0.0	9.4437250683	0.0	0.5209	0.0	12.2403393886	7.70348532747	8.92064449	9.59255127671	0.0	0.0	0.0	0.0	0.0	0.0	8.68175994968	0.0	1.45386009782	0.0	4.50743156908	1.45392362842	18.3430076607	6.03993557253	0.0	0.0	0.0	0.0	0.0	0.0	0.0	0.0	0.0	0.0	0.0	0.0	0.0	0.0	0.5209	0.0	0.5209	5.08963049847	0.0	6.04943480302	0.0	0.0	4.5615825844	0.0	0.0	0.0	0.0	0.0	0.0	0.0	6.85017253315	9.17077537619	0.0	0.0	0.0	0.0	0.0	3.67146289819	14.0647796213	5.8354029747	3.14203955542	5.05227017606	0.0	0.0	0.5209	0.0	0.0	0.0	0.0	4.99442039095	0.0	0.0	0.0	0.0	5.81327717496	0.0	0.0	0.0	0.0	0.0	0.90280691878	0.0	0.0	0.0	1.20448520975	0.0	0.0	7.63252255633	0.90280691878	8.90892836062	0.5209	0.0	0.0	0.0	0.0	0.0	0.0	0.9029	0.0	0.0	0.0	0.0	0.5209	0.0	0.0	0.0	3.27760989836	0.0	0.0	0.0	0.0	0.0	0.0	0.9029	0.0	0.0	0.0	0.90280691878	0.0	0.0	0.0	0.0	0.0	0.0	0.5209	0.0	0.0	0.0	0.0	0.0	2.73405414032	1.20456072776	0.0	0.0
TCGA-C8-A26Z	4.31543957907	5.19183034672	0.0	0.0	0.0	0.0	0.0	0.0	0.0	0.812663820305	0.0	0.0	0.0	1.00618682372	0.0	9.19956944786	7.50005035189	7.90854183189	2.00924340104	10.1515050493	0.0	0.3244	1.00618682372	0.0	0.0	0.0	0.0	4.38670219782	7.39804688796	5.89472433058	0.0	0.0	0.0	0.0	0.0	0.0	5.37829483121	0.0	0.3244	0.0	3.73923038859	0.0	0.0	0.0	0.0	0.3244	0.0	0.0	0.8126	0.0	0.0	1.46726334414	0.0	2.4694461707	0.0	0.0	0.0	0.0	0.0	0.3244	0.0	6.15163632017	1.46724081435	0.0	12.4390283891	0.0	0.0	0.0	13.2896558784	5.85753816891	7.65968169049	9.64341353739	0.0	0.0	0.0	0.0	0.0	0.0	7.78201717965	0.0	0.5891	0.0	1.8160598051	1.59311076369	16.9953339929	4.96607233965	0.0	0.0	0.0	0.0	0.0	0.0	0.0	0.0	0.0	0.0	0.0	0.0	0.0	0.3244	1.00613101508	0.3244	1.46726334414	0.0	0.0	3.68369082335	0.0	0.5891	3.73929721346	0.0	0.0	0.0	0.0	0.0	0.0	0.0	5.5276932094	9.02208778499	0.0	0.0	0.0	0.0	0.0	2.8178413866	15.1513379535	3.50300272503	3.94218740523	3.14015237987	0.0	0.0	0.0	0.0	0.0	0.3244	0.0	4.47112791897	0.0	0.0	0.3244	0.0	3.53478031329	0.0	0.0	0.0	0.0	0.0	0.0	0.0	0.0	0.0	0.589079992736	0.0	0.0	6.12063474423	0.0	10.3417490796	0.812646685157	0.0	0.0	0.0	0.0	0.0	0.0	1.32925829157	0.0	0.0	0.0	0.0	0.3244	0.0	0.0	0.0	0.0	0.0	0.0	0.0	0.0	0.3244	0.0	1.00613101508	0.0	0.0	0.0	0.812646685157	0.3244	0.0	0.0	0.0	0.0	0.0	0.0	0.0	0.0	0.0	0.0	0.3244	0.3244	0.0	0.0	0.0
TCGA-E2-A15T	5.66489416027	10.713480379	0.0	0.0	0.3233	0.0	0.3233	0.0	0.0	1.00339113481	0.0	0.0	2.59063644679	2.86386673189	0.3233	11.5951326194	7.96387549813	7.52641357187	3.62097645311	11.2587423863	0.0	0.587248285006	4.17637810732	0.0	0.0	0.3233	0.0	4.31022625545	8.18793974016	5.86466932182	0.0	0.5872	0.0	0.0	0.0	0.3233	5.78144257997	0.0	0.0	0.0	3.96055886055	0.0	0.0	0.8103	0.3233	0.3233	0.8103	0.0	2.17524879689	0.0	0.0	1.58948224477	0.0	3.73422872336	0.0	0.0	0.0	0.0	0.0	1.32598203374	0.0	3.59122672007	0.0	0.0	7.26181846812	0.0	0.0	0.3233	12.8601709835	7.63973946278	9.87523403587	9.09294230509	0.3233	0.0	0.0	0.0	0.0	0.0	8.0388073811	0.3233	1.4637396517	0.0	3.56078515697	1.32601096849	16.7374197107	4.63588689014	0.0	0.0	0.0	0.0	0.0	0.0	0.3233	0.0	0.0	0.3233	0.0	0.0	0.0	0.0	0.587248285006	0.5872	1.91187091661	0.3233	0.0	5.46608149539	0.0	0.810293122934	3.39847389611	0.0	0.0	0.0	0.0	0.0	0.0	0.0	6.17162197176	8.08894948722	0.0	0.0	0.0	0.0	0.3233	2.86385148045	14.7227539061	5.39894783865	2.9601521923	3.83924966987	0.0	0.0	0.0	0.0	0.0	0.0	0.0	4.72080262649	0.0	0.0	0.0	0.3233	5.66488565181	0.0	0.0	0.0	0.0	0.0	0.0	0.0	0.0	0.0	0.810251754597	0.0	0.0	6.50655128044	0.5872	10.5877885486	1.00343333517	0.0	0.0	0.0	0.0	0.0	0.0	1.7052	0.0	0.0	0.0	0.0	0.5872	0.587248285006	0.0	0.0	0.587248285006	0.0	0.0	0.0	0.0	0.3233	0.0	0.5872	0.0	0.0	0.0	0.0	0.0	0.0	0.0	0.0	0.0	0.0	0.0	0.0	0.0	0.8103	0.0	0.0	1.32601096849	0.3233	0.3233	0.0
TCGA-A2-A25F	5.65449412888	8.21054344412	0.0	0.0	0.0	0.0	0.0	0.0	0.0	0.0	0.0	0.0	1.57281636709	2.98401997938	6.65425138983	11.3226995547	9.85820701641	8.5092239889	4.98227965988	10.2402822938	0.0	0.0	0.0	0.0	0.0	0.0	0.0	2.79168711567	8.5363096803	6.09049673549	0.0	0.0	0.9909	0.0	0.0	1.57281636709	6.66838847111	0.0	0.0	0.0	6.3218110802	0.0	0.0	0.0	0.9909	0.0	0.0	1.5728	3.68357398777	0.0	1.5728	4.44196455849	0.0	0.9909	0.0	0.0	0.0	0.0	0.0	3.56820314566	0.0	4.56743109332	0.9909	0.0	12.7006562642	0.0	0.0	0.0	10.5363226728	7.50533676577	8.43708958305	11.6300377452	0.0	0.0	0.0	0.0	0.0	0.0	9.73321796612	0.0	2.30733057819	0.0	1.57281636709	1.5728	16.6630026522	0.9909	0.0	0.0	0.0	0.0	0.0	0.0	1.5728	0.0	0.0	0.0	1.57281636709	0.0	0.0	0.0	0.0	0.9909	2.98401997938	0.0	0.0	5.53666819704	0.0	0.9909	3.79038980524	0.0	0.0	0.0	0.0	0.0	0.0	0.0	6.39130026011	10.1327017855	0.0	0.0	0.0	0.0	0.0	4.78969232741	14.8193188313	7.17164258483	3.79040078237	6.06946155172	0.9909	0.0	0.0	0.0	0.0	0.0	0.0	6.78923017754	0.0	0.0	0.0	0.9909	9.23674189582	0.0	0.0	0.0	0.0	0.9909	0.0	0.0	0.0	0.0	1.5728	0.9909	0.0	8.26253471442	0.0	6.95915334344	3.98288228702	0.0	2.30731769326	0.0	0.0	0.0	0.0	1.9863	0.0	0.0	0.0	0.0	0.9909	0.0	0.0	0.0	1.98631609599	0.0	0.0	0.0	0.0	0.9909	0.0	0.0	0.9909	0.0	0.0	0.0	0.0	0.0	0.9909	0.0	0.0	0.0	0.9909	0.0	0.0	0.0	0.0	0.0	3.44282393471	0.0	0.0	0.0
TCGA-E2-A15D	5.38886387943	7.52052375582	0.334	0.0	0.0	0.0	0.0	0.0	0.0	0.605026586999	0.0	0.0	0.334	0.0	0.605	12.1357233328	9.06489229139	6.47231296375	2.2949935344	10.6602030255	0.334	0.833078023913	3.44617353903	0.0	0.0	0.0	0.0	4.16453599841	8.08011831596	5.29624040261	0.0	0.605	0.334	0.0	0.0	0.0	6.91065542579	0.0	0.0	0.0	5.20748182272	0.0	0.0	0.0	0.0	0.0	2.04474524194	0.0	1.03	0.0	0.0	1.02999245094	0.0	2.69391012474	0.0	0.0	0.0	0.0	0.0	1.49749584944	0.0	3.18199906536	0.0	0.0	12.4927702809	0.0	0.0	0.0	12.036910719	7.64406618173	9.01711455885	8.82083608993	0.0	0.0	0.0	0.0	0.0	0.0	9.27057410986	0.334	0.0	0.0	4.53248325288	2.50819048065	18.0408013405	4.87750419968	0.0	0.334	0.0	0.0	0.334	0.0	0.605	0.0	0.0	0.0	0.0	0.0	0.0	0.0	1.62481462237	0.0	2.36961074217	2.508164595	0.833100723167	6.50579332634	0.0	1.35782915536	6.45101586841	0.0	0.0	0.0	0.0	0.0	0.0	0.0	7.31642773965	8.35612327944	0.0	0.0	0.0	0.0	0.334	2.75085282945	14.6833257709	6.21337176726	3.26252232632	4.72950453442	0.0	0.0	1.2032112222	0.0	0.0	0.0	0.0	4.1645322975	0.0	0.0	0.605026586999	0.0	6.57443005053	0.0	0.0	0.0	0.0	0.334	0.605026586999	0.0	0.0	0.0	1.20319421883	0.0	0.0	5.58950638424	0.334	8.78976539644	1.62486122199	0.0	0.0	0.0	0.0	0.0	0.0	1.85000938828	0.0	0.0	0.0	0.0	0.334	0.0	0.0	0.0	1.74179623037	0.0	0.0	0.0	0.0	0.0	0.0	0.833078023913	0.0	0.0	0.0	0.605026586999	0.0	0.0	0.0	0.0	0.0	0.0	0.0	0.0	0.0	0.334	0.0	0.0	0.605026586999	0.605026586999	0.833078023913	0.0
TCGA-BH-A1EN	5.86407348797	7.84217726461	0.0	0.0	0.0	0.0	0.5956	0.0	0.0	0.0	0.0	0.0	0.5956	0.0	0.0	12.1693585731	7.88959331708	4.61542026934	4.86354304762	10.5251078738	0.0	0.0	3.93656320923	0.0	0.0	0.0	0.0	3.67311144141	9.03446935207	6.37118996513	0.0	1.6062	0.0	0.0	0.0	0.0	7.56684468658	0.0	0.0	0.0	3.93657371763	0.5956	0.0	0.0	0.0	0.0	1.3411	0.0	2.19469631535	0.0	0.0	2.19471403318	0.0	3.83685622902	0.0	0.0	0.0	0.0	0.0	0.5956	0.0	4.75846926026	1.60622664184	0.0	15.2693973616	0.0	0.0	0.0	13.0462985722	6.77962915535	8.81633462379	7.93247409874	0.0	0.0	0.0	0.0	0.0	0.0	7.93248321583	0.0	1.83011166196	0.0	3.88753071556	2.61145731723	17.0356723265	7.26516684574	0.0	0.0	0.0	0.0	0.0	0.0	0.0	0.0	0.0	0.0	0.0	0.0	0.0	0.0	0.5956	0.0	2.34739956338	2.34735947911	0.0	5.22071556775	0.0	0.0	5.09690909724	0.0	0.0	0.0	0.0	0.0	0.0	0.0	6.92628423341	8.56303828023	0.0	0.0	0.0	0.0	0.0	2.83462840126	14.8798777029	4.91334703163	1.60622664184	5.03075380978	0.0	0.0	1.01592698001	0.0	0.0	0.0	0.0	4.91329459668	0.0	0.0	0.0	1.016	6.25053041842	0.0	0.0	0.0	0.0	0.0	0.0	0.0	0.0	0.0	1.01592698001	0.0	0.0	6.25049459638	0.0	9.22523456522	1.01592698001	1.016	0.0	0.0	0.0	0.0	0.0	2.3474	0.0	0.0	0.0	0.0	0.5956	0.5956	0.0	0.0	0.5956	0.0	0.0	0.0	0.0	0.0	0.0	1.83013735083	0.0	0.0	0.0	0.5956	0.0	0.0	0.0	0.0	0.0	0.0	0.0	0.0	0.0	0.0	0.0	0.0	1.34101947951	1.3411	0.0	0.0
TCGA-E2-A14V	4.40198321524	7.48635562359	0.0	0.0	0.0	0.0	0.0	0.0	0.0	1.7525504163	0.0	0.0	0.6712	0.0	1.9862	11.3799276011	9.13896592962	7.82470296538	1.75257392669	12.4272599839	0.0	0.0	0.0	0.0	0.0	0.0	0.0	3.81071074838	7.53323036815	5.32550552918	0.0	0.0	0.0	0.0	0.0	0.0	5.74749480326	0.0	0.0	0.0	5.38804039284	0.0	0.0	0.0	0.0	0.6712	0.6712	0.0	2.66253771472	0.0	0.0	1.12749717183	0.0	5.01781456897	0.0	0.0	0.0	0.0	0.0	0.6712	0.0	4.08703300506	0.6712	0.0	10.9120148079	0.0	0.0	0.0	12.8133853519	7.44280091188	8.23239656205	7.96809139437	0.0	0.0	0.0	0.0	0.0	0.0	8.87887905341	0.0	0.6712	0.0	4.66038739828	3.46869516721	18.6974667865	5.09484326982	0.0	0.0	0.0	0.0	0.0	0.0	0.0	0.0	0.0	0.0	0.6712	0.0	0.0	0.0	0.6712	0.0	2.66255120266	0.6712	0.0	6.52717848175	0.6712	0.0	5.54269537403	0.0	0.0	0.0	0.0	0.0	0.6712	0.0	6.3911965922	8.9548925728	0.0	0.0	0.0	0.0	0.6712	2.36365177177	14.5611537432	5.42830009008	3.46868745335	5.11965812994	0.0	0.0	0.6712	0.6712	0.0	0.0	0.0	3.81076083204	0.0	0.0	0.6712	0.0	6.55470605309	0.0	0.0	0.0	0.0	0.0	0.0	0.0	0.0	0.0	0.6712	0.0	0.0	6.60820453211	0.0	7.9439665897	0.6712	0.0	0.0	0.0	0.0	0.0	0.0	0.6712	0.0	0.0	0.0	0.0	0.6712	0.0	0.0	0.0	0.6712	0.0	0.0	0.0	0.0	0.0	0.0	0.0	0.0	0.0	0.0	1.12749717183	0.0	0.0	0.0	0.0	0.0	0.0	0.0	0.0	0.0	0.0	0.0	0.0	1.12749717183	0.6712	0.0	0.0
TCGA-C8-A1HG	6.21750926842	6.65907400138	0.0	0.0	0.0	0.6265	0.6265	0.0	0.0	0.6265	0.0	0.0	1.06186621605	2.91180023282	0.0	12.3857323804	8.91041566856	7.30023724086	3.56997396165	10.9634622391	0.0	0.6265	3.35681131598	0.0	0.0	0.0	0.0	6.01402926765	10.0059705613	6.70488036665	0.0	0.6265	0.0	0.0	0.0	0.6265	7.78946656191	0.0	0.0	0.0	4.67080912356	0.0	0.0	0.6265	0.0	0.0	0.6265	0.0	1.3958	0.0	0.0	1.66689717339	0.0	4.6396801489	0.0	0.0	0.0	0.0	0.0	2.41970574842	0.0	4.60785386704	0.6265	0.6265	10.7302555863	0.0	0.6265	0.0	13.9208861095	8.78978195184	10.7499709701	8.99279686069	0.0	0.0	0.0	0.0	0.0	0.0	9.07946005438	0.6265	1.06186621605	0.0	4.81712138639	3.7556940761	17.2742585687	4.9499652767	0.0	0.0	0.6265	0.0	0.0	0.0	0.6265	0.0	0.0	0.0	0.0	0.0	0.0	0.0	1.89490485535	0.6265	3.01249372654	2.09186517754	0.6265	6.08511082841	1.06186621605	0.0	5.02415411772	0.0	0.0	0.0	0.0	0.0	0.0	0.0	6.99667658477	6.7995286305	0.6265	0.0	0.0	0.0	1.0619	3.81264953348	15.8525526243	7.72418323629	2.91186543805	5.20518214067	0.0	0.0	0.6265	0.0	0.0	0.0	0.0	5.65781699495	0.0	0.0	1.06186621605	0.0	5.04810944144	0.0	0.0	0.0	0.0	0.0	0.0	0.0	0.0	0.0	2.09186517754	0.0	0.0	6.44164596563	0.0	10.0709093181	1.39588225387	0.0	0.0	0.0	0.0	0.0	0.0	0.6265	0.0	0.6265	0.0	0.0	0.6265	0.6265	0.0	0.0	0.6265	0.0	0.0	0.0	0.0	0.0	0.0	1.89490485535	0.0	0.0	0.0	1.39585545166	0.0	0.0	0.0	1.0619	0.0	0.0	1.0619	0.6265	0.0	0.6265	0.0	0.0	1.39585545166	2.26509255156	0.0	0.0
TCGA-D8-A27H	3.77357891892	6.0007632432	0.0	0.0	0.0	0.0	0.0	0.0	0.0	0.0	0.0	0.0	0.0	3.08178473058	1.14769879347	9.28108268152	8.03241319511	7.48089599737	2.16125033061	11.7703940088	0.0	0.604967542435	0.430067226537	0.0	0.0	0.0	0.0	2.55141116154	8.35205267058	5.20733058657	0.4301	0.0	0.0	0.0	0.0	0.4301	5.3430538634	0.0	0.0	0.0	4.14317870386	0.0	0.0	0.231	0.0	0.0	0.0	0.0	1.91777432633	0.0	0.0	1.70373229273	0.0	2.99020441696	0.0	0.0	0.0	0.0	0.0	0.0	0.0	7.93439607797	1.14770114526	0.0	11.6208243924	0.0	0.0	0.0	14.5743642765	8.24800992245	9.04254149355	8.06270421363	0.0	0.0	0.0	0.604996574148	0.0	0.0	9.91994349609	0.231	1.54107364912	0.0	2.55138438204	2.75068459356	18.0667806238	3.468737847	0.0	0.0	0.231	0.0	0.0	0.0	2.67419908482	0.0	0.0	0.0	0.604967542435	0.0	0.0	0.0	1.02992234285	0.430067226537	2.16118258765	0.231	1.98258447328	6.26130646301	0.430067226537	0.231	4.39020361167	0.0	0.0	0.760990683632	0.4301	0.0	0.0	0.0	6.22159692414	9.15405518598	0.0	0.0	0.0	0.0	0.0	3.5133204214	15.8176220051	3.99399282844	4.14325369691	4.85582329055	0.231	0.430067226537	1.14764701108	0.0	0.0	0.0	0.0	3.53512071621	0.0	0.0	0.0	0.231	3.91318274263	0.0	0.0	0.0	0.0	0.604996574148	0.0	0.0	0.0	0.0	1.0299286674	0.0	0.0	7.6018606337	0.0	10.0948123622	0.9017	0.0	0.231	0.0	0.0	0.0	0.0	2.78738964151	0.0	0.0	0.0	0.0	0.760990683632	0.4301	0.0	0.0	0.430067226537	0.0	0.0	0.0	0.0	0.0	0.0	1.54113003552	0.0	0.0	0.0	0.0	0.0	0.0	0.0	0.0	0.0	0.0	0.231	0.0	0.0	0.0	0.0	0.0	1.02995029198	0.605	0.0	0.0
TCGA-E2-A1BD	4.86653866064	7.80585807355	0.5195	0.0	0.0	0.0	0.283	0.0	0.0	0.0	0.0	0.0	1.05909595619	0.5195	0.0	11.3053996273	9.12617438111	5.79727554708	2.47270227591	10.3340776323	0.0	0.7226	1.20176508817	0.0	0.0	0.0	0.0	4.60905558589	7.82119303265	5.02849788804	0.283	0.283	0.0	0.0	0.0	0.0	7.059709256	0.0	0.0	0.0	5.11229025481	0.0	0.0	0.5195	0.0	0.0	0.519486266168	0.519486266168	2.22773316723	0.0	0.0	1.56095329039	0.0	3.17284300085	0.0	0.0	0.0	0.0	0.0	0.519486266168	0.0	2.58116195672	0.722624031793	0.0	12.2562619244	0.0	0.0	0.0	13.3479735403	8.19109982468	9.50871808817	8.84744221765	0.0	0.0	0.0	0.0	0.0	0.0	8.65538809047	0.283	1.05908650783	0.0	4.44651420015	2.94821400119	17.8347031253	6.15406978149	0.0	0.0	0.0	0.0	0.0	0.0	0.283	0.0	0.0	0.0	0.283	0.0	0.0	0.0	1.05908637205	0.0	1.45083781859	3.2732578071	0.722612101667	7.11261528662	0.0	0.722612101667	5.72224636353	0.0	0.0	0.283	0.0	0.0	0.0	0.0	7.27881957957	7.76191336826	0.0	0.0	0.0	0.283	0.283	2.41528406024	15.3347181963	5.27450056391	3.78512247707	4.44653478731	0.0	0.0	1.45088603623	0.0	0.0	0.0	0.0	3.89429003274	0.0	0.0	1.20186056193	0.283	6.06344152264	0.0	0.0	0.0	0.0	0.0	0.0	0.0	0.0	0.0	2.52797921672	0.0	0.0	5.39830287325	0.283	8.78293778075	1.84816027863	0.0	0.0	0.0	0.0	0.0	0.0	0.9006	0.0	0.0	0.0	0.0	0.519486266168	0.0	0.0	0.0	3.02703743296	0.0	0.0	0.0	0.0	0.0	0.0	0.900625790491	0.0	0.0	0.283	0.519486266168	0.0	0.0	0.0	0.0	0.0	0.0	0.283	0.0	0.0	1.05909595619	0.0	0.0	1.20186056193	0.283	0.283	0.0
TCGA-BH-A1FN	5.53305731268	8.60219090223	0.0	0.0	0.0	0.0	1.58178957775	0.0	0.0	0.0	0.0	0.0	0.446231383523	1.96328001647	0.0	10.4880814429	8.42869661645	8.03715725701	1.89467578043	11.2171717495	0.0	0.626406242833	2.02878868138	0.0	0.0	0.4462	0.0	5.45176713965	8.83069550596	5.51604241293	0.0	0.0	0.0	0.0	0.0	0.2403	6.79910169811	0.0	0.0	0.0	3.90247311022	0.0	0.0	0.930641258218	0.0	0.626378543896	1.06165986694	0.0	1.74665788946	0.0	0.0	1.89467921742	0.0	4.03596357788	0.0	0.2403	0.0	0.0	0.0	0.2403	0.0	4.18710760484	0.6263	0.0	12.2329663604	0.0	0.2403	0.0	12.6322235089	8.54875462006	9.54861534479	9.34378292195	0.2403	0.0	0.0	0.0	0.0	0.0	8.66155286938	0.7865	1.18180772172	0.0	5.67803143075	4.62872658301	18.2151713323	4.54161098132	0.0	0.0	0.0	0.0	0.0	0.0	1.29261780404	0.0	0.0	0.0	1.06165986694	0.2403	0.0	0.0	0.4462	0.446231383523	3.33068912083	0.2403	0.0	8.05003507458	0.446231383523	0.626378543896	4.64972124943	0.0	0.0	0.2403	0.930648075835	0.0	0.0	0.0	6.94837693419	7.00034846627	0.0	0.0	0.2403	0.6263	0.0	3.16567070905	15.8006559875	5.12462438376	2.9114511973	4.5638852485	0.0	0.0	0.626406242833	0.0	0.0	0.0	0.0	4.6907800687	0.0	0.0	0.2403	0.2403	2.6450520289	0.0	0.0	0.0	0.0	0.2403	0.2403	0.0	0.0	0.0	1.89463989694	0.0	0.0	8.9138281282	0.0	9.39393870386	0.4462	0.0	0.446231383523	0.0	0.0	0.0	0.0	2.68627747582	0.0	0.0	0.0	0.0	0.4462	0.446231383523	0.0	0.0	1.74669365524	0.0	0.0	0.0	0.930584467221	0.2403	0.0	1.29265135878	0.2403	0.0	0.0	0.786557111638	0.0	0.0	0.0	0.0	0.0	0.0	0.626406242833	0.0	0.0	0.446231383523	0.0	0.0	1.29268626669	0.446231383523	0.2403	0.4462
TCGA-C8-A138	6.1578052116	7.26240278458	0.0	0.0	0.0	0.0	0.0	0.0	0.0	0.9551	0.0	0.0	2.09948898641	1.26790545951	0.5552	11.95986945	9.27948434904	7.61304999664	2.50933134771	11.3042632044	0.0	0.5552	3.5600197939	0.0	0.5552	0.0	0.0	4.1615609182	8.02793266057	5.58294578608	0.0	0.9551	0.0	0.0	0.0	0.0	7.59210904242	0.0	0.0	0.0	4.64014545225	0.5552	0.0	0.0	0.0	0.0	0.955122788837	0.5552	1.7427198076	0.0	0.0	1.26788711253	0.0	3.61633577426	0.0	0.5552	0.0	0.0	0.0	1.5247	0.0	4.69349790355	0.9551	0.0	10.8712432685	0.0	0.5552	0.0	12.6095623172	8.38468892116	9.56340920487	8.26432411988	0.0	0.0	0.0	0.0	0.0	0.0	9.09744591252	0.5552	0.0	0.0	4.1988939827	3.50148933853	17.6709602385	4.95591282343	0.0	0.0	0.0	0.0	0.0	0.0	1.5247222919	0.0	0.0	0.0	0.5552	0.0	0.0	0.0	1.26788711253	0.0	2.72943957731	0.0	0.0	5.95448615637	0.0	0.0	5.21486115254	0.0	0.0	0.0	0.0	0.0	0.0	0.0	6.84017787117	9.1779735582	0.0	0.0	0.0	0.0	0.955122788837	2.2493185215	15.7226387479	7.32708032072	2.72943957731	4.84250495794	0.0	0.0	2.38513342085	0.0	0.0	0.0	0.0	5.08125399749	0.0	0.0	0.0	0.5552	4.58478215681	0.0	0.0	0.0	0.0	0.0	0.5552	0.0	0.0	0.0	1.93207147579	0.0	0.0	7.58862143437	0.0	10.6463664553	1.52477983985	0.0	0.0	0.0	0.0	0.0	0.0	2.50924865191	0.0	0.0	0.0	0.0	1.5247	0.0	0.0	0.0	1.26790545951	0.5552	0.0	0.0	0.5552	0.0	0.0	0.9551	0.0	0.0	0.0	0.5552	0.0	0.0	0.0	0.0	0.0	0.0	0.9551	0.0	0.0	0.5552	0.0	0.0	1.74279568721	0.5552	0.0	0.0
TCGA-BH-A0BO	4.07089664317	8.3630858605	0.0	0.0	0.0	0.4908	0.0	0.0	0.0	1.14778776797	0.0	0.0	0.4908	0.0	0.0	11.848504009	8.57571161082	6.65386623086	1.77888051966	12.2600688968	0.0	0.85634655091	0.8564	0.0	0.0	0.0	0.0	3.71784479158	7.55951960109	4.95369402012	0.0	0.0	0.0	0.0	0.0	0.0	5.69093558173	0.0	0.0	0.0	4.63867603307	0.0	0.0	0.0	0.8564	0.0	0.0	0.0	1.1478	0.0	0.0	0.4908	0.0	2.64812874463	0.0	0.0	0.0	0.0	0.0	1.14778776797	0.0	2.73851724199	0.0	0.0	11.2754300123	0.0	0.0	0.0	12.1261607637	6.53280045284	7.52179162406	8.67777273375	0.0	0.0	0.0	0.0	0.0	0.0	9.08005210567	0.0	0.4908	0.0	4.32536220488	1.77888907193	17.4742995471	4.81524172469	0.0	0.0	0.0	0.0	0.0	0.0	0.0	0.0	0.0	0.0	0.4908	0.0	0.4908	0.0	0.0	0.0	1.77890871866	0.85634655091	0.0	6.14376472446	0.0	0.4908	5.0626816268	0.0	0.0	0.0	0.0	0.0	0.0	0.0	6.55784575832	7.10831677659	0.0	0.0	0.0	0.0	1.14774409403	2.64811002011	14.8783047605	4.7730866313	4.03561668599	5.19629286968	0.0	0.0	0.4908	0.0	0.0	0.0	0.0	3.36751372797	0.0	0.0	1.14778776797	0.4908	5.33307332153	0.0	0.0	0.0	0.0	0.0	0.0	0.0	0.0	0.0	0.0	0.0	0.0	5.16401965818	0.0	8.38078485276	0.0	0.0	0.0	0.0	0.0	0.0	0.0	1.39010710809	0.0	0.0	0.0	0.0	0.8564	0.0	0.0	0.0	1.77888051966	0.0	0.0	0.0	0.0	0.0	0.0	1.1478	0.0	0.0	0.0	0.4908	0.0	0.0	0.0	0.0	0.0	0.0	0.0	0.0	0.0	0.4908	0.0	0.0	0.85634655091	0.4908	0.0	0.0
TCGA-B6-A1KN	5.9440253142	7.46008076665	0.0	0.0	0.5935	0.0	0.0	0.0	0.0	0.5935	0.0	0.0	2.01923666682	1.33734934288	0.0	12.6674273496	8.62729873226	7.00268451973	2.18985474554	11.3276440696	0.0	0.0	2.48035791988	0.0	0.0	0.5935	0.0	5.62495759559	8.75175752192	5.79334473879	0.5935	0.0	0.0	0.0	0.0	0.0	6.83273286183	0.0	0.0	0.0	4.66842392671	0.0	0.0	0.0	0.0	1.01278737734	0.5935	1.0129	1.60202106504	0.0	0.0	2.01922323444	0.0	3.831123794	0.0	0.5935	0.0	0.0	0.0	2.82934143812	0.0	6.17495413778	0.5935	0.0	13.4556155765	0.0	0.0	0.5935	13.1866542055	8.58200680621	9.31790735554	9.57340669516	0.0	0.0	0.5935	0.0	0.0	0.0	8.62914559227	0.5935	1.60202106504	0.0	5.34690346523	3.83110422918	18.0738175701	5.68329366604	0.0	0.0	0.0	0.0	0.0	0.0	0.0	0.0	0.0	0.0	0.5935	0.0	0.0	0.0	0.0	0.0	1.82565221137	0.0	1.33734934288	6.01389953255	0.0	1.33734934288	5.93205568149	0.0	0.0	0.0	0.0	0.0	0.0	0.0	7.50927008016	7.6028768937	0.0	0.0	0.0	0.0	0.0	3.60840719691	15.8012122165	6.45992810108	2.92905875363	5.69752882829	0.0	0.5935	1.01278737734	0.0	0.0	0.0	0.0	4.38190800909	0.0	0.0	0.5935	1.8257	6.02515725286	0.0	0.0	0.0	0.0	0.0	0.0	0.0	0.0	0.0	1.33725940277	0.0	0.0	6.4346934903	0.0	8.88191738779	1.0129	0.0	0.0	0.0	0.0	0.0	0.0	0.5935	0.0	0.0	0.0	0.0	0.0	0.0	0.0	0.0	0.5935	0.0	0.5935	0.0	0.0	0.0	0.0	1.01278737734	0.0	0.0	0.0	0.0	0.0	0.0	0.0	0.0	0.0	0.0	0.5935	0.0	0.0	0.0	0.0	0.5935	0.0	0.5935	0.5935	0.0
TCGA-D8-A1Y2	3.62898021657	8.97107559793	0.0	0.0	0.0	0.0	0.0	0.0	0.0	0.5596	0.0	0.0	0.0	3.17873210709	0.5596	8.51325268202	8.86071825179	6.31569744602	0.961787063557	12.9431631603	0.0	0.5596	0.0	0.0	0.0	0.5596	0.0	2.74115233295	6.33279716015	5.19128871562	0.5596	0.0	0.0	0.0	0.0	0.0	5.52401744374	0.0	0.0	0.0	4.38548597323	0.0	0.0	0.0	1.2759	0.0	1.27587956757	0.0	1.27587956757	0.0	0.0	1.27587956757	0.0	0.9617	0.0	0.0	0.0	0.0	0.0	0.5596	0.0	2.7411088739	0.0	0.0	13.3427903503	0.0	0.0	0.0	12.0402718096	5.94606242653	8.03391553654	9.20335618322	0.0	0.0	0.0	0.0	0.0	0.0	9.07615169761	0.5596	0.0	0.0	2.39625314911	1.94225037323	18.0927971305	2.3962625848	0.0	0.0	0.0	0.0	0.0	0.0	1.7524	0.0	0.0	0.0	0.0	0.0	0.0	0.0	1.27587956757	0.5596	0.5596	0.0	0.961787063557	5.8426483934	0.0	1.53372507133	4.51072476544	0.0	0.0	0.0	0.0	0.0	0.0	0.0	6.75606644189	7.83865380298	0.0	0.0	0.0	0.0	0.5596	1.53374215973	15.3342886479	5.24635438027	3.25229027184	4.05628672558	0.0	0.0	0.5596	0.0	0.0	0.0	0.0	2.52059483015	0.0	0.0	0.5596	0.0	2.93237256053	0.0	0.0	0.0	0.0	0.0	0.0	0.0	0.0	0.0	0.5596	0.0	0.0	6.37459740925	0.0	8.81136822212	0.5596	0.0	0.0	0.0	0.0	0.0	0.0	0.0	0.0	0.0	0.0	0.0	0.0	0.5596	0.0	0.0	0.0	0.0	0.0	0.0	0.0	0.0	0.0	0.0	0.0	0.0	0.0	0.5596	0.0	0.0	0.0	0.0	0.0	0.0	0.0	0.0	0.0	0.0	0.0	0.0	0.961787063557	0.0	0.5596	0.0
TCGA-D8-A1Y3	6.37093127302	8.9096287665	0.0	0.0	0.0	0.0	0.0	0.0	0.0	0.0	0.0	0.0	0.0	0.0	1.33660507065	11.5281377312	8.9050197076	7.40439942827	2.22067787077	11.3541328517	0.0	0.0	1.5011	0.0	0.0	1.1508	0.0	4.75128794715	8.24627458405	5.43988637318	0.0	0.6872	0.0	0.0	0.0	1.1508	7.07288598672	0.0	0.0	0.0	3.50758142966	0.0	0.0	0.3842	0.0	0.3842	1.33657229944	0.3842	2.69859969579	0.0	0.0	3.20756126737	0.0	3.72288591448	0.0	0.3842	0.0	0.0	0.0	3.78803171851	0.0	5.35637773742	0.0	0.0	13.5738103224	0.0	0.6872	0.0	12.3974243788	8.62971286692	9.09649106905	8.59483422612	0.0	0.0	0.0	0.0	0.3842	0.0	9.36696751305	0.0	2.01826182829	0.0	4.15219058001	3.88065949307	17.0594857825	5.55670210626	0.0	0.0	0.0	0.0	0.0	0.0	0.937563861063	0.0	0.0	0.0	0.937563861063	0.0	0.6872	0.0	1.78278696646	1.15091280873	2.62921356411	0.0	0.0	4.7675670122	0.0	1.78269405053	4.02277413962	0.0	0.0	0.0	0.0	0.0	0.0	0.0	7.89517224262	11.3221558566	0.3842	0.6872	0.3842	0.0	0.0	3.58298612419	14.5276068165	6.22561656134	2.76484082149	6.4686039967	0.3842	0.3842	0.3842	0.0	0.0	0.0	0.0	4.90613081655	0.0	0.0	0.6872	0.937563861063	3.20747936641	0.0	0.0	0.0	0.0	2.62917034035	0.0	0.0	0.0	0.0	0.687304161378	0.0	0.0	7.00934207327	2.01828464577	9.43470008769	1.78277042944	0.0	1.3365660671	0.0	0.0	0.0	0.0	1.3365	0.0	1.50106982504	0.0	0.0	0.3842	0.9376	0.0	0.0	0.3842	0.0	0.0	0.0	0.3842	0.937651428408	0.0	1.64876967805	0.0	0.0	0.0	0.937563861063	0.0	0.0	0.0	0.0	0.0	0.0	0.0	0.0	0.0	0.687304161378	0.3842	0.0	2.22072714789	0.3842	0.0	0.0
TCGA-E9-A1NF	5.03042383934	7.62303542994	0.0	0.0	0.0	0.0	0.3804	0.0	0.0	0.0	0.0	0.0	0.3804	0.3804	0.0	11.5460661187	9.15805253642	6.88353750155	2.54298389191	10.9882641348	0.0	0.3804	3.0429	0.0	0.0	0.0	0.0	4.30069053243	8.14990631856	5.66636952244	0.0	0.6812	0.6812	0.0	0.0	0.0	6.83099466068	0.0	0.0	0.0	5.05680313331	0.0	0.0	0.3804	0.0	0.0	1.63797948526	0.0	2.61576972819	0.0	0.0	1.77143118435	0.0	3.09482130496	0.0	0.0	0.0	0.0	0.0	2.29941999798	0.0	4.16167423722	0.3804	0.0	12.9684727274	0.0	0.3804	0.0	12.3864418768	8.20552242745	9.35172833445	9.14196340576	0.0	0.0	0.0	0.0	0.0	0.0	9.03899694922	0.0	0.3804	0.0	4.3441614467	2.29939101843	18.1519921109	4.68607421523	0.0	0.0	0.0	0.0	0.0	0.0	0.3804	0.0	0.0	0.0	0.0	0.0	0.0	0.3804	1.32692927547	0.0	1.89366096403	0.3804	0.0	6.16202220153	0.0	1.63789001798	5.49354800643	0.0	0.0	0.0	0.0	0.0	0.3804	0.0	7.4395849283	7.89763988926	0.0	0.0	0.0	0.0	0.3804	2.29941999798	14.479908342	4.71949148472	2.98914489473	3.60457545468	0.0	0.0	0.3804	0.0	0.0	0.0	0.0	4.27840222386	0.0	0.0	0.3804	0.0	5.4838788029	0.0	0.6812	0.0	0.0	0.0	0.0	0.0	0.3804	0.0	0.929872893611	0.0	0.0	5.98773927345	1.32692927547	9.21994658739	1.63791181825	0.0	0.0	0.0	0.0	0.0	0.0	2.00623161772	0.0	0.3804	0.0	0.0	0.681139263376	0.929924011841	0.0	0.0	0.681139263376	0.0	0.0	0.0	0.6812	0.0	0.3804	0.3804	0.0	0.0	0.0	0.681139263376	0.0	0.0	0.0	0.0	0.0	0.0	0.3804	0.0	0.0	0.0	0.0	0.0	1.89355337182	0.0	0.3804	0.0
TCGA-D8-A1JB	5.68567790842	6.8846103867	0.0	0.0	0.4441	0.0	0.0	0.0	0.0	1.28805930576	0.0	0.0	0.4441	0.0	0.4441	12.7529317326	8.12942249971	6.55473069007	2.59627653451	11.0325924318	0.0	0.0	3.56252557077	0.0	0.0	0.0	0.0	4.58928093416	8.74457043707	5.45613152676	0.0	0.0	0.4441	0.0	0.0	0.0	6.32753291264	0.0	0.0	0.0	3.56254456348	0.0	0.0	1.48672936332	0.0	0.0	0.7833	0.0	1.81704697648	0.0	0.0	0.783188666452	0.0	3.76739466584	0.0	0.0	0.0	0.0	0.0	1.48672849862	0.0	3.0993925628	0.4441	0.0	12.3709046378	0.0	0.0	0.0	14.1089858703	8.14606980533	8.87763730332	8.55568739443	0.0	0.0	0.0	0.0	0.0	0.0	8.73603832052	0.0	1.28805930576	0.0	3.80510253502	1.81696924252	17.5947097932	4.38043566505	0.0	0.0	0.0	0.0	0.0	0.0	0.4441	0.0	0.0	0.0	0.0	0.0	0.0	0.0	1.28813776603	0.0	1.48672849862	0.7833	0.0	5.90114978543	0.4441	1.05755109143	4.54539622383	0.0	0.0	0.0	0.0	0.0	0.0	0.0	6.7412898374	8.09561010227	0.0	0.0	0.0	0.0	1.48662466677	3.94676128057	16.3419118684	7.09710517307	3.09943951836	4.65271697829	0.0	0.0	1.81707246299	0.0	0.0	0.0	0.0	4.07571591992	0.0	0.0	0.4441	0.0	5.90121182297	0.0	0.7833	0.0	0.0	0.0	0.0	0.0	0.0	0.0	0.0	0.0	0.0	5.59172306816	0.4441	9.40214162989	0.0	0.0	0.0	0.0	0.0	0.0	0.0	0.7833	0.0	0.0	0.0	0.0	1.05755109143	0.0	0.0	0.0	1.28813776603	0.0	0.0	0.0	0.0	0.0	0.0	1.28798084123	0.0	0.0	0.0	0.4441	0.0	0.0	0.0	0.0	0.0	0.0	0.7833	0.0	0.0	0.0	0.0	0.0	0.783188666452	0.783188666452	0.0	0.0
TCGA-D8-A27G	3.8353949202	6.82435158159	0.0	0.2681	0.2681	0.0	0.4941	0.0	0.0	0.4941	0.2681	0.0	0.0	0.689444718077	0.0	9.46732729765	8.69548318835	6.62978599885	1.94826987211	11.6816908474	0.0	0.0	0.8615	0.0	0.0	0.0	0.0	2.40294890434	7.24919469915	5.29245100062	0.0	0.0	0.2681	0.0	0.0	0.0	3.93511188634	0.0	0.0	0.0	4.40728655141	0.4941	0.0	0.2681	7.92251999863	0.0	0.0	0.0	1.78689435628	0.0	0.0	0.4941	0.0	2.28697999745	0.0	0.0	0.0	0.0	0.2681	1.01514395097	0.0	5.89263806822	0.0	0.0	12.3716005872	0.0	0.0	0.0	13.4573425719	6.5088097317	8.37620336341	9.01428504056	0.0	0.0	0.0	0.0	0.0	0.0	8.37528564352	0.6895	1.1540440076	0.0	1.39719856881	1.28073361001	18.3266849184	3.79353991762	0.0	0.0	0.2681	0.0	0.0	0.0	2.0227	0.0	0.0	0.0	0.689444581968	0.2681	0.0	0.0	1.01514395097	0.0	2.45762242096	0.0	0.0	4.08151800708	0.0	0.2681	4.32148489083	0.0	0.0	0.0	0.0	0.0	0.0	0.0	5.76302525442	7.78897177802	0.0	0.0	0.0	0.0	0.689444581968	1.94832694455	16.1398562656	5.59026373162	5.11675265877	3.19683177531	0.0	0.0	0.0	0.0	0.0	0.0	0.0	3.09703560891	0.494099844156	0.0	0.2681	0.2681	3.56364165828	0.0	0.0	0.0	0.0	0.0	0.0	0.0	0.0	0.0	0.689444718077	0.0	0.0	7.14058383817	0.0	8.97385653779	0.8615	0.2681	0.2681	0.0	0.0	0.0	0.0	1.60514859345	0.2681	0.0	0.0	0.0	0.2681	0.2681	0.0	0.0	0.86146595265	0.0	0.0	0.0	0.2681	0.0	0.0	0.6895	0.0	0.0	0.0	0.6895	0.0	0.0	0.0	0.0	0.0	0.0	0.0	0.0	0.0	0.0	0.0	0.0	1.01514384237	0.0	0.0	0.0
TCGA-A2-A1G0	4.11019077074	6.98724781636	0.0	0.0	0.0	0.0	0.0	0.0	0.0	0.3623	0.0	0.0	0.892494422757	0.3623	0.3623	11.4588034505	8.1989451452	6.86896913074	1.58399879987	10.8207147585	0.0	0.0	2.746	0.0	0.0	0.0	0.0	4.24659213878	8.53272649572	5.64659584333	0.0	0.0	0.0	0.0	0.0	0.0	5.68708318369	0.0	0.0	0.0	3.531199801	0.0	0.0	0.0	0.0	0.3623	0.651634722167	0.651634722167	1.0988	0.0	0.0	1.4397157535	0.0	3.21376206925	0.0	0.0	0.0	0.0	0.0	0.0	0.0	3.66708688399	0.0	0.0	11.3473995849	0.0	0.3623	0.0	14.4528639411	7.11158255272	8.16923093242	8.26202903481	0.0	0.0	0.0	0.0	0.0	0.0	8.24856662091	0.0	0.0	0.0	3.42017353738	1.94653001643	17.5240547712	4.62590093159	0.0	0.0	0.0	0.0	0.0	0.0	0.0	0.0	0.0	0.0	0.0	0.0	0.0	0.0	0.892494422757	0.3623	1.94649965274	0.892494422757	0.0	6.33843147147	0.0	0.892494422757	4.41045045539	0.0	0.0	0.6516	0.0	0.0	0.0	0.0	6.58570833163	6.35868642939	0.0	0.0	0.0	0.0	0.3623	1.94649869318	15.8121455663	5.57062137936	3.45813514219	4.03681735817	0.0	0.0	3.38122933573	0.0	0.0	0.0	0.3623	3.38121994186	0.0	0.0	0.0	0.3623	5.27344299236	0.0	0.3623	0.0	0.0	0.0	0.0	0.0	0.0	0.0	1.09886193158	0.0	0.0	5.8742384497	0.0	9.48209313019	0.651634722167	0.0	0.0	0.0	0.0	0.0	0.0	0.8924	0.0	0.0	0.0	0.0	0.0	0.0	0.0	0.0	0.3623	0.0	0.0	0.0	0.0	0.0	0.0	0.892494422757	0.0	0.0	0.0	0.0	0.0	0.0	0.0	0.0	0.0	0.0	0.6516	0.0	0.0	0.3623	0.0	0.0	0.651634722167	0.3623	0.3623	0.0
TCGA-AO-A03V	4.64273507626	6.42916768208	0.0	0.0	0.2208	0.0	0.2208	0.0	0.0	0.994416835604	0.2208	0.0	0.581288935475	0.412249607396	0.412249607396	11.2038649038	9.04009389845	7.43459068772	1.86639764327	11.5286102136	0.0	0.412249607396	3.04906192117	0.0	0.0	0.0	0.0	3.70848629412	7.81546726771	5.16577501165	0.0	0.4123	0.0	0.0	0.0	0.0	4.94345181631	0.0	0.0	0.0	4.5642596023	0.0	0.0	0.581244113063	0.0	0.0	0.869441978415	0.0	1.86634424139	0.2208	0.0	0.412249607396	0.0	2.40601862179	0.0	0.0	0.0	0.0	0.0	0.994486138386	0.0	3.40498843625	1.31524661711	0.0	12.4759178466	0.0	0.0	0.0	12.4722066381	7.10092220179	8.26737679833	8.79731812729	0.2208	0.0	0.0	0.0	0.0	0.0	8.10088945043	0.2208	0.869432917061	0.0	3.63359355297	2.21366234565	17.596957897	5.38142146352	0.0	0.0	0.0	0.0	0.0	0.0	0.0	0.0	0.0	0.2208	0.2208	0.0	0.0	0.2208	0.7325	0.0	2.05040507916	0.5813	0.0	4.9741272278	0.412249607396	1.40805876291	4.78802861107	0.0	0.0	0.2208	0.0	0.0	0.0	0.0	5.44306867949	7.54476561837	0.0	0.0	0.0	0.0	0.0	2.83172720957	14.8353681434	5.55896701602	3.57473280424	3.77973909704	0.0	0.0	0.2208	0.0	0.0	0.0	0.0	3.38223451194	0.0	0.0	0.2208	0.0	6.548682204	0.0	0.581288935475	0.0	0.0	0.0	0.0	0.0	0.0	0.0	0.2208	0.0	0.0	8.2328470279	0.0	10.6602652079	0.869441978415	0.0	0.0	0.0	0.0	0.0	0.0	1.9303640273	0.0	0.0	0.0	0.0	0.0	0.0	0.0	0.0	0.994452478799	0.0	0.0	0.0	0.0	0.2208	0.0	0.732542738608	0.0	0.0	0.0	0.732542738608	0.0	0.0	0.0	0.0	0.0	0.0	0.2208	0.0	0.0	0.581288935475	0.0	0.0	1.79942045841	0.412249607396	0.0	0.0
TCGA-AR-A1AH	5.21479256539	9.09787613621	0.0	0.5737	0.0	0.0	0.0	0.0	0.0	0.0	0.0	0.0	0.0	0.0	0.9831	11.3185900046	6.78004142749	5.92072733884	3.36156431626	9.77654170183	0.0	0.0	1.56236688586	0.0	0.0	0.0	0.0	2.67165858025	10.7048969617	4.94434729857	0.0	0.0	0.0	0.0	0.0	0.0	7.42146421759	0.0	0.0	0.0	3.72342419778	0.0	0.0	0.0	0.9831	0.0	0.983073105835	0.0	2.2948	0.0	0.0	1.5623556807	0.0	4.45931501393	0.0	0.0	0.0	0.0	0.0	0.983073105835	0.0	3.05741771158	0.0	0.0	13.8655636846	0.0	0.0	0.5737	12.6629997272	7.27448112236	8.62070664931	7.65265019355	0.0	0.0	0.0	0.0	0.0	0.0	8.63139422558	0.9831	1.9745113871	0.0	7.07990687499	5.49026596943	16.717240197	7.25618303788	0.0	0.0	0.0	0.0	0.0	0.0	1.30161342496	0.0	0.0	0.0	0.5737	0.0	0.0	0.0	0.5737	0.0	0.5737	0.0	0.0	7.35415376588	0.0	0.983073105835	4.01242410074	0.0	0.0	0.0	0.0	0.0	0.0	0.0	5.19567013288	8.48762199231	0.0	0.0	0.0	0.0	0.983073105835	4.05541604991	13.8194803643	5.1763347277	1.56236688586	5.82449585769	0.0	0.0	1.78307045466	0.0	0.0	0.0	0.0	5.17632390976	0.0	0.0	0.5737	0.0	4.42697433642	0.0	0.0	0.0	0.0	0.0	0.5737	0.0	0.5737	0.0	1.56238488595	0.0	0.0	6.76065445803	0.0	10.4052868971	0.5737	0.0	0.0	0.0	0.0	0.0	0.0	2.1435	0.0	0.0	0.0	0.0	0.0	0.0	0.0	0.0	1.5623556807	0.0	0.0	0.0	0.0	0.0	0.0	2.67165858025	0.0	0.0	0.0	0.0	0.0	0.0	0.0	0.0	0.0	0.0	0.0	0.0	0.0	0.0	0.0	0.0	0.5737	0.5737	0.0	0.0
TCGA-BH-A0HL	4.62066123225	10.7427315655	0.0	0.0	0.0	0.0	0.315576877918	0.1664	0.0	1.37282344117	0.0	0.0	1.97628856214	2.43359593289	0.574486461586	10.8605239397	6.8904464451	8.50076025667	2.29668687097	9.25669254947	0.0	0.315576877918	0.7939	0.0	0.0	0.0	0.0	2.61726134952	8.01829915932	5.90544573586	0.0	0.4509	0.0	0.0	0.0	0.1664	5.7567752124	0.0	0.0	0.0	2.6172978418	0.0	0.0	0.68832886204	0.0	0.1664	0.984243957496	0.0	1.83509661528	0.0	0.0	0.3156	0.0	3.05955070747	0.0	0.0	0.0	0.0	0.0	0.315576877918	0.0	4.86421842621	0.0	0.0	12.3182055573	0.0	0.0	0.0	13.0732306426	7.32715716513	8.8797505307	8.24511631343	0.0	0.0	0.0	0.0	0.0	0.0	7.493036562	0.0	0.892138447291	0.0	2.99465803149	1.73261991782	16.2845770906	6.06419497219	0.0	0.0	0.0	0.0	0.0	0.0	0.1664	0.0	0.0	0.0	0.0	0.0	0.0	0.0	0.1664	0.1664	0.688218777526	0.0	0.1664	4.7960356986	0.0	0.315576877918	2.40052717244	0.0	0.0	0.1664	0.0	0.0	0.0	0.0	6.87094903788	8.09256716116	0.0	0.0	0.0	0.0	0.0	3.05959129847	14.732153408	2.85529320096	2.29660777643	4.01462643696	0.0	0.0	0.0	0.0	0.0	0.0	0.0	6.02137576492	0.5745	0.0	0.1664	0.1664	2.55857888284	0.0	0.3156	0.0	0.0	0.0	0.1664	0.0	0.450784972211	0.0	1.15231893208	0.3156	0.0	6.24719736731	0.3156	9.86296333687	0.1664	0.0	0.0	0.0	0.0	0.0	0.0	3.01656206015	0.0	0.0	0.0	0.0	0.1664	0.3156	0.0	0.0	0.3156	0.0	0.0	0.0	0.0	0.1664	0.0	0.892227801292	0.0	0.0	0.0	0.450784972211	0.0	0.0	0.0	0.0	0.0	0.0	0.0	0.0	0.0	0.0	0.0	0.0	1.9307050522	0.0	0.0	0.0
TCGA-BH-A0DL	5.16114244353	7.75024182482	0.6425	0.0	0.0	0.0	0.0	0.0	0.0	0.0	0.0	0.0	1.08546800312	0.0	1.08546800312	10.8410759249	7.60398309949	8.14844023948	2.59668685917	12.2197751486	0.0	0.6425	1.4239	0.0	0.0	0.0	0.0	4.36704779704	8.408738039	5.50205366365	0.0	0.0	0.0	0.0	0.0	1.4239	6.44015380632	0.0	0.0	0.0	3.39742662809	0.0	0.0	0.0	0.0	0.0	0.6425	0.0	1.69783178597	0.0	0.0	1.69783052833	0.0	3.1463609244	0.0	0.0	0.0	0.0	0.0	1.08546800312	0.0	2.30077646867	0.0	0.0	16.8513571195	0.0	0.0	0.0	13.3413521647	8.10502763813	9.24123447509	8.54714574657	0.0	0.0	0.0	0.0	0.0	0.0	8.76372556955	0.0	1.0854	0.0	4.15625928826	3.23495345318	18.3064357318	3.79733517798	0.0	0.0	0.0	0.0	0.0	0.0	0.0	0.0	0.0	0.0	0.0	0.0	0.0	0.0	0.0	0.6425	0.0	0.0	1.92795688836	6.26181711654	0.0	0.0	4.01321479657	0.0	0.0	0.0	0.0	0.0	0.0	0.0	7.70051947412	7.57454441366	0.6425	0.0	0.0	0.0	1.69774156265	3.23499177286	15.3013735323	7.85181360933	0.6425	4.32726433155	0.0	0.0	0.6425	0.0	0.6425	0.0	0.0	3.85439334327	0.0	0.0	0.0	0.0	3.31848127896	0.0	0.6425	0.0	0.0	0.0	0.0	0.0	0.0	0.0	0.6425	0.0	0.0	5.74778461319	0.0	11.5318052653	0.0	0.0	0.0	0.0	0.0	0.0	0.6425	1.4239	0.0	0.0	0.0	0.0	1.6978	0.0	0.0	0.0	4.94172481132	0.0	0.0	0.0	0.0	0.0	0.0	0.6425	0.0	0.0	0.0	0.6425	0.0	0.0	0.0	0.0	0.0	0.0	0.0	0.0	0.0	0.0	0.0	0.0	1.08546800312	0.0	0.0	0.0
TCGA-A2-A25E	8.12634416858	8.15667016705	0.0	1.4317	0.0	0.0	0.0	0.0	0.0	0.0	0.0	0.0	3.36979272186	1.43169129302	0.0	12.0705744878	8.64069196022	7.43017290754	4.58009237229	10.7637646899	0.0	0.8866	4.16810598927	0.0	0.0	0.8866	0.0	3.77955990412	8.95630424009	5.67479990912	0.0	0.0	0.0	0.0	0.0	0.8866	8.01710308859	0.0	0.8866	0.0	4.41767777891	0.0	0.0	0.8866	0.0	0.0	2.13596946688	0.0	2.7954	0.0	0.0	3.11094412352	0.0	4.23466035994	0.0	0.8866	0.0	0.0	0.0	2.39073116809	0.0	6.42434656281	2.3908	0.0	11.2764150072	0.0	0.0	0.0	11.5421425693	9.07462810138	9.6046594178	10.1868877508	0.0	0.0	0.0	0.0	0.8866	0.0	8.42954002761	0.0	0.0	0.0	3.4836493575	3.86608464056	15.835568647	3.24625026907	0.0	0.0	0.0	0.8866	0.0	0.0	0.0	0.0	0.0	0.0	0.8866	0.8866	0.0	0.0	0.0	1.43169129302	2.96173364083	2.60716716518	0.0	6.01488706733	0.0	0.8866	4.77163267322	0.0	0.0	0.0	0.0	0.0	0.0	0.0	7.30414724209	7.77022057125	0.0	0.0	0.0	0.0	0.0	3.48363722271	13.7911903798	4.90021048451	2.79530601434	4.23465580904	0.0	0.0	1.43169129302	0.0	0.0	0.0	0.0	6.94524770582	0.0	0.0	1.43169129302	0.0	7.03204362928	0.0	0.0	0.0	0.0	1.82637221313	0.0	0.0	0.0	0.0	0.0	0.0	0.0	7.62889878082	0.0	10.2645834587	0.8866	0.0	0.0	0.0	0.0	0.0	0.0	1.8264	0.0	0.0	0.0	0.0	0.0	0.0	0.0	0.0	0.0	0.0	0.0	0.0	0.0	0.0	0.0	0.0	0.0	0.0	0.0	0.0	0.0	0.0	0.0	0.0	0.0	0.0	0.8866	0.0	0.0	0.0	0.0	0.0	1.43169129302	1.43169129302	0.0	0.0
TCGA-BH-A2L8	3.62424584134	5.59653326279	0.4978	0.0	0.0	0.0	0.694316134615	0.0	0.0	0.0	0.2703	0.0	0.2703	0.0	0.0	8.52086350011	8.71447026903	6.61524160457	1.28823240882	10.7527360451	0.0	0.0	0.2703	0.0	0.0	0.2703	0.0	2.35626395525	7.0402453704	5.70871075557	0.4978	0.0	0.0	0.0	0.0	0.497859820078	5.09461991937	0.0	0.0	0.0	4.99563463496	0.2703	0.0	0.497859820078	0.2703	0.0	0.694316134615	0.0	1.16103492049	0.2703	0.0	1.16110923319	0.0	1.40507498271	0.0	0.0	0.0	0.0	0.0	0.867291099007	0.0	3.07329271791	0.694316134615	0.0	10.5458174946	0.0	0.0	0.0	14.0147382047	6.83164541778	8.40990786662	8.3019794313	0.0	0.0	0.0	0.0	0.0	0.0	8.81092854063	0.2703	1.79595982668	0.0	2.88493479016	1.70767387475	18.4218805558	3.84718404272	0.0	0.0	0.0	0.0	0.0	0.0	0.0	0.0	0.0	0.0	1.16110923319	0.0	0.0	0.0	0.0	0.0	2.71430155501	1.16103492049	0.0	5.05048925089	0.867230481202	0.867198485995	4.63798509808	0.2703	0.0	0.0	0.0	0.0	0.0	0.0	6.47530929115	8.25699219183	0.0	0.0	0.0	0.0	0.0	1.95765687418	17.0283822271	7.05369583459	4.60175501078	4.47385854351	0.0	0.0	2.103146055	0.0	0.0	0.0	0.0	4.25781318167	0.0	0.0	0.497859820078	0.0	1.2882	0.0	0.2703	0.0	0.0	0.0	0.2703	0.0	0.0	0.0	0.4978	0.0	0.0	5.30475501711	0.0	7.88814570461	0.6943	0.0	0.0	0.0	0.0	0.0	0.0	0.0	0.0	0.0	0.0	0.0	0.4978	0.0	0.0	0.0	2.10314955033	0.0	0.0	0.0	0.2703	0.4978	0.0	0.867198485995	0.0	0.0	0.0	0.2703	0.0	0.0	0.0	0.0	0.0	0.0	0.0	0.4978	0.0	0.4978	0.0	0.0	1.70770688292	0.0	0.0	0.0
TCGA-EW-A1J3	5.98624358531	7.71052424379	0.0	0.0	0.0	0.0	0.5692	0.0	0.0	0.5692	0.0	0.0	0.0	0.0	0.5692	11.5042177377	8.8317729494	7.50303114661	0.0	11.2197112177	0.0	0.5692	2.65994739557	0.0	0.0	0.0	0.0	3.47984298138	8.52960901196	5.61123310327	0.0	0.0	0.0	0.0	0.0	0.0	7.27429408112	0.0	0.0	0.0	4.27643455392	0.9762	0.0	0.5692	0.0	0.0	0.5692	0.0	3.4159369778	0.0	0.0	1.2934304113	0.0	3.76289262166	0.0	0.0	0.0	0.0	0.0	2.5450871683	0.0	5.42883339369	0.0	0.0	12.2820035385	0.0	0.0	0.0	14.0505291252	8.15681214524	9.79051108168	7.73360190549	0.0	0.0	0.5692	0.0	0.0	0.0	8.4460595066	0.97629119363	1.2933	0.0	4.34670803724	3.41592778252	17.5165900303	5.70781598691	0.0	0.0	0.0	0.0	0.0	0.0	1.2933	0.0	0.0	0.0	0.0	0.0	0.0	0.0	0.0	0.0	1.77331221755	1.2933	0.0	5.66719326335	0.0	1.7733102898	4.59784405484	0.0	0.0	0.0	0.0	0.0	0.0	0.0	7.41174188849	9.46286766788	0.0	0.0	0.0	0.0	0.0	2.66002143853	15.4790828421	6.48396885762	3.34901577097	2.95813938753	0.0	0.0	0.5692	0.0	0.0	0.0	0.0	5.22010243544	0.0	0.0	0.9762	0.0	3.95510948993	0.0	0.0	0.0	0.0	0.9762	0.0	0.0	0.0	0.0	0.5692	0.0	0.0	5.68088855601	0.5692	9.87022433449	0.5692	0.0	0.0	0.0	0.0	0.0	0.0	2.65996713588	0.0	0.0	0.0	0.0	0.5692	0.0	0.0	0.0	1.55320224549	0.0	0.0	0.0	0.0	0.0	0.0	1.2934304113	0.0	0.0	0.0	0.0	0.5692	0.0	0.0	0.0	0.0	0.0	1.2933	0.0	0.0	0.0	0.0	0.0	0.97629119363	0.0	0.0	0.0
TCGA-GM-A3NY	5.02594975952	6.78406694666	0.4931	0.0	0.0	0.0	0.2675	0.0	0.0	2.74518848062	0.0	0.0	2.34336143058	0.0	0.4931	10.7950872897	8.13416114403	6.43243024464	2.83032341148	10.4590898018	0.2675	1.27871297396	0.688123107527	0.0	0.0	0.2675	0.0	4.52385296632	6.80791323508	5.36954033765	0.0	0.0	0.0	0.0	0.0	0.4931	7.02204414871	0.0	0.2675	0.0	4.30337270006	0.0	0.0	0.0	0.0	0.4931	0.2675	0.4930736899	1.69649282804	0.0	0.0	0.688123107527	0.0	3.25658013997	0.0	0.2675	0.0	0.0	0.0	0.2675	0.0	4.00693541042	0.0	0.0	11.9609534407	0.0	0.2675	0.0	12.5254968348	8.16927002248	9.45930053322	8.64946365174	0.2675	0.0	0.0	0.0	0.0	0.0	8.74298496958	0.0	1.27861914771	0.0	3.72514418361	2.55824196899	17.5087456969	6.50869355821	0.0	0.0	0.0	0.0	0.0	0.0	0.4930736899	0.0	0.0	0.0	0.0	0.0	0.0	0.2675	1.01345358852	0.0	2.40019241795	0.859963243002	0.0	7.12040706814	0.2675	1.69645945057	5.61715521271	0.0	0.2675	0.2675	0.0	0.0	0.0	0.0	7.30082404359	8.97391446853	0.0	0.2675	0.0	0.0	0.0	1.86742780355	15.7633647323	5.00778808888	3.45728807487	4.56165734562	0.0	0.0	0.688123107527	0.0	0.0	0.0	0.0	5.23553169104	0.0	0.0	0.0	0.2675	5.83874759918	0.0	0.2675	0.0	0.0	0.2675	0.2675	0.0	0.0	0.0	1.78448816906	0.0	0.0	6.54061198792	0.0	10.0250218185	1.0134	0.0	0.0	0.0	0.2675	0.0	0.0	1.1522	0.0	0.0	0.0	0.0	0.86	0.0	0.0	0.0	1.01345358852	0.0	0.0	0.0	0.0	0.0	0.0	1.3949799347	0.0	0.0	0.0	0.2675	0.0	0.0	0.0	0.0	0.0	0.0	0.2675	0.0	0.0	0.859894981373	0.0	0.0	1.69643832925	0.2675	0.0	0.0
TCGA-E2-A1IK	5.68104504425	9.00017696785	0.257	0.0	0.0	0.0	0.257	0.0	0.0	0.257	0.257	0.0	0.664488092154	1.46201070295	0.0	12.0218320527	8.77722074572	6.76593483255	1.97264345203	10.1562007923	0.0	0.981796811502	2.73433402507	0.0	0.0	0.0	0.0	3.19995251064	7.5500165855	4.90943766083	0.0	0.0	0.0	0.0	0.0	0.0	6.21559373149	0.0	0.0	0.0	5.1181814478	0.257	0.0	0.0	0.0	0.0	0.831874789163	0.0	1.11763837146	0.0	0.0	0.66445882368	0.0	2.96803444329	0.0	0.257	0.0	0.0	0.0	0.475066625697	0.0	3.57524817667	0.0	0.0	8.71437437502	0.0	0.0	0.0	11.796238606	7.34212348709	9.07668411297	8.37117187618	0.0	0.0	0.0	0.0	0.0	0.0	8.50495326618	0.0	0.831874789163	0.0	4.01876356478	2.81651107621	17.1935163642	4.90003556104	0.0	0.0	0.0	0.0	0.0	0.0	2.81649531822	0.0	0.0	0.0	0.0	0.8318	0.0	0.4751	0.257	0.0	1.97258692461	0.257	0.0	5.92284230183	6.31432822503	1.56068405934	4.85218540009	0.0	0.0	0.4751	0.0	0.0	0.0	0.0	6.96140241292	6.99707349764	0.0	0.0	0.257	0.0	0.257	2.40316343477	14.8021001437	6.31076393693	3.57523094803	4.47595729284	0.0	0.0	0.257	0.0	0.0	0.0	0.0	4.46324571376	0.0	0.0	0.257	0.257	5.7558661354	0.0	0.257	0.0	0.0	0.0	0.0	0.0	0.0	0.0	0.981844018673	0.0	0.0	5.98188773805	0.0	9.11621838608	1.56066983549	0.0	0.0	0.0	0.0	0.0	0.0	1.65298608248	0.0	0.0	0.0	0.0	1.24176595258	0.0	0.0	0.0	0.664488092154	0.0	0.0	0.0	0.0	0.0	0.0	1.35610644089	0.0	0.0	0.0	0.475066625697	0.0	0.0	0.0	0.0	0.0	0.0	1.24178556877	0.0	0.0	0.664488092154	0.0	0.0	0.475066625697	0.831874789163	0.0	0.0
TCGA-E2-A10A	5.52136047078	8.42284033916	0.0	0.0	0.0	0.0	0.0	0.0	0.0	1.75721769841	0.0	0.0	2.19232508889	0.3758	0.0	10.6988670096	7.87753339543	7.51644808535	2.44976926274	11.3077354967	0.3758	0.3758	3.47465580589	0.0	0.0	0.0	0.0	4.76470225798	8.33383416209	4.48693571186	0.0	0.0	0.673662925533	0.0	0.0	0.3758	6.79948178172	0.0	0.0	0.0	3.35385870191	0.0	0.0	0.0	0.0	0.0	1.62426120863	0.0	0.673662925533	0.0	0.0	2.91569746168	0.0	3.51276360803	0.0	0.0	0.0	0.0	0.0	1.31480564378	0.0	4.36722512694	0.0	0.0	9.24367144148	0.0	0.0	0.0	13.1370033881	7.74974450357	9.69375667105	9.12260707827	0.3758	0.0	0.0	0.0	0.0	0.0	8.26290951261	0.6736	0.6736	0.0	3.31128150372	2.85771542699	17.5676524869	5.57634296053	0.0	0.0	0.0	0.0	0.0	0.0	0.3758	0.0	0.0	0.0	0.673662925533	0.0	0.0	0.0	0.0	0.673662925533	2.79723343354	3.1270157596	0.0	5.77757739209	0.0	0.920427938233	4.14262428481	0.0	0.0	0.0	0.0	0.673662925533	0.0	0.0	6.12377873615	8.53813319167	0.0	0.0	0.0	0.0	0.0	2.59891984573	14.7201730905	4.40824271008	1.99111297304	3.35391374496	0.0	0.0	0.3758	0.0	0.0	0.0	0.0	5.0108829854	0.0	0.0	0.673662925533	0.0	3.6558733827	0.0	0.0	0.0	0.0	0.0	0.0	0.0	0.0	0.0	0.3758	0.0	0.0	7.18001510048	0.0	9.19471534796	1.3148459905	0.3758	0.0	0.0	0.0	0.0	0.0	0.3758	0.0	0.0	0.0	0.0	0.673662925533	0.3758	0.0	0.0	0.0	0.0	0.3758	0.0	0.0	0.3758	0.0	0.920374905777	0.0	0.0	0.3758	0.3758	0.0	0.0	0.0	0.0	0.0	0.0	0.0	0.0	0.0	0.0	0.0	0.0	1.47784132225	0.0	0.0	0.0
TCGA-GM-A2DM	5.05063782159	8.96832515958	0.0	0.0	0.0	0.0	0.0	0.0	0.0	0.0	0.0	0.0	0.0	1.3326068131	0.0	9.90077565681	7.96753321609	7.73707975054	1.82005891974	10.2253731408	0.0	0.3255	0.3255	0.0	0.0	0.0	0.0	3.8992567357	7.48735123801	6.54504764907	0.0	0.3255	0.0	0.0	0.0	0.590910772283	6.03990927077	0.0	0.0	0.0	3.40842077953	0.0	0.0	0.3255	0.0	0.0	0.3255	0.0	1.47075660014	0.0	0.0	0.590910772283	0.0	2.40675682559	0.0	0.0	0.0	0.0	0.0	2.26196715411	0.0	4.06112172108	1.00889711044	0.0	5.57200445327	0.0	0.3255	0.0	13.7566860382	7.97627221688	9.51009525793	8.82510657209	0.0	0.0	0.0	0.0	0.0	0.0	8.44713766658	0.0	1.47075660014	0.0	3.40846268381	3.68879376305	16.844759789	4.37452148293	0.0	0.0	0.0	0.0	0.0	0.0	2.26199331823	0.0	0.0	0.0	0.814998204916	0.0	0.0	0.0	0.3255	0.0	3.33792390749	0.5909	0.815	3.92350736835	0.0	0.0	2.96971383364	0.0	0.3255	0.0	0.0	0.0	0.0	0.0	6.79900729914	6.90026536929	0.0	0.0	0.0	0.0	0.3255	1.71275439946	15.4413937545	6.14165158298	4.10418131541	3.63107678432	0.0	0.0	0.3255	0.0	0.0	0.0	0.0	6.33948822432	0.0	0.0	0.3255	0.0	1.3326	0.0	0.0	0.0	0.0	0.0	0.0	0.0	0.0	0.0	1.82005604493	0.0	0.0	6.71112425066	0.0	9.02826299948	0.0	0.0	0.0	0.0	0.0	0.0	0.0	1.82004166618	0.0	0.0	0.0	0.0	0.0	0.3255	0.0	0.0	0.5909	0.0	0.0	0.0	0.590910772283	0.0	0.0	1.33261220039	0.0	0.0	0.0	0.0	0.0	0.0	0.0	0.0	0.0	0.0	0.0	0.0	0.0	0.0	0.0	0.0	1.712753436	0.0	0.0	0.0
TCGA-BH-A0E9	4.13358673335	7.61498431445	0.2093	0.0	0.0	0.0	0.2093	0.0	0.0	0.0	0.0	0.0	0.832452700116	0.392047196203	1.06558796525	12.428327137	8.28640001956	6.6662448135	2.19898459249	9.98826383014	0.0	0.2093	3.13875805902	0.0	0.0	0.0	0.0	4.24471092767	7.2435126987	5.14381039819	0.2093	0.0	0.2093	0.0	0.0	0.0	5.01038298526	0.0	0.0	0.0	4.39145623126	0.3921	0.0	0.0	0.7001	0.2093	1.26624778168	0.5543	1.59932160689	0.0	0.0	0.554273810999	0.0	1.80672324775	0.0	0.0	0.0	0.0	0.0	0.832470016826	0.0	2.69276676381	0.2093	0.0	12.1977141858	0.0	0.0	0.0	13.5701877405	7.36056278443	8.25655387701	8.8166440937	0.0	0.0	0.0	0.0	0.0	0.0	8.56388215835	0.953746207448	0.2093	0.0	3.08669009226	1.52296730785	17.6022248785	4.75906844369	0.0	0.0	0.2093	0.0	0.0	0.0	0.554273810999	0.0	0.0	0.0	0.2093	0.0	0.0	0.0	0.2093	0.0	1.74078336301	0.3921	0.392047196203	6.11028175046	0.0	1.52294544861	4.57278956488	0.0	0.0	0.0	0.0	0.0	0.0	0.0	6.81568869759	7.87607256415	0.0	0.0	0.0	0.0	0.832392189102	2.97648381527	16.3994854215	6.01594382716	2.82579068747	4.62852419087	0.0	0.0	1.26624618461	0.0	0.0	0.0	0.0	3.9850226298	0.0	0.0	0.392047196203	0.700069499556	6.56518691274	0.3921	0.700069499556	0.0	0.0	0.0	0.0	0.0	0.0	0.0	1.35700393051	0.0	0.0	5.87333923322	0.0	8.38139348693	0.832480526402	0.0	0.0	0.0	0.0	0.0	0.0	0.700069499556	0.0	0.2093	0.0	0.0	0.3921	0.554273810999	0.0	0.0	0.832452700116	0.0	0.0	0.0	0.2093	0.0	0.0	1.8066808581	0.0	0.0	0.0	0.2093	0.0	0.0	0.0	0.0	0.0	0.0	0.554273810999	0.0	0.0	0.700069499556	0.0	0.0	1.52289399095	0.0	0.0	0.2093
TCGA-AC-A2BM	5.77530235057	9.87058902078	0.9082	0.0	0.0	0.0	0.664051796402	0.0	0.0	0.0	0.0	0.0	3.69841083822	2.50480544683	0.0	9.76166594316	8.12820727013	7.24315835083	1.73890069485	9.9693595247	0.0	0.0	0.3699	0.0	0.0	0.0	0.0	3.66555602289	7.77866020255	6.77371375184	0.0	0.0	0.3699	0.0	0.0	0.3699	5.56878449427	0.0	0.0	0.0	4.38350613107	0.0	0.0	0.664051796402	0.0	0.0	0.664051796402	0.3699	1.85999952117	0.0	0.0	2.26279704336	0.0	3.05411694732	0.0	0.0	0.0	0.0	0.0	0.664051796402	0.0	4.1891846171	0.664051796402	0.0	7.50230276652	0.0	0.0	0.0	11.9827276996	7.01770786361	8.56880537929	8.93116638689	0.0	0.0	0.0	0.0	0.0	0.0	8.66128891612	0.0	1.29939670777	0.0	4.42330470463	1.86004262234	18.4194104078	4.51836012026	0.0	0.0	0.0	0.0	0.0	0.0	0.0	0.0	0.0	0.0	0.664	0.0	0.0	0.0	0.0	0.0	0.664	0.908223319777	0.0	4.5183950258	0.0	0.3699	4.67512405638	0.0	0.0	0.0	0.0	0.0	0.0	0.0	7.59025265304	7.84797751767	0.0	0.0	0.0	0.0	0.0	1.11706531758	16.1741572587	6.23876791896	2.94885481597	5.16089668295	0.0	0.0	1.1170274797	0.0	0.0	0.0	0.0	5.44843694226	0.0	0.0	0.3699	0.664	1.85999697594	0.0	0.0	0.0	0.0	0.0	0.3699	0.0	0.0	0.0	1.60675884578	0.0	0.0	7.37852378102	0.0	9.04731071792	0.664	0.0	0.0	0.0	0.0	0.0	0.0	0.0	0.0	0.0	0.0	0.0	0.0	0.3699	0.0	0.0	0.908223319777	0.0	0.0	0.0	0.0	0.0	0.0	1.11700730218	0.0	0.0	0.0	0.0	0.0	0.0	0.0	0.0	0.0	0.0	0.0	0.0	0.0	0.908223319777	0.0	0.0	1.73896749934	0.0	0.0	0.0
TCGA-C8-A278	6.21361476419	7.57402789565	0.0	0.0	0.0	0.774689249058	0.3068	0.0	0.0	0.559660154703	0.0	0.0	1.27603041321	0.3068	0.3068	12.3342138921	8.77059935387	6.01122785704	2.26031891889	12.3449154234	0.0	1.41064974505	1.1274	0.0	0.0	0.3068	0.0	4.54053061621	9.32837868083	6.31581014546	0.0	1.5338	0.3068	0.0	0.0	0.3068	7.11047285571	0.0	0.0	0.0	3.97176776898	0.0	0.0	0.559660154703	0.0	0.774689249058	0.559660154703	0.0	2.68920049264	0.774689249058	0.0	0.559660154703	0.0	4.07683067709	0.0	0.96183258347	0.0	0.0	0.0	2.32999079689	0.0	5.36738985525	0.5596	0.0	10.9704097687	0.0	0.0	0.0	12.0009833481	8.48025688979	9.56066423953	8.40759368914	0.3068	0.0	0.3068	0.0	0.0	0.0	8.77448721585	0.0	0.0	0.0	4.69367492809	3.76104752438	17.910106985	6.07851760217	0.0	0.0	0.0	0.0	0.0	0.0	0.7747	0.0	0.3068	0.0	0.0	0.0	0.0	0.0	1.41066890449	0.3068	2.74124748932	0.774689249058	0.0	5.56804317552	0.0	0.774689249058	5.3338364128	0.0	0.0	0.0	0.0	0.0	0.0	0.0	7.74471594811	8.28256106236	0.0	0.0	0.0	0.0	1.27599380175	5.30820932956	14.6824425636	6.70140009882	3.01936994958	4.6260663987	0.0	0.0	0.3068	0.0	0.0	0.0	0.0	4.71985177902	0.0	0.0	0.774689249058	0.5596	4.17472205654	0.0	0.0	0.0	0.0	0.3068	0.3068	0.0	0.0	0.0	1.41064503281	0.0	0.0	4.87934084926	1.1274	9.21560813111	1.53378161242	0.0	0.3068	0.0	0.0	0.0	0.0	2.32999431628	0.0	0.0	0.0	0.5596	0.3068	0.5596	0.0	0.0	2.45992015417	0.0	0.0	0.0	0.3068	0.0	0.0	1.85054662131	0.3068	0.0	0.3068	1.6472877805	0.0	0.0	0.0	0.0	0.0	0.0	0.5596	0.0	0.0	0.559660154703	0.3068	0.0	2.26035796591	0.774689249058	0.0	0.0
TCGA-E9-A1QZ	4.38252553305	10.3652378205	0.0	0.0	0.0	0.0	0.0	0.0	0.0	0.367286568322	0.0	0.0	1.01047964834	0.367286568322	0.520858974482	12.4198203098	8.79094719871	6.61212093001	2.29674073662	11.3058140046	0.1953	1.01056429269	0.1953	0.1953	0.0	0.1953	0.0	3.78189641421	8.09920031517	5.40784441465	0.520858974482	0.1953	0.1953	0.0	0.0	0.0	6.27673748186	0.0	0.520858974482	0.0	4.18970505402	0.0	0.0	0.367286568322	0.3672	0.0	0.786343030805	0.3672	1.59889166184	0.0	0.0	1.59898152666	0.0	2.79552816174	0.0	0.0	0.0	0.0	0.0	1.59897710097	0.0	4.35207748859	0.786373643748	0.0	10.7001491845	0.0	0.0	0.0	12.5084580886	6.9242079327	8.16555528923	9.46029325732	0.0	0.0	0.0	0.0	0.0	0.0	8.49195466526	0.0	1.20445966674	0.0	3.21129941194	2.06649273351	17.1567115906	3.4405064043	0.0	0.0	0.0	0.0	0.0	0.0	0.0	0.0	0.0	0.0	0.520858974482	0.0	0.0	0.0	1.79244595848	0.3672	2.20907609988	0.659715897767	0.0	5.90323379423	0.0	1.11079879423	4.26774745035	0.0	0.0	0.0	0.0	0.0	0.0	0.0	7.07914151431	8.31876423351	0.0	0.0	0.0	0.0	0.659786579197	4.01962909366	16.0101969318	6.86087386786	3.75119706202	4.9677739557	0.3672	0.0	1.59895182221	0.0	0.0	0.0	0.0	4.34184114158	0.0	0.0	0.902775434976	0.0	5.5794717975	0.1953	0.1953	0.0	0.0	0.0	0.0	0.0	0.0	0.0	0.786343030805	0.0	0.0	5.54405197226	1.59897063603	8.28563154209	1.7308	0.1953	0.0	0.0	0.0	0.0	0.0	0.9028	0.0	0.0	0.0	0.0	1.0105316648	0.9028	0.0	0.0	2.56757052264	0.0	0.0	0.0	0.0	0.1953	0.0	1.11074708903	0.0	0.0	0.0	0.1953	0.0	0.0	0.0	0.0	0.0	0.0	1.0105	0.0	0.0	1.11079879423	0.0	0.1953	1.792495186	0.1953	0.0	0.0
TCGA-D8-A27W	3.353684111	7.84425154013	0.0	0.0	0.0	0.0	0.2585	0.0	0.0	0.477644812244	0.0	0.0	1.65920041349	3.40802811432	0.2585	9.31018798553	7.6493116513	7.55457082695	1.24709175622	10.5610460753	0.0	0.0	0.477644812244	0.0	0.0	0.0	0.0	3.55980113911	7.15855518873	5.89423770892	0.667849376769	0.2585	0.2585	0.0	0.2585	0.2585	4.61750716424	0.0	0.0	0.0	3.38112888924	0.0	0.0	0.0	2.86375901435	0.2585	0.2585	0.0	1.12254565303	0.0	0.0	0.477644812244	0.0	2.24130048672	0.0	0.2585	0.0	0.0	0.0	0.2585	0.0	5.49663910894	1.12255302221	0.0	13.4340817544	0.0	0.0	0.0	13.7369245251	6.42237249639	8.00272664649	9.25606379838	0.0	0.0	0.0	0.0	0.0	0.0	8.63292068411	0.0	0.667849376769	0.0	2.86379283908	2.41055396101	17.6778737531	3.23843494593	0.0	0.0	0.0	0.0	0.0	0.0	0.0	0.0	0.0	0.0	1.36169674261	0.0	0.0	0.0	0.4776	0.0	1.36162266496	0.0	0.4776	3.91917219382	2.24128533311	0.477644812244	3.48590446133	0.0	0.0	0.4776	0.0	0.0	0.0	0.0	6.35476657707	8.2800162009	0.0	0.0	0.0	0.0	0.2585	1.74614964549	16.9509555963	5.75958933962	3.48586486715	4.07841934321	0.0	0.0	0.0	0.0	0.4776	0.0	0.0	4.25190121976	0.0	0.0	0.0	0.0	2.29993753161	0.0	0.0	0.0	0.0	0.2585	0.0	0.0	0.0	0.0	1.12257431138	0.0	0.0	6.93390293512	0.0	4.02726075708	1.24705633345	0.0	0.0	0.0	0.0	0.0	0.0	0.4776	0.0	0.0	0.0	0.0	0.835838383853	0.0	0.0	0.0	0.4776	0.0	0.0	0.0	0.0	0.2585	0.0	1.36161255555	0.0	0.0	0.2585	0.0	0.0	0.0	0.0	0.0	0.2585	0.0	0.4776	0.0	0.0	0.6678	0.0	0.0	1.24704190235	0.2585	0.0	0.0
TCGA-BH-A1EX	6.17404684021	7.14868696944	0.0	0.0	0.0	0.0	0.0	0.0	0.0	0.4634	0.4634	0.0	1.095085425	3.90820475253	0.4634	11.6426133605	8.82050858863	6.12005591303	2.65595534124	10.6913015683	0.0	1.095085425	1.5329	0.0	0.0	1.0951	0.0	5.92699726438	9.00516233854	5.66152786119	0.0	0.0	0.0	0.0	0.0	0.0	8.53395200875	0.0	0.0	0.0	4.7820402987	1.095085425	0.0	0.0	1.095085425	0.0	2.14036491216	0.0	0.4634	0.0	0.0	2.01081955821	0.0	4.26156230585	0.0	0.0	0.0	0.0	0.0	1.7104091471	0.0	3.38804558039	0.4634	0.0	12.0010642476	0.0	0.0	0.0	14.5323896061	7.90683740924	9.70041565311	8.91856599317	0.0	0.0	0.4634	0.0	0.0	0.0	9.16125792844	0.8135	1.3306441699	0.0	3.94415180903	2.8196383125	17.4594555518	6.50407008286	0.0	0.0	0.0	0.4634	0.0	0.0	0.813586058589	0.0	0.0	0.0	0.813586058589	0.0	0.0	0.0	0.0	0.0	2.56650606371	1.86838806373	0.0	6.23335981285	0.4634	0.4634	5.57245005725	0.0	0.0	0.0	0.0	0.0	0.0	0.0	8.35193436017	8.4316453842	0.0	0.0	0.0	0.0	0.0	3.16252748182	15.44065411	6.47363424919	2.74014121086	4.72118252884	0.813586058589	0.0	0.4634	0.0	0.0	0.0	0.0	5.41489684584	0.0	0.0	0.813586058589	0.0	5.60655658259	0.0	0.0	0.0	0.0	0.0	0.0	0.0	0.0	0.0	1.3306441699	0.0	0.0	6.44883702257	0.8135	9.38038930241	0.813586058589	0.0	0.0	0.0	0.0	0.0	0.0	0.8135	0.0	0.0	0.0	0.0	1.86841132468	0.813586058589	0.0	0.0	4.5912178503	0.0	0.0	0.0	0.0	0.0	0.0	1.53292893533	0.0	0.0	0.0	0.0	0.0	0.0	0.0	0.0	0.0	0.0	0.8135	0.0	0.0	0.4634	0.0	0.0	1.0951562246	1.095085425	0.0	0.0
TCGA-E2-A1IN	5.23967946453	6.53186239827	0.0	0.0	0.0	0.0	0.0	0.0	0.0	0.0	0.0	0.0	1.09792695986	0.0	0.651	10.5901822223	9.20410022141	6.43059217543	1.71413533924	10.554840888	0.0	0.891692744517	3.0230087179	0.0	0.0	0.0	0.0	4.08473186216	8.28319666982	5.02903498424	0.0	0.0	0.0	0.0	0.0	0.0	6.70740826068	0.0	0.0	0.0	5.19544892931	0.3619	0.0	0.3619	0.0	0.0	0.0	0.3619	1.71414489137	0.0	0.0	1.09794160172	0.0	2.74471812938	0.0	0.0	0.0	0.0	0.0	0.891709636428	0.0	3.07271382089	1.83441676213	0.0	12.8181071989	0.0	0.3619	0.0	13.8505565612	7.89277954965	8.40104669351	8.37897144482	0.0	0.0	0.0	0.0	0.0	0.0	8.31063266199	0.8917	0.65098004094	0.0	3.25614698752	1.94537584602	17.8087924129	4.8971902849	0.0	0.0	0.0	0.0	0.0	0.0	0.3619	0.0	0.0	0.0	0.0	0.0	0.0	0.0	0.8917	0.0	1.2784	0.891709636428	0.0	6.98578116882	0.0	1.09795624344	5.59494477092	0.0	0.0	0.0	0.3619	0.0	0.0	0.0	7.2051896343	9.24469726227	0.0	0.0	0.0	0.0	0.651	2.54776691253	15.1084413982	4.5385790018	3.52984762224	3.87638982323	0.0	0.3619	0.65098004094	0.0	0.0	0.0	0.0	3.493796469	0.0	0.0	0.3619	0.0	6.95293137565	0.0	0.3619	0.0	0.0	0.0	0.0	0.0	0.0	0.0	0.891692744517	0.0	0.0	6.30089681741	0.0	9.13844292926	1.09793324889	0.0	0.0	0.0	0.0	0.0	0.0	1.7142	0.0	0.0	0.0	0.0	0.65098004094	0.3619	0.0	0.0	0.3619	0.0	0.0	0.0	0.0	0.0	0.0	0.651	0.0	0.0	0.0	0.0	0.0	0.0	0.0	0.0	0.0	0.0	0.891709636428	0.0	0.0	0.3619	0.0	0.3619	1.58296628296	0.0	0.0	0.0
TCGA-AC-A23H	5.9997062762	6.32926231809	0.0	0.0	0.742418977892	0.0	0.0	0.0	0.0	0.1822	0.0	0.0	0.742455730493	4.03058171671	0.489332963718	12.2617550441	9.9256690146	8.23877702639	2.70446446542	14.5797839446	0.1822	0.742420252704	1.71720805144	0.0	0.0	0.0	0.0	5.21738667352	7.62076457257	6.00275819704	0.0	2.034	0.0	0.0	0.0	0.0	6.46509700933	0.0	0.0	0.0	4.57770720226	0.4893	0.0	0.343948445393	0.0	1.52819019352	0.957678480214	0.0	1.45923733178	0.0	0.0	1.83079243821	0.0	4.30066998516	0.3439	0.489376763656	0.0	0.0	0.0	0.742455730493	0.0	6.7815558801	0.6214	0.0	13.8932683177	0.0	0.3439	0.0	11.0108129474	8.35891842604	8.78805526924	9.62267000152	0.0	0.0	0.3439	0.0	0.0	0.0	8.03545763555	0.0	0.489332963718	0.0	3.48914063633	2.29369191227	18.3623636824	4.90379986473	0.0	0.0	0.0	0.0	0.0	0.0	0.1822	0.0	0.0	0.0	1.23015058883	0.0	0.1822	0.3439	1.14490377294	0.0	1.23013033463	0.0	1.05431434349	4.43239168051	0.0	0.4893	5.22261397817	0.0	0.0	0.0	0.0	0.0	0.0	0.0	7.93984045234	9.89827701713	0.0	0.0	0.0	0.0	0.0	2.54725051029	14.6319325508	4.14478330008	3.22413610154	3.81297549971	0.0	0.3439	1.05432315219	0.0	0.0	0.0	0.0	4.17734070609	0.0	0.0	0.489376763656	0.0	6.12182886114	0.0	0.0	0.0	0.0	0.343948445393	0.1822	0.0	0.0	0.0	0.957671001804	0.0	0.0	6.87553082173	2.47920159859	10.2321113376	1.14486825518	0.0	0.0	0.0	0.0	0.0	0.0	3.45408394618	0.0	0.742418977892	0.0	0.0	0.489332963718	0.0	0.0	0.0	1.23015785798	0.0	0.0	0.0	0.0	0.343948445393	0.0	1.05431582661	0.0	0.0	0.0	0.742492482158	0.0	0.0	0.0	0.0	0.0	0.0	0.343948445393	0.1822	0.0	0.0	0.0	0.0	2.64364227945	0.3439	0.0	0.0
TCGA-BH-A1FM	6.43175621897	7.58880092414	0.0	0.0	0.0	0.0	1.17895893485	0.0	0.0	0.0	0.7067	0.0	3.29990677916	1.1789	0.0	11.5803197084	8.72308468429	6.89718621834	3.29995895205	12.3415310973	0.0	1.53416124998	3.47418086895	0.0	0.0	0.0	0.0	3.83525765178	8.12138124493	5.75732349217	1.53416124998	0.0	0.0	0.0	0.0	0.0	7.16836018731	0.0	0.0	0.0	4.94045230703	0.7067	0.0	1.53411517728	0.0	0.0	1.53411517728	0.0	1.81888398411	0.0	0.0	2.26067661001	0.0	5.70588510178	0.0	0.0	0.0	0.0	0.0	1.17895893485	0.0	5.08182697295	0.7067	0.0	10.865878524	0.0	0.0	0.0	12.3048764984	7.54063163401	9.42897833638	8.66807908216	0.0	0.0	0.0	0.0	0.0	0.0	8.47145016645	0.0	0.0	0.0	5.37336219415	3.6296000764	18.2559772945	4.40777384411	0.0	0.0	0.7067	0.0	0.0	0.0	0.0	0.0	0.0	0.0	0.7067	0.0	0.0	0.0	0.7067	0.0	3.38966545843	0.0	0.7067	7.12982845853	0.0	0.0	5.51968485907	0.0	0.0	0.0	0.0	0.0	0.0	0.0	7.12983095388	10.35466542	0.0	0.0	0.7067	0.7067	0.0	2.26070445389	14.8357264849	3.83522624194	3.38970176724	3.76990030099	0.0	0.0	0.7067	0.0	0.0	0.0	0.0	3.10176933398	0.0	0.0	1.5341	0.0	5.61581623503	0.0	0.0	0.0	0.0	0.7067	0.0	0.0	0.0	0.0	0.7067	0.0	0.0	7.88728533617	0.0	9.83053301722	0.0	0.7067	0.0	0.0	0.0	0.0	0.0	2.2607	0.0	0.0	0.0	0.0	0.0	0.0	0.0	0.0	0.0	0.0	0.0	0.0	0.0	0.7067	0.0	0.0	0.0	0.0	0.0	0.7067	0.0	0.0	0.0	0.0	0.0	0.0	0.0	0.0	0.0	0.0	0.0	0.0	2.43945672176	0.0	0.0	0.0
TCGA-A2-A1FW	6.26835534701	6.27774460873	0.3242	0.0	0.5887	0.0	0.0	0.0	0.0	0.588747024054	0.0	0.0	1.59245129333	2.00840059045	0.0	11.9218920627	8.18347541852	7.78584877578	1.70818649653	12.4106796574	0.0	0.5887	2.86758744886	0.0	0.0	0.0	0.0	6.28242166027	8.3307060989	5.8182599823	0.0	1.1761	0.3242	0.0	0.0	0.0	6.0165536288	0.0	0.3242	0.0	4.01038577602	0.3242	0.0	0.588747024054	0.0	0.0	0.588747024054	0.3242	1.00556907527	0.0	0.0	0.812178640731	0.0	4.38562628946	0.0	0.0	0.0	0.0	0.0	0.588747024054	0.0	4.31432882644	1.8153482652	0.0	11.3503820575	0.0	0.0	0.0	13.9479547863	8.28602737988	9.46540796851	9.27021230885	0.0	0.0	0.0	0.0	0.0	0.0	8.49789950843	0.0	2.00839475713	0.0	4.07651935025	2.70986646063	17.9426934193	5.45379423858	0.0	0.0	0.0	0.0	0.0	0.0	0.0	0.0	0.0	0.0	0.588747024054	0.0	0.0	0.0	0.812178640731	0.0	2.17859572706	2.53271957066	0.0	5.23960566988	0.0	0.812218916821	4.40290058997	0.0	0.0	0.588747024054	0.0	0.0	0.0	0.0	7.24703604923	7.79894350586	0.0	0.0	0.0	0.0	1.17619574164	2.81687146769	15.0648352895	5.6903600918	2.46856091595	3.50201188399	0.0	0.3242	1.17616444642	0.0	0.0	0.0	0.0	4.62533448509	0.0	0.0	0.0	0.0	5.11932436385	0.3242	0.0	0.0	0.0	0.0	0.0	0.0	0.0	0.0	0.3242	0.0	0.0	6.19085461861	0.0	9.41732787752	0.812178640731	0.0	0.0	0.0	0.0	0.0	0.0	1.5924	0.0	0.3242	0.0	0.0	0.5887	0.0	0.0	0.0	1.00567306862	0.0	0.0	0.0	0.0	0.3242	0.0	1.17616444642	0.0	0.0	0.0	0.0	0.0	0.0	0.0	0.0	0.0	0.0	0.0	0.0	0.0	0.588747024054	0.0	0.0	1.32870494993	0.588747024054	0.0	0.0
TCGA-D8-A141	5.09760711842	7.76193826893	0.0	0.0	0.0	0.0	0.407	0.0	0.0	0.0	0.0	0.0	0.0	0.407	0.0	11.2086091396	9.07856483662	6.76209586734	1.7142	11.3842099478	0.0	0.0	3.14092880462	0.0	0.0	0.0	0.0	3.47276717924	7.78981176875	5.41661889412	0.0	0.0	0.0	0.0	0.0	0.724084013558	6.22831548916	0.0	0.0	0.0	5.1906526104	0.407	0.0	0.0	0.0	0.0	0.407	0.0	1.71418993533	0.0	0.0	1.56332838326	0.0	3.08668908006	0.0	0.0	0.0	0.0	0.0	1.56337533935	0.0	3.77705408264	0.0	0.0	12.3771996472	0.0	0.0	0.0	13.5292292871	7.54999484975	8.85006815416	8.90601370452	0.0	0.0	0.0	0.0	0.0	0.0	8.81713368549	0.0	0.407	0.0	3.19328993759	1.56337533935	18.2729566927	4.13913044298	0.0	0.0	0.0	0.0	0.0	0.0	0.407	0.0	0.0	0.0	0.0	0.0	0.0	0.0	0.724084013558	0.0	3.77713066437	0.407	0.0	5.6776764303	0.0	0.407	5.5827779953	0.0	0.0	0.0	0.0	0.407	0.0	0.0	6.29571585787	8.80244593988	0.0	0.0	0.0	0.0	0.724084013558	2.55778821073	15.3881516118	7.37131657031	3.38552515993	4.13911731638	0.0	0.0	0.0	0.0	0.0	0.0	0.0	4.36126562227	0.0	0.0	0.0	0.407	5.43841977165	0.0	0.407	0.0	0.0	0.0	0.407	0.0	0.0	0.0	0.724084013558	0.0	0.0	6.05531762892	0.407	9.32060588481	0.983809803891	0.0	0.0	0.0	0.0	0.0	0.0	1.9756	0.0	0.0	0.0	0.0	0.0	0.0	0.0	0.0	0.0	0.0	0.0	0.0	0.0	0.0	0.0	0.983879972185	0.0	0.0	0.0	0.0	0.0	0.0	0.0	0.407	0.0	0.0	0.724	0.407	0.0	0.0	0.0	0.0	1.56330822945	0.0	0.0	0.407
TCGA-AR-A2LN	4.24986142133	5.73890983781	0.1627	0.0	0.1627	0.0	0.967217239514	0.0	0.0	0.563148151398	0.441632508988	0.0	0.441635311757	0.0	0.0	9.2679374261	8.83116961568	6.98393010766	1.7084644796	9.78304058761	0.0	0.3089	0.1627	0.0	0.0	0.0	0.0	2.77593180765	7.01752486615	5.53861397897	0.0	0.0	0.0	0.0	0.0	0.308896927127	4.34611253566	0.0	0.0	0.1627	4.99627531577	0.4416	0.0	0.675249140703	0.1627	0.0	0.0	0.4416	0.967219186534	0.0	0.0	0.563180610023	0.0	1.05272793666	0.0	0.0	0.0	0.0	0.0	1.28247282958	0.0	4.00370254504	0.308896927127	0.0	9.96703628544	0.0	0.0	0.0	14.4095991095	7.20659567729	7.62912253874	8.73544775123	0.0	0.0	0.1627	0.0	0.0	0.0	8.71301510655	0.0	1.41753887984	0.0	1.85845337107	0.96718000213	17.4037654163	2.80089624135	0.0	0.0	0.0	0.0	0.0	0.0	0.1627	0.0	0.0	0.0	0.0	0.0	0.0	0.0	0.563148151398	0.0	2.52981428958	0.3089	0.308896927127	4.41235017418	0.1627	0.779289857931	4.6226549118	0.0	0.1627	0.0	0.0	0.1627	0.0	0.0	5.94584682489	7.76121356524	0.0	0.0	0.0	0.0	0.563178033711	1.5989871549	17.515316109	4.76881683952	4.93569273529	4.39608741203	0.0	0.0	0.0	0.0	0.0	0.0	0.0	5.55699647097	0.0	0.0	0.0	0.0	3.91512487368	0.0	0.0	0.0	0.0	0.3089	0.1627	0.0	0.0	0.0	2.2328334386	0.0	0.0	5.14970215665	0.0	8.35686520097	1.05270985428	0.0	0.0	0.0	0.0	0.0	0.1627	0.441635311757	0.0	0.1627	0.0	0.1627	0.5632	0.0	0.0	0.0	0.876275343699	0.0	0.0	0.0	0.0	0.0	0.0	1.13343487831	0.0	0.0	0.1627	0.308896927127	0.0	0.0	0.0	0.0	0.0	0.0	0.1627	0.0	0.0	0.0	0.0	0.1627	0.779289857931	0.4416	0.0	0.0
TCGA-BH-A18S	5.63527397919	8.84638317479	0.0	0.0	0.0	0.0	0.0	0.0	0.0	0.3876	0.0	0.0	0.692811580232	0.944667316372	0.0	11.9923863798	6.76259104671	6.82274415542	1.65889645192	10.0035724171	0.0	0.692811580232	1.3455	0.0	0.0	0.3876	0.0	4.69869823119	8.03052041277	5.3815717763	0.0	0.0	0.0	0.0	0.0	0.3876	6.32589162296	0.0	0.0	0.0	2.7775184881	0.3876	0.0	0.0	0.0	0.3876	1.1589576004	0.0	1.79325998597	0.3876	0.0	1.34553333171	0.0	4.03672297735	0.0	0.0	0.0	0.0	0.0	2.71116268497	0.0	4.00939755003	0.692811580232	0.0	11.8617049829	0.0	0.3876	0.0	13.0145221651	8.08225677702	8.7117974309	9.77450244894	0.0	0.0	0.0	0.0	0.0	0.0	8.36047297927	0.0	1.1589576004	0.0	4.19077708848	0.944667316372	17.0378167254	6.62967781972	0.0	0.0	0.0	0.0	0.0	0.0	2.71113234702	0.0	0.0	0.0	0.3876	0.0	0.0	0.0	0.3876	0.0	0.692811580232	0.3876	0.0	5.29365700301	0.3876	0.944667316372	3.70286710809	0.3876	0.0	0.0	0.0	0.0	0.0	0.0	7.26288269677	8.64453047216	0.0	0.0	0.0	0.0	0.0	3.35717972974	13.3833883275	4.37350553008	0.0	4.79792373719	0.0	0.0	0.0	0.0	0.0	0.0	0.3876	4.23871534717	0.0	0.0	0.3876	0.0	4.21495645282	0.0	0.0	0.0	0.0	0.0	0.0	0.0	0.0	0.0	0.9447	0.0	0.0	5.39223708923	0.0	9.28391991338	0.3876	0.3876	0.0	0.0	0.0	0.0	0.0	1.159	0.0	0.0	0.0	0.0	0.3876	0.0	0.0	0.0	0.6929	0.0	0.0	0.0	0.3876	0.3876	0.0	0.692811580232	0.0	0.0	0.0	0.692811580232	0.0	0.0	0.0	0.0	0.0	0.0	0.3876	0.0	0.0	0.0	0.3876	0.0	2.13442866721	0.0	0.0	0.0
TCGA-BH-A0HN	5.01157922143	10.7336134903	0.0	0.0	0.0	0.1753	0.1753	0.0	0.0	0.0	0.0	0.0	0.827868438094	0.92916666738	0.1753	10.120169432	7.12636009579	7.71413112539	2.79523935262	8.99151276028	0.0	0.331588720366	0.9291	0.0	0.0	0.0	0.0	4.1319675841	7.74229118973	6.08550787891	0.0	0.1753	0.1753	0.0	0.0	0.3315	7.25520912528	0.0	0.0	0.0	3.82529163502	0.1753	0.0	0.1753	0.0	0.600954184787	1.11270253424	0.0	2.39571855266	0.0	0.0	1.35055448528	0.0	3.21203060787	0.0	0.0	0.0	0.0	0.0	2.74056368815	0.0	4.38483018165	0.60088057527	0.0	12.0152000514	0.0	0.0	0.0	14.4394177475	8.04990809314	9.92733478524	9.0354659925	0.0	0.0	0.0	0.0	0.0	0.0	7.42960820284	0.4725	1.02390120075	0.0	3.50242985045	2.12378773945	16.7421806077	6.73681268522	0.0	0.0	0.0	0.0	0.0	0.0	0.7188	0.1753	0.0	0.0	0.1753	0.0	0.0	0.0	0.4725	0.0	1.94174631141	1.42174816356	0.0	4.95261081571	0.0	0.0	3.9984417158	0.0	0.0	0.0	0.0	0.0	0.0	0.0	6.61471150088	8.56330429699	0.0	0.0	0.0	0.0	0.331588720366	4.18418204525	13.7392100372	4.80712108731	2.79521466533	3.67285510317	0.0	0.0	0.3315	0.0	0.0	0.0	0.0	5.9198781564	0.0	0.0	0.718817742997	0.3315	5.13332693459	0.0	0.1753	0.0	0.0	0.0	0.0	0.0	0.0	0.0	1.61668669015	0.0	0.0	6.15247436662	0.0	9.67039237941	0.718817742997	0.0	0.0	0.0	0.0	0.0	0.0	1.5545912635	0.0	0.0	0.0	0.0	0.929171833261	0.0	0.0	0.0	0.1753	0.0	0.0	0.0	0.0	0.0	0.0	0.929193271163	0.0	0.0	0.0	0.1753	0.0	0.0	0.0	0.1753	0.0	0.0	0.1753	0.0	0.0	0.0	0.0	0.0	1.55464096672	0.1753	0.1753	0.0
TCGA-AR-A24K	2.55518535279	9.42269657134	0.0	0.0	0.0	0.0	0.0	0.0	0.0	0.0	0.0	0.0	0.3148	0.0	0.0	6.10935026032	7.6700122765	7.33514148482	1.15006212445	11.3181704362	0.0	0.0	0.3148	0.0	0.0	0.0	0.0	3.25329319826	5.35739235588	3.63945041175	0.0	0.0	0.0	0.0	0.0	0.0	5.10478053036	0.0	0.0	0.0	3.9207362802	0.0	0.0	0.0	0.0	0.0	0.0	0.0	1.4367315086	0.0	0.0	1.88063997938	0.0	1.67566549732	0.0	0.0	0.0	0.0	0.0	0.98214138019	0.0	2.92308547465	0.0	0.0	13.0163393843	0.0	0.0	0.0	11.4015743597	4.62384194337	7.68550190487	8.72085137349	0.0	0.0	0.0	0.0	0.0	0.0	6.71606439621	0.0	0.3148	0.0	1.97329674595	0.3148	16.7881224842	3.61092146196	0.0	0.0	0.0	0.0	0.0	0.0	0.0	0.0	0.0	0.0	0.0	0.0	0.0	0.0	0.0	0.0	0.3148	0.573062701177	0.0	3.63948224622	0.0	0.0	2.67020986545	0.0	0.0	0.0	0.0	0.0	0.0	0.0	3.8972933239	8.40519366629	0.0	0.0	0.0	0.0	0.3148	0.0	13.3188931782	2.29331809232	3.13816183032	3.05591121408	0.0	0.0	0.3148	0.0	0.0	0.3148	0.0	2.92303501324	0.0	0.0	0.0	0.0	1.30052934607	0.0	0.0	0.0	0.0	0.0	0.3148	0.0	0.0	0.0	0.0	0.0	0.0	5.52721714071	0.5731	9.20627135174	0.982168448693	0.0	0.0	0.0	0.0	0.0	0.0	0.0	0.0	0.0	0.0	0.0	0.573062701177	0.3148	0.0	0.0	0.0	0.0	0.0	0.0	0.0	0.573062701177	0.0	1.15008621881	0.0	0.0	0.0	0.0	0.0	0.0	0.0	0.0	0.0	0.0	0.0	0.0	0.0	0.0	0.0	0.3148	0.0	0.0	0.0	0.0
TCGA-C8-A12L	5.80363575357	6.83948683452	0.0	0.0	0.0	0.0	0.4657	0.0	0.0	0.0	0.0	0.0	1.0995	1.33559267562	0.0	10.8592896108	8.2669607754	6.765629274	1.71617980557	13.1561523767	0.0	0.0	3.22972352005	0.0	0.0	0.4657	0.0	4.5295271919	7.71259390182	5.54576214523	0.0	0.4657	0.4657	0.0	0.0	0.4657	6.31243163114	0.0	0.4657	0.0	3.2871335906	0.0	0.0	0.4657	0.0	1.0995	0.8171	0.0	3.49638208189	0.0	0.0	3.04233042897	0.0	3.34238809271	0.0	0.0	0.0	0.0	0.0	3.34239470916	0.0	4.02130086983	0.0	0.0	15.0278623611	0.0	0.0	0.0	12.6326071784	8.28646403528	9.50519279885	9.02618740641	0.0	0.0	0.0	0.0	0.0	0.0	8.63916017598	0.4657	0.4657	0.0	3.63553041544	4.48112901137	18.5017396375	5.44845919184	0.0	0.0	0.0	0.0	0.0	0.0	0.0	0.0	0.0	0.0	0.4657	0.0	0.0	0.0	1.87441372688	0.4657	0.817193045246	0.4657	1.3356	4.35252153024	0.817193045246	0.4657	3.987044446	0.0	0.0	0.0	0.4657	0.0	0.0	0.0	7.55784501028	9.66609055245	0.0	0.0	0.0	0.4657	0.0	4.18130673512	14.9555962659	5.69113637663	2.26591489638	4.80979345708	0.0	0.4657	0.0	0.0	0.0	0.0	0.0	4.84845582442	0.0	0.0	0.0	0.0	5.53393984809	0.0	0.0	0.0	0.0	1.09952959679	0.0	0.0	0.0	0.0	2.14680809931	0.0	0.0	4.52948124595	0.0	9.29295341735	0.0	0.0	0.0	0.0	0.0	0.0	0.0	0.0	0.0	0.0	0.0	0.4657	0.4657	0.0	0.0	0.0	3.54431266779	0.0	0.0	0.0	0.0	0.4657	0.0	0.817193045246	0.0	0.0	0.0	0.817193045246	0.0	0.0	0.0	0.0	0.0	0.0	0.817193045246	0.0	0.0	0.0	0.0	0.0	1.71622969985	0.0	0.0	0.0
TCGA-BH-A18T	5.22477858242	7.09353231356	0.0	0.0	0.0	0.0	0.0	0.0	0.0	0.0	0.0	0.0	0.0	0.0	6.40448690559	11.3451343348	7.50111778621	6.03567716363	0.0	10.7797307049	0.0	0.0	0.9335	0.0	0.0	0.0	0.0	4.77545915876	8.80071919437	5.64773285349	0.0	0.0	0.0	0.0	0.0	1.4956	8.02414021016	0.0	0.0	0.0	3.68130529703	0.9335	0.0	0.0	0.0	0.0	0.9335	0.0	3.68128603998	0.0	0.0	2.69142747682	0.0	4.19285101462	0.0	0.0	0.0	0.0	0.0	5.29337144823	0.0	0.9335	0.0	0.0	12.5204771944	0.0	0.0	0.0	13.1534840561	7.8977305556	8.98296654387	8.86968116768	0.0	0.0	0.0	0.0	0.0	0.0	8.55760676168	1.8991	0.0	0.0	6.03567462321	5.86600676643	16.4340907223	5.51048191364	0.0	0.0	0.0	0.0	0.0	0.0	0.9335	0.0	0.0	0.0	0.0	0.0	0.0	0.0	0.0	0.0	0.0	0.0	0.0	4.95544774401	0.0	0.9335	3.78016556804	0.0	0.0	0.0	0.0	0.0	0.0	0.0	6.24052854402	7.31581383221	0.0	0.0	0.0	0.0	0.0	4.67621631866	14.024819136	5.93199114649	2.88152819487	5.48138017515	0.0	0.0	0.9335	0.0	0.0	0.0	0.0	5.03766809198	0.0	0.0	0.0	0.0	5.88838392409	0.0	0.9335	0.0	0.0	0.0	0.0	0.0	0.0	0.0	0.9335	0.0	0.0	6.03570138687	0.0	9.6304845462	0.9335	0.0	0.0	0.0	0.0	0.0	0.0	2.4724	0.0	0.0	0.0	0.0	0.0	0.0	0.0	0.0	0.9335	0.0	0.0	0.0	0.0	0.9335	0.0	0.0	0.0	0.0	0.0	0.0	0.0	0.0	0.0	0.0	0.0	0.0	0.0	0.0	0.0	0.0	0.0	0.0	0.9335	0.9335	0.0	0.0
TCGA-E2-A14S	4.19676397679	10.0009393545	0.0	0.0	0.0	0.0	0.0	0.0	0.0	0.453	0.0	0.0	2.53492870518	0.0	0.453	13.1246987931	6.84070760672	7.99737865193	2.44007990737	10.2856655673	0.0	0.0	2.53494124965	0.0	0.0	0.0	0.0	3.67855011905	8.75809059809	6.3731641924	0.0	0.453	0.453	0.0	0.0	0.0	6.1664450065	0.0	0.0	0.0	3.06658901845	0.0	0.0	0.0	0.0	0.0	0.453	1.075	2.33847401055	0.0	0.0	1.50809104777	0.0	4.78449842214	0.0	0.0	0.0	0.0	0.0	1.07492261124	0.0	4.99939642297	0.0	0.0	12.5403579058	0.0	0.0	0.0	13.1854933445	8.14193493841	9.84362113586	7.89598131006	0.0	0.0	0.0	0.0	0.0	0.0	8.63771305936	0.453	0.453	0.0	5.73828798559	3.63642928917	17.3494953381	5.37775074553	0.0	0.0	0.0	0.453	0.0	0.0	3.54815171843	0.0	0.0	0.0	0.453	0.0	0.0	0.0	0.7972	0.453	1.84089742	1.075	0.0	6.83604629311	0.0	0.453	3.45412856451	0.0	0.0	0.0	0.0	0.0	0.0	0.0	7.24675906038	8.58045214742	0.0	0.0	0.0	0.0	0.0	3.18834194183	14.8076602647	5.95108156094	1.50818582057	5.98510736521	0.453	0.0	0.7972	0.0	0.0	0.0	0.0	4.50871723442	0.0	0.0	0.0	0.0	5.3388507468	0.0	0.0	0.0	0.0	0.0	1.075	0.0	0.0	0.0	0.797235178259	0.0	0.0	6.36676845271	0.0	8.76911000799	0.7972	0.0	0.0	0.0	0.0	0.0	0.0	2.11106764901	0.0	0.453	0.0	0.0	0.0	0.453	0.0	0.0	1.07492261124	0.0	0.0	0.0	0.0	0.453	0.0	1.84079643962	0.0	0.0	0.0	0.797235178259	0.0	0.0	0.0	0.0	0.0	0.0	1.07492261124	0.0	0.0	0.0	0.0	0.0	2.11102549409	0.453	0.453	0.0
TCGA-GM-A2DN	4.65788167058	6.05975776067	0.0	0.0	0.0	0.0	0.0	0.0	0.0	0.0	0.0	0.0	0.0	0.0	0.4344	10.501853341	8.63934500143	6.16945545625	1.93018244047	10.6752578218	0.0	0.0	1.26632887977	0.0	0.0	0.4344	0.0	4.3452111962	7.70985821239	5.10353981356	0.4344	0.4344	0.4344	0.0	0.0	0.0	5.48936248754	0.0	0.0	0.0	3.73309744651	0.0	0.0	0.7679	0.0	0.0	0.7679	0.0	2.17427782139	0.0	0.0	0.7679	0.0	2.64857391287	0.0	0.0	0.0	0.0	0.0	0.4344	0.0	3.39052960982	0.4344	0.0	9.56377606538	0.0	0.0	0.0	13.2920039854	7.57278998005	9.59291116886	8.84181236203	0.0	0.0	0.0	0.0	0.0	0.0	9.20687011314	0.0	1.03853316983	0.0	3.52868018044	2.28245144638	17.817368855	4.51001907244	0.0	0.0	0.0	0.0	0.0	0.0	0.0	0.0	0.0	0.0	0.767822075097	0.0	0.0	0.4344	1.2663	0.0	1.03853316983	1.46298798596	0.4344	5.84726668385	0.0	1.26632887977	5.10348266287	0.0	0.0	0.0	0.0	0.0	0.0	0.0	7.56745122373	7.98263711015	0.0	0.0	0.0	0.0	1.46296505441	1.26632887977	17.2960074394	7.92743017612	4.18722617295	4.81021187189	0.0	0.7679	0.767822075097	0.0	0.0	0.0	0.0	3.80742887898	0.0	0.0	1.26632887977	0.0	3.06670678453	0.0	0.0	0.0	0.0	0.0	0.0	0.0	0.0	0.0	1.46301318507	0.0	0.0	5.50055108625	0.0	8.22719840331	1.03853316983	0.0	0.0	0.0	0.0	0.0	0.0	1.26630055482	0.0	0.0	0.0	0.0	1.26630055482	0.0	0.0	0.0	0.767822075097	0.0	0.0	0.0	0.0	0.0	0.0	1.79057623063	0.0	0.0	0.0	0.0	0.0	0.0	0.0	0.0	0.0	0.0	0.0	0.0	0.0	0.0	0.0	0.0	0.767822075097	0.767822075097	0.0	0.0
TCGA-D8-A27K	3.83577029572	6.26386019984	0.2928	0.0	0.2928	0.0	0.0	0.0	0.0	0.0	0.0	0.0	0.536083737617	0.5362	0.0	9.81462464263	8.41674277482	6.96062550676	1.8877599381	9.59716125811	0.0	0.2928	1.3648	0.0	0.0	0.0	0.0	3.03593785936	7.45278400259	5.48095690199	0.0	0.2928	0.0	0.0	0.0	0.744201138007	5.20101362395	0.0	0.0	0.0	4.26523321744	0.2928	0.0	0.0	0.0	0.0	0.9262	0.2928	1.97296744783	0.0	0.0	1.36476414114	0.0	2.053409205	0.0	0.0	0.0	0.0	0.0	0.744301782957	0.0	4.331260527	0.5362	0.0	12.6217782233	0.0	0.0	0.0	14.2811064893	6.38922866441	8.22385206119	9.14547717	0.0	0.0	0.0	0.0	0.0	0.0	8.44497918991	0.2928	1.08765270573	0.0	3.15005645343	0.926133640448	17.2221162633	4.24823672751	0.0	0.0	0.0	0.0	0.0	0.0	0.2928	0.0	0.0	0.0	0.0	0.0	0.0	0.2928	1.08759337219	0.0	1.88777072832	1.23291368643	0.0	4.24826670303	0.2928	0.2928	3.9239212702	0.0	0.0	0.0	0.0	0.0	0.0	0.0	6.29726419106	8.58512933684	0.0	0.0	0.0	0.0	0.536083737617	3.03592866334	15.6006010313	5.58606576485	3.41647083747	3.56102713895	0.0	0.0	0.0	0.0	0.0	0.0	0.0	3.81280463761	0.0	0.0	0.2928	0.0	4.21366171962	0.0	0.0	0.0	0.0	0.0	0.0	0.0	0.0	0.0	1.08759477759	0.0	0.0	5.05235667537	0.2928	9.34839477812	0.926133640448	0.0	0.0	0.0	0.0	0.0	0.0	1.48570379119	0.0	0.0	0.0	0.0	0.0	0.0	0.0	0.0	0.2928	0.0	0.0	0.0	0.0	0.0	0.0	1.70066752926	0.0	0.0	0.0	0.0	0.0	0.0	0.0	0.0	0.2928	0.0	0.2928	0.0	0.0	0.0	0.0	0.0	1.59720952939	0.0	0.0	0.0
TCGA-AO-A1KS	6.82247305826	9.39489976597	0.0	0.0	0.0	0.5158	0.5158	0.0	0.0	0.0	0.0	0.0	1.83944390214	1.44317346468	0.5158	12.237491698	7.97485129853	7.28689226135	2.97760137334	11.823291185	0.0	1.19494452375	3.70427057324	0.0	0.0	0.0	0.0	5.45877756751	8.22121941542	5.64377423911	0.0	0.895	0.0	0.0	0.0	0.0	7.25475777826	0.0	0.0	0.0	3.38618265244	0.0	0.0	0.5158	0.0	0.5158	0.0	0.5158	2.15003677645	0.0	0.0	0.894971790634	0.0	4.00388833087	0.0	0.0	0.0	0.0	0.0	4.15074111862	0.0	4.64783926942	0.0	0.0	13.6906918394	0.0	0.0	0.0	12.1508447077	8.28619970417	9.72813044266	9.07216782396	0.0	0.0	0.0	0.0	0.0	0.0	8.35978661557	0.895	0.894971790634	0.0	6.52545392126	4.83324914904	17.3451410073	6.48446315334	0.0	0.0	0.895	0.0	0.0	0.0	2.51802602677	0.5158	0.0	0.0	0.0	0.0	0.0	0.0	0.0	0.5158	2.28338756079	0.5158	0.5158	7.0824422178	0.5158	1.19494452375	3.75108977165	0.0	0.0	0.0	0.0	0.0	0.0	0.0	5.85137198142	7.74268413097	0.0	0.0	0.5158	0.0	0.0	3.38623516201	15.5030512482	6.13336811878	2.62239268266	5.43034080707	0.0	0.5158	0.5158	0.0	0.0	0.0	0.0	5.61876720715	0.0	0.0	0.5158	0.0	5.61876372249	0.0	0.894971790634	0.0	0.0	0.895	0.0	0.0	0.0	0.0	0.5158	0.0	0.0	7.77703867881	0.895	9.55517380302	0.5158	0.0	0.0	0.0	0.0	0.0	0.0	2.51802602677	0.894971790634	0.0	0.0	0.0	0.5158	0.0	0.0	0.0	0.5158	0.0	0.0	0.0	0.5158	0.0	0.0	1.44317346468	0.0	0.0	0.0	0.894971790634	0.0	0.0	0.0	0.0	0.0	0.0	0.5158	0.0	0.0	1.19496743735	0.0	0.0	1.19494452375	0.5158	0.0	0.0
TCGA-A7-A26G	4.91556213778	8.16148507169	0.0	0.0	0.0	0.0	0.0	0.0	0.0	0.0	0.0	0.0	0.0	1.51239061735	6.30890210331	12.1808634011	9.93418576797	7.28698092354	0.94586631131	10.8833632345	0.0	0.5491	2.71326951059	0.0	0.0	0.5491	0.0	3.70518992188	8.01677224982	5.57843984745	0.5491	0.9459	0.0	0.0	0.0	0.5491	5.81047365942	0.0	0.5491	0.0	5.49198055058	0.5491	0.0	0.0	0.0	0.0	0.94586631131	0.0	2.36981295515	0.0	0.0	0.94586631131	0.0	2.49364365601	0.0	0.0	0.0	0.0	0.0	1.51239061735	0.0	4.53811894409	1.51234600415	0.0	9.06977097209	0.0	0.0	0.0	12.1746980109	8.53562384601	9.07973043679	8.32252003752	0.0	0.0	0.0	0.0	0.0	0.0	8.89694332991	0.5491	1.25671958082	0.0	4.50908302926	3.42321205004	18.1462675405	4.72656543851	0.0	0.0	0.0	0.5491	0.0	0.0	0.5491	0.0	0.0	0.0	0.5491	0.0	0.0	0.0	0.5491	0.5491	2.49364087881	0.0	0.5491	5.61978994201	0.0	1.2568	5.73718300626	0.0	0.0	0.0	0.0	0.0	0.0	0.0	7.18501680075	8.90669883846	0.0	0.0	0.0	0.0	0.0	4.10533550116	15.0363709537	6.08105967261	3.75556085997	4.62194413487	2.60762140526	0.0	0.0	0.0	0.0	0.0	0.0	4.1809588194	0.0	0.0	0.0	0.5491	6.36670263531	2.99057710363	3.70517390266	0.0	0.0	0.0	0.5491	0.0	0.0	0.0	1.72944243359	0.0	0.0	5.65996563742	0.0	9.20954663669	0.0	0.0	0.5491	0.0	0.0	0.0	0.0	0.94586631131	0.0	0.0	0.0	0.5491	0.0	0.0	0.0	0.0	2.81178306426	0.0	0.0	0.0	0.0	0.0	0.0	0.94586631131	0.0	0.0	0.0	0.94586631131	0.0	0.0	0.0	0.0	0.0	0.0	0.9459	0.0	0.0	0.0	0.0	0.0	0.94586631131	0.0	0.0	0.0
TCGA-B6-A0IH	4.3406053857	6.05411978022	0.0	0.0	0.4783	0.0	0.4783	0.0	0.0	0.0	0.0	0.0	0.836920425677	0.2589	0.0	11.7753297386	9.58102796828	6.13699633067	1.82986706581	10.7021708627	0.0	0.0	3.01348847493	0.0	0.0	0.0	0.0	3.3278103392	7.24172965094	4.79333456196	0.0	0.2589	0.0	0.0	0.0	0.2589	5.76185100615	0.0	0.0	0.0	5.14544718031	0.478332003454	0.0	0.0	0.2589	0.0	0.0	0.0	1.12378190332	0.0	0.0	1.24838378378	0.0	1.9074787831	0.0	0.0	0.0	0.0	0.0	0.668752774572	0.0	3.14755587306	0.0	0.0	12.6427109999	0.0	0.0	0.0	12.1009410611	7.98836066797	8.96523392085	7.878152679	0.0	0.0	0.0	0.0	0.0	0.0	8.56731634404	0.0	1.12388752757	0.0	2.94151046085	2.18196373473	17.4543548337	5.13735662749	0.0	0.0	0.0	0.0	0.0	0.0	0.836898418551	0.0	0.0	0.0	0.478332003454	0.0	0.0	0.0	0.836920425677	0.0	3.38322592481	0.0	0.0	6.5600113457	0.0	1.82983613501	5.13736830339	0.0	0.0	0.2589	0.0	0.2589	0.0	0.0	7.16874703945	8.70684695114	0.0	0.0	0.0	0.0	0.478332003454	3.24047310787	15.0620678042	5.51139339458	4.74123200351	5.16135339377	0.0	0.4783	0.9875385818	0.0	0.0	0.0	0.0	3.43650088492	0.0	0.0	0.2589	0.0	7.41450999213	0.0	0.2589	0.0	0.0	0.0	0.0	0.0	0.0	0.0	1.90747500527	0.0	0.0	5.83817352673	0.0	8.63163919683	2.30180381346	0.0	0.0	0.0	0.0	0.0	0.0	1.1238	0.0	0.0	0.0	0.478332003454	0.8368	0.2589	0.0	0.0	1.24847432045	0.0	0.0	0.0	0.0	0.0	0.0	1.46926849469	0.0	0.0	0.0	0.478332003454	0.0	0.0	0.0	0.0	0.0	0.0	0.2589	0.0	0.0	0.2589	0.0	0.0	1.36313487879	0.987516095967	0.0	0.2589
TCGA-E9-A1RC	6.28621363978	7.64016154258	0.0	0.0	0.0	0.0	0.582134081779	0.0	0.0	0.0	0.0	0.0	3.24027059487	5.43462167606	0.412950114718	11.1206821425	10.1995175688	7.12250375146	2.16333995716	11.9298768776	0.0	0.870598642827	1.11091691916	0.2212	0.0	0.0	0.0	4.59671688885	7.41077897791	4.58675701008	0.0	0.8706	0.0	0.0	0.0	0.2212	8.05311262105	0.0	0.2212	0.0	5.35511257887	0.4129	0.0	0.0	0.0	0.2212	1.57924362922	0.0	0.995756533834	0.0	0.0	1.73101798325	0.0	3.97693526744	0.0	0.2212	0.0	0.0	0.0	0.2212	0.0	4.98420195999	0.4129	0.0	13.1559501444	0.0	0.0	0.0	12.1621172343	8.31867485648	9.09874974013	8.881217385	0.0	0.0	0.0	0.0	0.0	0.0	8.87619346768	0.2212	0.995801921566	0.0	2.83396972556	2.53724308486	17.4187662464	3.99199925677	0.0	0.0	0.0	0.0	0.0	0.0	2.36235895573	0.4129	0.0	0.0	0.2212	0.0	0.0	0.0	1.40971112308	0.0	3.96162918721	0.582134081779	0.0	6.58405301485	0.2212	0.870570737646	5.91443926209	0.0	0.2212	0.0	0.2212	0.2212	0.0	0.0	7.80529519136	8.62146864888	0.0	0.0	0.0	0.2212	0.0	2.31507603543	14.3063995304	3.61664093462	3.21480800861	3.96167576481	0.0	0.0	2.99255939842	0.0	0.0	0.0	0.0	5.74206331729	0.0	0.0	0.870635133874	1.21751554974	7.5384584141	0.412950114718	0.2212	0.0	0.0	0.0	0.0	0.0	0.0	0.0	3.71093612318	0.2212	0.0	6.84954003134	0.0	9.56828239612	2.26626674922	0.733553515831	0.0	0.0	0.0	0.0	0.0	2.53731148497	0.0	0.0	0.0	0.0	0.0	0.733544073544	0.0	0.0	2.10892465712	0.0	0.0	0.0	0.0	0.582134081779	0.0	0.582178649619	0.0	0.0	0.0	0.2212	0.0	0.0	0.0	0.0	0.0	0.2212	0.733584201155	0.0	0.0	0.2212	0.0	0.2212	1.73102543952	1.21750879841	0.0	0.0
TCGA-B6-A0I1	5.64710547685	7.76214803283	0.0	0.0	0.0	0.0	0.0	0.0	0.0	0.0	0.0	0.0	0.0	0.0	1.5215	11.7919594464	7.79291860219	7.48170912034	3.23561171666	12.2105476507	0.0	0.95269681834	0.0	0.0	0.0	0.5536	0.0	6.59816302774	8.57816732631	6.59120996697	0.0	0.5536	0.5536	0.0	0.0	0.5536	7.04396949371	0.0	0.0	0.0	3.86436812269	0.0	0.0	0.5536	0.0	0.0	1.92845383864	0.0	1.52147752921	0.0	0.0	2.24544332219	0.0	2.09563046676	0.0	0.0	0.0	0.0	0.0	3.23561770444	0.0	2.61942991838	0.0	0.0	14.1343548992	0.0	0.0	0.5536	12.6075632007	8.57109801633	8.8610343777	11.4009079684	1.26497527022	0.0	0.5536	0.0	0.0	0.0	8.65884133579	0.5536	1.92840469908	0.0	5.93871080471	4.99411535094	18.5208899697	4.23066564266	0.0	0.0	0.0	0.0	0.0	0.0	0.0	0.0	0.0	0.0	1.52154053602	0.0	0.0	0.0	0.5536	0.0	2.5052451366	0.5536	0.5536	5.72568160608	0.0	1.52154268096	4.78972276298	0.0	0.0	0.0	0.0	0.0	0.0	0.0	7.62870307646	8.15910199019	0.0	0.0	0.0	0.0	0.0	4.23062133358	16.487164065	5.24606715395	2.72529052436	7.38405909736	0.0	0.0	0.0	0.0	0.0	0.0	0.0	5.90528727526	1.92842002939	0.0	0.0	0.0	4.36769998424	0.0	0.0	0.0	0.0	0.95269681834	0.0	0.0	0.0	0.0	0.9527	0.0	0.0	6.27125922995	0.0	9.32388182628	0.0	0.5536	0.5536	0.0	0.0	0.0	0.0	1.52154268096	0.0	0.0	0.0	0.0	0.0	0.0	0.0	0.0	1.26497783263	0.0	0.0	0.0	0.0	0.0	0.0	2.50519862943	0.0	0.0	0.0	0.5536	0.0	0.0	0.0	0.5536	0.0	0.0	1.52154053602	0.0	0.0	0.5536	0.0	0.0	1.52154053602	1.73924198321	0.0	0.0
TCGA-E2-A1L9	6.74302670863	7.31766475241	0.7199	0.0	0.0	0.0	0.0	0.0	0.0	0.0	0.0	0.0	1.0555465937	0.719914189472	0.7199	12.2615867139	8.88541663293	6.63447675591	2.77055424386	11.2109835991	0.0	0.517448530486	3.44909941917	0.0	0.0	0.0	0.0	6.02365003817	9.01921500028	5.84575020608	0.0	0.517448530486	0.2818	0.0	0.0	0.0	8.03685358363	0.0	0.0	0.0	5.58553840292	0.5174	0.0	0.0	0.2818	0.0	2.72422416975	0.2818	1.55641323676	0.0	0.0	1.4465683502	0.0	3.96961869498	0.0	0.2818	0.0	0.0	0.0	1.92749525393	0.0	3.8667378694	0.0	0.0	11.2394740133	0.0	0.0	0.2818	14.0183015034	8.34699166972	9.65339481055	9.24883768188	0.0	0.0	0.0	0.0	0.0	0.0	8.9030995587	0.0	1.55641323676	0.0	4.72523514336	2.85897729691	17.9959267645	6.24494167088	0.0	0.0	0.0	0.0	0.0	0.0	0.719914189472	0.0	0.0	0.2818	0.0	0.0	0.0	0.0	1.75383749749	0.2818	2.57547898084	3.53209683081	0.0	6.41501129487	0.897506052847	0.517448530486	6.32083161088	0.0	0.0	0.2818	0.0	0.0	0.0	0.0	7.59375761866	8.86956699496	0.0	0.0	0.0	0.0	0.2818	2.67626692024	16.0933298907	5.47095101911	3.13168672964	4.38150967391	0.2818	0.5174	0.719914189472	0.0	0.0	0.0	0.0	5.58556568462	0.0	0.0	0.5174	0.0	6.44037251004	0.517448530486	1.1979408434	0.0	0.0	0.0	0.2818	0.0	0.0	0.0	0.517448530486	0.0	0.0	6.01403598296	0.517448530486	9.53337496933	0.719914189472	0.0	0.0	0.0	0.0	0.0	0.0	2.08241852479	0.0	0.0	0.0	0.0	0.8974	0.0	0.0	0.0	3.86675620993	0.0	0.0	0.0	0.0	0.0	0.0	1.44651278051	0.0	0.0	0.0	1.19797112328	0.0	0.0	0.0	0.0	0.0	0.0	0.2818	0.2818	0.0	0.517448530486	0.0	0.0	1.44655977547	0.517448530486	0.0	0.0
TCGA-A1-A0SG	5.89083357126	7.73817227886	0.0	0.0	0.0	0.0	0.0	0.0	0.0	1.91753976259	0.0	0.0	3.75491962537	0.0	0.7608	11.228208811	8.66738060657	7.45380147218	2.55117325295	11.7023596202	0.0	1.2564	4.25223210947	0.0	0.0	0.7608	0.0	3.96199580559	8.26007431042	5.18660179055	0.7608	0.7608	0.0	0.0	0.0	0.7608	7.59523768302	0.0	0.0	0.0	4.62125863015	0.0	0.0	0.7608	0.0	0.0	0.7608	0.0	1.25632225315	0.0	0.0	0.7608	0.0	3.1108770528	0.0	0.0	0.0	0.0	0.0	2.36924548342	0.0	4.49364577474	1.91756487138	0.0	15.0102142586	0.0	0.0	0.0	12.4684293787	7.56909355071	9.12764078307	9.26426672712	0.0	0.0	0.0	0.0	0.0	0.0	8.67476501052	0.0	0.0	0.0	2.85802458756	1.91753976259	17.4021388229	5.46128674852	0.0	0.0	0.0	0.7608	0.0	0.7608	0.0	0.0	0.0	0.0	0.0	0.0	0.0	0.0	1.25632225315	0.0	1.62447052692	3.32593542794	0.0	7.12822379259	0.0	0.0	4.3038191444	0.0	0.0	0.0	0.0	0.7608	0.0	0.0	7.60550926923	7.80239371225	0.0	0.0	0.0	0.0	1.2564	1.91753976259	14.4581378216	5.67249104263	3.11089660121	5.31794464392	0.0	0.0	1.25632225315	0.0	0.0	0.0	0.0	5.43836533182	0.0	0.0	0.0	0.0	6.16663030921	0.0	1.25632225315	0.0	0.0	0.0	0.7608	0.0	0.0	0.0	0.0	0.0	0.0	7.37749038615	0.0	11.3780288574	1.91756487138	0.0	0.0	0.0	0.0	0.0	0.0	2.55122896909	0.0	0.0	0.0	0.0	0.0	0.7608	0.0	0.0	1.91756487138	0.0	0.0	0.0	0.0	0.0	0.0	0.7608	0.0	0.0	0.0	0.7608	0.0	0.0	0.0	0.0	0.0	0.0	1.2564	0.0	0.0	0.0	0.0	0.0	1.91756487138	0.0	0.0	0.7608
TCGA-BH-A0B5	5.0346184822	7.02543151825	0.0	0.0	0.567	0.0	0.3112	0.0	0.0	0.0	0.0	0.0	0.3112	0.0	0.567	10.8604615776	8.364606204	5.78567598386	2.04600109912	11.1398077036	0.0	0.0	3.85607773827	0.0	0.0	0.0	0.0	3.08109890742	7.32087513911	5.26878997864	0.3112	0.0	0.56703776483	0.0	0.0	0.3112	6.96553192929	0.0	0.0	0.0	4.66187384079	0.0	0.0	0.0	0.3112	0.0	0.56703776483	0.3112	2.27849646006	0.0	0.0	0.784267660048	0.0	3.16098254114	0.0	0.0	0.0	0.0	0.0	0.3112	0.0	3.30845601698	0.0	0.0	12.0404878266	0.0	0.3112	0.0	12.5812707454	7.12828510244	9.20126819391	7.83452242187	0.0	0.0	0.0	0.0	0.0	0.0	8.81293699754	0.3112	0.56703776483	0.0	4.32323888031	2.20504278997	18.0452689633	4.60592090552	0.0	0.0	0.0	0.0	0.0	0.0	0.3112	0.0	0.0	0.0	0.3112	0.0	0.0	0.0	0.3112	0.0	1.9593752645	1.28945555351	0.0	5.81064232365	0.0	0.973057057661	4.68903268145	0.0	0.567	0.0	0.0	0.0	0.0	0.0	6.23164901008	7.03074152233	0.0	0.0	0.0	0.0	0.0	2.76077566472	14.50317624	5.27782282934	3.16100458415	4.17727021546	0.0	0.0	0.973000182183	0.0	0.0	0.0	0.0	3.3769168252	0.0	0.0	0.56703776483	0.56703776483	4.70246954817	0.3112	0.784235174214	0.0	0.0	0.0	0.0	0.0	0.0	0.0	1.54888731097	0.0	0.0	5.65396648083	0.3112	9.58357592736	0.567	0.0	0.0	0.0	0.0	0.0	0.0	0.7843	0.0	0.0	0.0	0.0	0.7843	0.0	0.0	0.0	0.3112	0.0	0.0	0.0	0.0	0.3112	0.0	0.0	0.0	0.0	0.3112	0.56703776483	0.0	0.0	0.0	0.0	0.0	0.0	0.3112	0.0	0.0	0.0	0.0	0.0	0.56703776483	0.0	0.3112	0.0
TCGA-C8-A131	5.91716002149	8.61124583446	0.0	0.0	0.0	0.0	0.345	0.0	0.0	0.345	0.345	0.0	0.0	0.0	1.0569	11.7085720085	9.78136237375	7.98931763607	2.7382908308	11.6343774201	0.0	0.0	1.98966669261	0.0	0.0	0.345	0.0	5.05078223192	8.18816607152	6.57404513083	0.345	0.345	0.0	0.0	0.0	0.0	6.92456434705	0.0	0.0	0.0	4.88917346803	1.0569	0.0	0.0	0.345	0.856339445051	0.6232	0.0	2.90364625288	0.0	0.0	1.39005002866	0.0	3.93706350425	0.0	0.6232	0.0	0.0	0.0	4.10502115621	0.0	4.72202607618	0.0	0.0	11.5894359147	0.0	0.0	0.0	12.7292225707	8.43220297076	10.6628467312	9.60290430051	0.345	0.0	0.0	0.0	0.0	0.0	8.65060229749	0.6232	0.856350682684	0.0	4.99073045587	5.66407343328	17.7425922187	5.93000245826	0.0	0.0	0.623213208592	0.0	0.0	0.0	0.345	0.0	0.0	0.0	1.05700235557	0.0	0.0	0.0	1.77869828779	0.623213208592	3.34830984988	0.0	2.73828939106	6.6574578489	0.0	1.23310682337	4.91527258934	0.0	0.0	0.0	0.345	0.0	0.0	0.0	7.63472075173	9.57151478596	0.0	0.0	0.345	0.0	0.0	4.21403396504	14.8321160672	7.41712710375	3.68771688746	4.75132584099	0.0	0.345	0.0	0.0	0.0	0.0	0.0	5.45783911984	0.0	0.0	0.345	0.856339445051	4.03544229207	0.0	0.0	0.0	0.0	0.345	0.345	0.345	0.0	0.0	0.623213208592	0.0	0.0	8.00308022973	2.85059551085	10.0091048945	1.39003054393	0.0	0.0	0.0	0.0	0.0	0.0	1.7787	0.0	0.0	0.0	0.0	1.66038719733	0.345	0.0	0.0	2.48344338461	0.0	0.0	0.0	0.345	0.8563	0.0	1.05695825375	0.0	0.0	0.0	0.856339445051	0.0	0.0	0.0	0.0	0.0	0.0	1.38998429972	0.0	0.0	0.0	0.0	0.0	1.66046946465	1.05700235557	0.0	0.0
TCGA-D8-A1XF	6.14280344772	11.2396612244	0.5242	0.0	0.0	0.0	0.5242	0.0	0.0	0.907868814309	0.0	0.0	0.0	3.00176474342	0.5242	11.6225749615	7.99247950954	8.08382928464	2.92062215884	10.8796125264	0.5242	0.0	3.63123571888	0.0	0.0	0.0	0.0	5.54114748976	7.68062489221	5.83485543507	0.0	0.5242	0.0	0.0	0.0	0.5242	8.12743262847	0.0	0.0	0.0	3.63119669182	0.0	0.0	0.5242	0.0	0.5242	0.5242	0.0	2.42791049061	0.0	0.0	0.9078	0.0	4.57178752918	0.0	0.0	0.0	0.0	0.0	0.5242	0.0	3.41125106746	0.5242	0.0	15.2029312712	0.0	0.0	0.0	12.1902738916	8.28566797714	10.3698101154	9.78973723728	0.0	0.0	0.5242	0.0	0.0	0.0	8.55303493489	0.907868814309	0.5242	0.0	5.88921245903	3.99057332778	16.8738249598	7.13260540709	0.0	0.0	0.0	0.0	0.0	0.0	0.0	0.0	0.0	0.0	0.907868814309	0.0	0.5242	0.0	0.5242	0.0	1.21058721694	1.85944903817	0.0	6.47669849021	0.0	0.5242	3.15152190451	0.0	0.0	0.0	0.0	0.0	0.0	0.0	5.71966985033	7.62726711594	0.0	0.0	0.0	0.0	0.0	2.74319156227	15.3494160272	4.88153699887	1.85941345706	3.41119423948	0.0	0.0	0.0	0.0	0.0	0.0	0.0	4.72306432624	0.0	0.0	0.0	0.0	4.10523135074	0.0	0.0	0.0	0.0	0.0	0.5242	0.0	0.0	0.0	1.67383247608	0.0	0.0	6.83884894578	0.0	11.1545579161	1.21058721694	0.0	0.0	0.0	0.0	0.0	0.0	2.30541275601	0.0	0.0	0.0	0.0	1.21064300389	0.5242	0.0	0.0	0.5242	0.0	0.0	0.0	0.0	0.0	0.0	0.9078	0.0	0.0	0.5242	0.0	0.0	0.0	0.0	0.0	0.0	0.0	1.2106	0.0	0.0	0.5242	0.0	0.5242	1.46076538884	0.0	0.0	0.0
TCGA-AR-A251	6.59065413308	7.60190260668	0.0	0.0	0.0	0.0	0.4421	0.0	0.0	0.4421	0.0	0.0	1.95179918946	1.05362668821	7.71706673593	13.1166415612	9.50673839739	7.08558023148	3.26390248673	11.6567933887	0.0	0.4421	0.78	0.0	0.0	0.0	0.0	5.41259763398	10.0433274363	5.86722210667	1.48173405964	0.78	0.0	0.0	0.0	0.0	7.86858085663	0.0	0.0	0.0	4.37304583466	0.0	0.0	1.95178084335	0.4421	1.8115	1.95179158425	0.780025229422	3.64092762255	0.78	0.0	3.36776846681	0.0	4.29615789981	0.0	0.0	0.0	0.0	0.0	4.49276229203	0.0	4.90905845781	0.4421	0.0	12.6320887299	0.0	0.0	0.0	12.4750075538	9.25737786879	11.0228533023	9.015986164	1.05362668821	0.0	0.4421	1.28350210013	0.0	0.4421	9.14222156899	0.0	0.780025229422	0.0	5.61613347296	5.5403566478	16.8426019288	5.87604044836	0.0	0.0	0.0	0.0	0.0	0.0	0.0	0.0	0.0	0.0	0.4421	0.780025229422	0.0	0.0	1.9517942333	0.0	3.36773665989	0.4421	0.0	8.77514333692	0.0	1.48173405964	6.88138135183	0.0	0.0	0.0	1.05360581715	0.0	0.0	0.0	7.62306697816	7.76064210487	0.0	0.0	0.0	0.4421	0.0	4.926126702	16.5052287911	6.85478193541	2.07965733378	6.56904054939	0.0	0.0	1.28349713986	0.0	0.0	0.0	0.0	7.32380421696	0.0	0.0	1.05360581715	0.78	8.24618069702	0.4421	1.28351989681	0.0	0.0	0.4421	0.0	0.4421	0.0	0.0	2.40674416784	0.0	0.0	6.42596359591	0.0	10.4188742968	1.05360581715	0.0	0.4421	0.0	0.0	0.0	0.0	4.06839324398	0.0	0.0	0.0	0.780025229422	0.0	1.05360581715	0.0	0.0	3.72155327872	0.0	0.0	0.0	0.0	1.48174957157	0.0	3.09256221918	0.0	0.0	0.78	2.75212541207	0.0	0.0	0.0	0.0	0.0	0.0	1.81146740749	0.0	0.0	2.89809515979	0.0	0.0	1.65601537659	1.81145996141	0.0	0.4421
TCGA-A7-A13E	5.45938266059	7.64589410653	0.0	0.0	0.0	0.0	0.0	0.0	0.0	0.0	0.0	0.0	1.40806286079	0.0	5.09071125561	11.2852921939	8.36316851198	5.66147307683	3.55457068214	11.2091908605	0.0	0.0	2.10693400807	0.0	0.0	0.0	0.0	3.65266652323	7.87658218689	4.64271348059	0.0	0.0	0.0	0.0	0.0	0.0	7.91168904264	0.0	0.0	0.0	4.43778923155	0.8694	0.0	0.0	0.0	0.0	2.92886756422	0.0	4.32333504167	0.0	0.0	2.7630789055	0.0	4.77934369999	0.0	0.0	0.0	0.0	0.0	4.19890724088	0.0	2.3602663356	0.0	0.0	14.5226011123	0.0	0.0	0.0	12.623845915	8.44074647809	9.22407309619	8.92356336846	0.0	0.0	0.0	0.0	0.0	0.0	9.61486313688	0.8694	0.8694	0.0	5.68486119018	4.59415572229	17.4045834216	6.63518865132	0.0	0.0	0.0	0.0	0.0	0.0	1.4081	0.0	0.0	0.0	0.0	0.0	0.0	0.0	0.8694	0.0	1.4081	0.0	0.0	6.53584611882	0.0	0.0	4.82209178031	0.0	0.0	0.0	0.0	0.0	0.0	0.0	7.7213272268	7.53448653305	0.0	0.0	0.0	0.0	0.0	4.54388885463	15.3636445888	4.98165814487	2.10690348005	5.31704057826	0.0	0.0	0.0	0.0	0.0	0.0	0.0	4.13246737986	0.0	0.0	0.0	0.0	4.54390939204	0.0	0.0	0.0	0.0	0.0	0.0	0.0	0.0	0.0	1.40806286079	0.0	0.0	6.8978319829	0.0	9.93671183857	0.0	0.0	0.0	0.0	0.0	0.0	0.0	2.10691112784	0.0	0.0	0.0	0.0	0.0	0.0	0.0	0.0	0.8694	0.0	0.0	0.0	0.0	0.0	0.0	0.0	0.0	0.0	0.0	0.0	0.0	0.0	0.0	0.0	0.0	0.0	1.79940946463	0.0	0.0	0.0	0.0	0.0	0.8694	0.0	0.0	0.0
TCGA-C8-A1HK	7.13479278298	7.51374420162	0.0	0.0	0.0	0.0	0.917362387046	0.0	0.0	2.44460003966	0.0	0.0	1.22217936878	0.0	0.5304	12.0057115278	10.2703253503	7.1071565155	2.44454919904	10.6770347282	0.0	0.5304	3.2392845075	0.0	0.0	0.5304	0.0	6.33168420337	9.12589119427	5.4773096661	0.0	0.9174	0.0	0.0	0.0	0.0	7.85843925136	0.0	0.0	0.0	5.98216621184	1.68789147337	0.0	0.5304	0.0	0.5304	0.5304	0.0	2.32175468154	0.0	0.0	3.74873263063	0.0	4.64362264363	0.0	0.0	0.0	0.0	0.0	1.47371814539	0.0	5.61448526319	0.0	0.0	13.2408682378	0.0	0.0	0.0	10.2619696187	6.40916820846	8.59019083334	10.3432218394	0.5304	0.0	0.0	0.0	0.0	0.0	7.94686875627	0.0	0.0	0.0	6.27488565519	4.12446306314	16.9072670427	6.53897706077	0.0	0.0	0.5304	0.0	0.0	0.0	0.0	0.0	0.0	0.0	0.917362387046	0.0	0.0	0.0	1.2223	0.0	0.917362387046	1.6879	0.5304	4.64363679054	1.22220981823	1.6878429577	3.84107294226	0.0	0.0	0.0	0.5304	0.0	0.0	0.0	7.78768168685	10.2446925044	0.0	0.0	0.0	0.0	0.0	4.85776642703	13.8878169958	5.35732600948	4.42233360884	5.6909237808	0.0	0.0	0.917362387046	0.0	0.0	0.0	0.0	4.94359262396	0.0	0.0	0.0	0.0	7.685476932	0.0	0.0	0.0	0.0	0.917362387046	0.0	0.0	0.0	0.0	0.917362387046	0.0	0.0	7.02582904207	0.0	10.1787071161	1.68788621468	0.0	0.0	0.0	0.0	0.0	0.0	1.8743	0.0	0.0	0.0	0.0	0.0	0.0	0.0	0.0	0.0	0.0	0.0	0.0	0.0	0.5304	0.0	0.5304	0.0	0.0	0.5304	1.47371814539	0.0	0.0	0.0	0.5304	0.0	0.0	0.917362387046	0.0	0.0	0.0	0.0	0.0	2.03924620674	0.0	0.0	0.5304
TCGA-C8-A12Q	4.91752122918	7.1321942648	0.0	0.0	0.3483	0.0	0.3483	0.0	0.0	0.3483	0.0	0.0	1.67116777693	0.3483	0.0	11.8428089125	9.12939247945	7.88516096243	4.02626238918	12.0531482099	0.0	0.3483	3.73220189188	0.0	0.0	0.0	0.0	4.1198619608	7.68337669479	5.45534122807	0.0	0.3483	0.0	0.0	0.0	0.3483	5.13492237302	0.0	0.0	0.0	4.98125054562	0.0	0.0	0.0	0.0	0.0	0.628651611637	0.863328550846	1.89955936343	0.0	0.0	0.863287425496	0.0	2.26998185113	0.0	0.0	0.0	0.0	0.0	0.863287425496	0.0	4.11989289861	0.8634	0.0	13.2034295851	0.0	0.0	0.0	12.9521456899	6.92082869179	9.08141948989	9.42937341255	0.0	0.0	0.0	0.0	0.0	0.0	8.37385518873	0.0	0.3483	0.0	3.36253694047	1.24205368872	18.2330280194	5.84628615578	0.0	0.0	0.0	0.0	0.0	0.0	0.8634	0.0	0.0	0.0	0.3483	0.0	0.0	0.0	0.0	0.0	1.54177309774	0.0	0.0	5.1237033888	0.0	0.628651611637	3.64040113052	0.0	0.0	0.0	0.0	0.3483	0.0	0.0	6.90120828203	8.11145093365	0.0	0.0	0.0	0.0	0.628651611637	2.09667372324	15.330316066	6.31565436263	3.15704059736	4.62995790513	0.0	0.0	0.3483	0.0	0.0	0.0	0.0	3.92610727951	0.0	0.0	0.0	0.3483	7.21673711781	0.0	0.3483	0.0	0.0	0.0	0.0	0.0	0.0	0.0	0.3483	0.0	0.0	6.2957372188	1.39978964367	9.95628870927	0.6287	0.0	0.0	0.0	0.0	0.0	0.0	1.78987674871	0.0	0.0	0.0	0.0	0.0	0.3483	0.0	0.0	4.59774341947	0.0	0.0	0.0	0.0	0.3483	0.0	1.06514522278	0.0	0.0	0.0	1.0651188553	0.0	0.0	0.0	0.0	0.0	0.0	0.0	0.0	0.0	0.0	0.0	0.0	1.78982543327	0.3483	0.0	0.0
TCGA-E9-A1R3	4.23176529663	10.0581257332	0.0	0.0	0.0	0.0	0.0	0.0	0.0	0.622	0.0	0.0	1.65811040743	1.88564096624	0.0	8.12484642078	7.99065682602	7.49583879016	2.08202548531	12.0779610674	0.0	0.622	1.6581	0.0	0.0	0.0	0.0	3.34531692103	6.15122922749	5.29534801319	0.0	0.0	0.0	0.0	0.0	0.0	6.42903983755	0.0	0.0	0.0	3.90834265806	0.0	0.0	1.0552056797	0.0	0.0	0.0	0.0	2.08204610167	0.0	0.0	2.67585560723	0.0	1.65810666777	0.0	0.622	0.0	0.0	0.0	0.0	0.0	5.40955606895	0.0	0.0	14.4520031702	0.0	0.0	0.0	13.0689411007	6.24647296475	7.84937456328	8.91233494991	0.0	0.0	0.0	0.0	0.0	0.0	8.71732259142	0.0	0.0	0.0	2.67590497972	0.622	18.2425996534	2.79266340307	0.0	0.0	0.0	0.0	0.0	0.0	0.0	0.0	0.0	0.0	0.0	0.0	0.0	0.0	0.0	0.0	1.6581718812	0.0	0.0	4.7767542741	0.0	0.622	2.90077235218	0.0	0.0	0.0	0.0	0.0	0.0	0.0	7.17912540652	7.67011178709	0.0	0.0	0.0	0.0	0.0	1.0552	15.2241530313	4.23174231958	3.26669910186	5.17142644814	0.0	0.0	0.0	0.0	0.0	0.0	0.0	4.31220608107	0.0	0.0	0.0	0.0	0.622	0.0	0.0	0.0	0.0	0.0	0.0	0.0	0.0	0.0	1.88558207138	0.0	0.0	6.66954441026	0.0	10.1837920841	0.0	0.0	0.0	0.0	0.0	0.0	0.0	0.0	0.0	0.0	0.0	0.0	0.622	0.0	0.0	0.0	0.622	0.0	0.0	0.0	0.0	0.0	0.0	0.0	0.0	0.0	0.0	0.622	0.0	0.0	0.0	0.0	0.0	0.0	0.0	0.0	0.0	0.0	0.0	0.0	0.0	0.0	0.0	0.0
TCGA-AR-A1AL	4.33563485773	7.08356523415	0.3732	0.0	0.0	0.0	0.0	0.0	0.0	0.915133974516	0.0	0.0	0.0	0.669430559043	0.3732	12.5893786015	9.1389215517	6.94872683742	2.44061853935	11.1169476744	0.0	0.0	3.21212582111	0.0	0.0	0.3732	0.0	4.56891562133	8.43274545903	5.32094382632	0.0	0.0	0.0	0.0	0.0	0.0	5.3733014481	0.0	0.0	0.0	5.35257433985	0.6695	0.0	0.3732	1.125	0.0	0.669430559043	0.0	1.61672746295	0.0	0.0	1.30812159046	0.0	2.51700660275	0.0	0.0	0.0	0.0	0.0	0.669430559043	0.0	4.15616458701	0.669430559043	0.0	9.88403921905	0.0	0.0	0.0	14.6305332067	7.47698263299	9.04926999469	8.61218280888	0.0	0.0	0.0	0.0	0.0	0.0	8.69467585534	0.0	0.915133974516	0.0	3.25732430885	1.30816619245	16.9949147326	4.78515838812	0.0	0.0	0.0	0.0	0.0	0.0	0.0	0.0	0.0	0.0	0.0	0.0	0.0	0.0	0.3732	0.3732	3.30121710592	1.61669421101	0.0	6.20225218089	0.0	2.18366173738	4.81575554499	0.0	0.0	0.0	0.0	0.0	0.0	0.0	6.38155624003	7.68375973069	0.0	0.0	0.0	0.0	0.0	3.34376940373	16.0744733299	5.50106888993	3.8063981018	4.62173354301	0.3732	0.3732	0.6695	0.0	0.0	0.0	0.0	4.51401246005	0.0	0.0	0.0	0.0	6.95217354073	0.0	0.0	0.0	0.0	0.0	0.0	0.0	0.0	0.0	0.915133974516	0.0	0.0	5.31022838736	0.0	8.6078517104	0.6695	0.0	0.0	0.0	0.0	0.0	0.3732	2.35994890655	0.0	0.0	0.0	0.0	1.30814998824	0.0	0.0	0.0	0.3732	0.0	0.0	0.0	0.0	0.0	0.0	0.915133974516	0.0	0.0	0.0	0.0	0.3732	0.0	0.0	0.0	0.0	0.0	0.3732	0.0	0.0	0.915075405104	0.0	0.0	1.12496775825	0.3732	0.0	0.0
TCGA-AO-A12F	6.44468925243	8.12488447544	0.0	0.0	0.0	0.0	1.5533363196	0.0	0.0	0.5692	0.0	0.0	0.0	0.97629119363	5.89560138007	12.1521820634	8.36184439046	7.68386474645	4.12492416939	10.7336847032	0.0	0.0	3.12763590436	0.0	0.0	0.0	0.0	5.77334829706	9.99403442162	7.24726437947	0.0	0.5692	0.0	0.0	0.0	0.5692	8.43020630292	0.0	0.0	0.0	3.4161509932	0.0	0.0	0.5692	2.5452927891	3.12759951903	0.0	1.77347721492	4.08435965511	0.0	0.0	2.76659399111	0.0	4.70898695912	0.0	0.0	0.0	0.0	0.0	1.96438763105	0.0	6.72754259951	1.29351774647	0.0	13.872739666	0.0	0.5692	0.0	13.7283771432	9.46016256472	9.78287235656	9.45222020119	1.55332149789	0.0	0.5692	1.96444667033	0.0	0.0	9.95730948293	0.5692	0.97629119363	0.0	6.43666582865	6.89521671114	16.764681176	6.50740019111	0.0	0.0	0.0	0.0	0.0	0.0	2.66015183033	0.0	0.0	0.0	1.5533363196	0.0	0.97629119363	0.0	0.9764	0.97629119363	0.97629119363	0.0	0.0	6.05108307636	0.0	0.5692	3.76315088843	0.0	0.0	0.0	0.0	0.0	0.0	0.0	6.18175334886	9.11479880133	0.0	0.0	0.5692	0.97629119363	0.0	5.61148408033	14.9406771633	5.36284292047	2.42051665598	4.44631520758	0.0	0.0	0.0	0.5692	0.5692	0.0	0.0	7.37887114964	0.0	0.0	0.5692	0.5692	5.25730414653	0.5692	0.97629119363	0.0	0.0	0.97629119363	0.5692	0.0	0.0	0.0	2.13296573066	0.0	0.0	7.89796277102	0.97629119363	8.93109146175	0.0	0.0	0.97629119363	0.0	0.0	0.0	0.0	4.04259591755	0.0	0.0	0.0	0.0	1.2934304113	0.0	0.0	0.0	0.5692	0.0	0.0	0.0	0.5692	0.97629119363	0.0	1.29351774647	0.0	0.0	0.0	0.9764	0.0	0.0	0.0	0.0	0.0	0.0	1.5533363196	0.0	0.0	0.9764	0.5692	0.5692	1.77336470019	0.0	0.5692	0.0
TCGA-D8-A142	5.18823652345	6.92716375539	0.0	0.0	0.0	0.0	0.0	0.0	0.0	0.7501	0.0	0.0	0.0	2.83536055827	0.7501	11.2316661665	9.13674487267	6.91904980699	2.52938938193	11.0713301091	0.0	0.0	2.96704244884	0.0	0.0	0.0	0.0	4.32868878865	7.96522477197	5.45813501792	0.7501	0.7501	0.0	0.0	0.0	0.0	6.96702980719	0.0	0.0	0.0	4.85594809323	0.7501	0.0	1.60678721256	4.8215446561	0.0	1.24111945828	0.0	2.52943169226	0.0	0.0	1.2411	0.0	3.08761734864	0.0	0.0	0.0	0.0	0.0	0.7501	0.0	4.42342519118	0.7501	0.0	12.2338558831	0.0	0.0	0.0	12.5191947989	6.93524089792	8.74336912109	9.41414993897	0.0	0.0	0.0	0.0	0.0	0.0	8.65583365757	0.0	0.0	0.0	3.19897941158	3.39872055751	17.5550639674	5.70445194878	0.0	0.0	0.0	0.0	0.0	0.0	0.0	0.0	0.0	0.0	0.7501	0.0	0.0	0.0	1.60677211082	0.0	1.24111945828	0.0	0.0	5.52377544908	0.0	1.2411	6.3601380408	0.0	0.0	0.7501	0.0	0.0	0.0	0.0	6.56107310738	9.59418350528	0.0	0.0	0.0	0.0	1.24111945828	3.39877361229	15.7723693189	5.97854699798	3.30232088469	4.42339265461	0.0	0.0	1.2411	0.0	0.0	0.0	0.0	5.18826513243	0.0	0.0	0.0	0.7501	5.1609752922	0.0	0.0	0.0	0.0	0.0	0.0	0.0	0.0	0.0	0.7501	0.0	0.0	6.91906725479	0.0	9.44410107416	0.7501	0.0	0.0	0.0	0.0	0.0	0.0	2.14063929776	0.0	0.0	0.0	0.0	0.0	0.0	0.0	0.0	1.89824928093	0.0	0.0	0.0	0.0	0.0	0.0	0.0	0.0	0.0	0.0	0.7501	0.0	0.0	0.0	0.0	0.0	0.0	1.2411	0.0	0.0	0.0	0.0	0.0	2.14063046531	0.0	0.0	0.0
TCGA-D8-A1X6	5.50584103775	8.4142577916	0.3441	0.0	0.0	0.0	0.8544	0.3441	0.0	0.621728606859	0.0	0.0	2.79186607397	5.3901509137	0.0	12.3053606041	8.48214948617	7.50766213459	3.34441520987	11.4778945275	0.0	1.05478247771	4.25131342193	0.0	0.0	0.0	0.0	5.39016380584	8.60094689687	6.47679345297	0.0	0.6217	0.3441	0.0	0.0	0.0	8.07708811364	0.0	0.0	0.0	3.71361155787	0.0	0.0	0.3441	0.0	0.3441	1.98646539315	0.3441	1.98644024201	0.6217	0.6217	2.08134874984	0.0	4.14550793562	0.0	0.3441	0.0	0.0	0.0	3.52403899421	0.0	5.5143087439	0.6217	0.0	6.33001517205	0.0	0.0	0.0	12.4797377528	8.04800146086	9.91780390713	9.4968342216	0.0	0.0	0.0	0.0	0.0	0.0	8.87117818844	0.6217	0.3441	0.0	4.94924566977	2.67504690053	17.1105393642	5.11540469551	0.0	0.0	0.0	0.3441	0.0	0.0	0.0	0.0	0.0	0.0	0.854455803214	0.0	0.0	0.0	1.52869406378	0.3441	2.33342305881	4.98649884717	0.0	5.33343958078	0.0	0.3441	4.78991414906	0.0	0.0	0.0	0.0	0.0	0.0	0.0	9.14816747256	8.25295155142	0.0	0.0	0.0	0.0	0.0	2.61286525964	13.7191372021	5.77779825487	1.98641874965	4.81765370756	0.0	0.0	0.3441	0.0	0.0	0.0	0.0	6.75020550804	0.0	0.0	1.23067266178	0.0	6.18803916816	0.0	0.0	0.0	0.0	0.0	0.0	0.0	0.0	0.0	0.0	0.0	0.0	7.35466150932	0.0	10.4396143181	0.854431458108	0.0	0.3441	0.0	0.0	0.0	0.0	2.25414534091	0.0	0.0	0.0	0.0	1.05475509853	0.3441	0.0	0.0	0.3441	0.0	0.0	0.0	0.0	0.3441	0.0	1.52881211483	0.0	0.0	0.0	0.3441	0.0	0.0	0.0	0.0	0.0	0.0	1.05476128888	0.0	0.0	0.0	0.0	0.0	2.25420081022	0.621728606859	0.0	0.0
TCGA-E2-A1LA	5.92313098136	9.74735954124	0.2852	0.0	0.2852	0.0	0.0	0.0	0.0	0.2852	0.0	0.0	1.45879024708	0.2852	2.02168581149	10.5753724973	8.03111601356	6.83318372331	1.85733757064	11.3063419714	0.0	0.523219046484	2.42552606846	0.0	0.0	0.0	0.0	4.08396244064	7.73064181807	5.67414743824	0.0	0.2852	0.0	0.0	0.0	0.0	6.57985009214	0.0	0.0	0.0	3.57661264973	0.2852	0.0	0.2852	0.0	0.523219046484	0.727544275946	0.727544275946	0.9065	0.2852	0.0	2.48301490152	0.0	2.95915612237	0.0	0.0	0.0	0.0	0.0	1.33929677267	0.0	1.45889140008	0.0	0.0	11.3575984714	0.0	0.0	0.0	12.2088642581	7.93774269416	9.32292089442	8.86349111863	0.0	0.0	0.0	0.0	0.0	0.0	8.76033487391	0.2852	0.2852	0.0	4.20859905813	2.99918780727	18.1006908787	3.65381901413	0.0	0.0	0.0	0.2852	0.0	0.2852	0.0	0.0	0.0	0.0	0.523219046484	0.0	0.0	0.2852	0.2852	0.0	0.906426840236	0.2852	0.0	5.81524767886	0.0	0.523219046484	4.39999517166	0.0	0.0	0.2852	0.0	0.0	0.0	0.0	6.8080588965	8.49431268898	0.0	0.0	0.0	0.0	0.5233	2.36555385663	15.1981825259	7.05808651782	2.53840059439	4.64655523168	0.0	0.0	0.0	0.0	0.0	0.0	0.0	4.55560334672	0.0	0.0	0.0	0.2852	3.88484330055	0.2852	0.727474009101	0.0	0.0	0.0	0.2852	0.0	0.0	0.0	0.727544275946	0.0	0.0	6.19689747676	0.2852	7.83792522995	0.0	0.0	0.0	0.0	0.0	0.0	0.0	0.2852	0.0	0.0	0.0	0.0	0.7276	0.0	0.0	0.2852	0.2852	0.0	0.0	0.0	0.2852	0.0	0.0	1.20891448479	0.0	0.0	0.0	0.2852	0.0	0.0	0.0	0.0	0.0	0.0	0.727544275946	0.0	0.0	0.0	0.0	0.0	1.33921432213	0.9065	0.2852	0.0
TCGA-D8-A1Y0	5.59402883928	8.12610060569	0.0	0.0	0.0	0.0	0.4001	0.0	0.0	0.969976428246	0.0	0.0	0.969968720762	0.71299078977	0.4001	13.3957900236	8.94039625223	6.1880548494	1.3774	11.0358272285	0.0	0.0	4.87993822485	0.0	0.0	0.4001	0.0	4.1391340777	8.26298688058	4.16500865912	0.4001	0.97	0.0	0.0	0.0	0.0	7.25864908965	0.0	0.0	0.0	4.28813471536	0.0	0.0	0.4001	0.0	0.71299078977	0.71299078977	0.0	0.969976428246	0.4001	0.0	0.97	0.0	3.94317285145	0.0	0.4001	0.0	0.0	0.0	0.71299078977	0.0	4.21558536874	0.0	0.0	11.5573111409	0.0	0.0	0.0	12.0068969917	8.68098148802	9.43062745945	8.29999647605	0.0	0.0	0.4001	0.0	0.0	0.0	8.69770970153	0.97	0.4001	0.0	3.97289243058	2.82220723904	16.6881853311	5.38921076543	0.0	0.0	0.0	0.0	0.0	0.0	1.188	0.0	0.0	0.4001	0.4001	0.0	0.0	0.4001	0.0	0.0	3.40434294208	0.4001	0.0	5.79009192804	0.0	1.37741131849	5.01442563694	0.0	0.0	0.0	0.0	0.0	0.0	0.0	6.76428919949	7.23127717603	0.0	0.0	0.0	0.0	0.4001	3.78492665893	14.5432717366	5.96264478044	3.11612992455	4.86422074802	0.0	0.713	3.218720957	0.0	0.0	0.0	0.0	4.67864018836	0.0	0.0	0.0	0.4001	4.92617656238	0.0	0.4001	0.0	0.0	0.0	0.0	0.0	0.0	0.0	1.18801946907	0.0	0.0	6.11679661128	0.0	8.94695624362	1.18803272169	0.0	0.0	0.0	0.0	0.0	0.0	1.9547	0.0	0.0	0.0	0.4001	0.0	0.0	0.0	0.0	1.54480642594	0.0	0.0	0.0	0.0	0.4001	0.0	0.71299078977	0.0	0.0	0.4001	0.0	0.0	0.0	0.0	0.0	0.0	0.0	1.188	0.0	0.0	0.4001	0.0	0.0	1.37740550734	0.969976428246	0.0	0.0
TCGA-E9-A22D	6.48550046788	9.54154179718	0.2181	0.0	0.0	0.0	0.407517360035	0.0	0.0	1.91608040986	0.0	0.0	1.64215380613	1.78562002433	0.2181	11.7353979466	8.08326966434	7.81402386893	2.97328588444	12.3984162618	0.2181	0.407517360035	0.9848	0.0	0.0	0.724800103411	0.0	5.66120262983	9.00748092972	6.0538278221	0.0	1.5647	0.0	0.0	0.0	0.0	7.03394700458	0.0	0.0	0.0	3.14278754965	0.2181	0.0	0.407517360035	0.0	0.407517360035	0.5748	0.407517360035	3.24565130851	0.0	0.0	1.71568044836	0.0	3.95626128033	0.2181	0.0	0.0	0.0	0.0	0.860754167148	0.0	5.47793836436	0.0	0.0	11.7595224574	0.0	0.2181	0.0	12.5620030437	8.46271072017	9.75822094187	10.0542722716	0.0	0.0	0.0	0.0	0.0	0.0	9.04228259215	1.09916359303	0.724900551849	0.0	3.67227623412	2.91204376966	17.9283277473	5.47263327854	0.0	0.0	0.0	0.2181	0.0	0.0	0.5748	0.0	0.0	0.0	0.2181	0.0	0.2181	0.0	1.39607374946	0.407517360035	2.29753241397	1.78558554801	0.5748	5.99230599741	0.0	1.20505351719	4.66178848102	0.0	0.4075	0.0	0.0	0.0	0.0	0.0	8.19915091534	8.07808678454	0.0	0.0	0.0	0.0	0.574926912164	4.01571277893	13.9120577742	7.70540743951	1.64211422282	4.97040561272	0.0	0.0	4.52536151096	0.0	0.0	0.0	0.0	5.36247711757	0.0	0.0	0.984813165457	0.0	4.12764413031	0.0	0.0	0.0	0.0	0.0	0.0	0.0	0.0	0.0	0.860650065587	0.0	0.0	6.72460468228	0.0	10.3714310262	0.574911454103	0.0	0.0	0.0	0.0	0.0	0.0	1.39605670583	0.4075	0.2181	0.0	0.0	0.2181	0.984858982151	0.0	0.0	1.09914276352	0.0	0.0	0.0	0.2181	0.4075	0.0	0.984824800363	0.0	0.0	0.0	1.39608256346	0.2181	0.0	0.0	0.0	0.0	0.0	0.4075	0.0	0.0	0.2181	0.0	0.0	1.85233150671	0.7248	0.0	0.0
TCGA-A2-A0CS	5.78091362834	8.21286507615	0.0	0.0	0.0	0.3402	0.0	0.0	0.0	0.615288364952	0.6153	0.0	1.04525305166	1.2201349579	0.0	10.9411784101	8.74707650049	6.91806251633	2.98440354608	10.7892650794	0.0	0.846229510243	2.9843933282	0.0	0.0	0.3402	0.0	4.29386064445	7.05419254506	5.23640048531	0.0	0.3402	0.0	0.0	0.0	0.3402	6.89888870815	0.0	0.0	0.0	3.57326125397	0.0	0.0	0.0	0.3402	0.0	1.22010453448	0.0	1.22007266102	0.0	0.0	0.615288364952	0.0	2.77616622176	0.0	0.0	0.0	0.0	0.0	1.04526168813	0.0	3.63631137465	0.0	0.0	12.497995186	0.0	0.0	0.0	12.7260761842	7.67921479946	9.00775736221	8.90989725332	0.0	0.0	0.3402	0.0	0.0	0.0	8.4971614248	0.0	0.846229510243	0.0	3.16637926932	1.22012730733	18.1737260897	5.19510563349	0.0	0.0	0.0	0.0	0.0	0.0	0.0	0.0	0.0	0.0	0.0	0.0	0.0	0.3402	0.615288364952	0.0	1.22012730733	1.76274020223	0.0	5.42681722944	0.0	0.0	5.65709107246	0.0	0.0	0.0	0.0	0.0	0.0	0.0	7.8114980806	7.80808045489	0.0	0.0	0.0	0.0	0.0	2.4648427388	14.1916837095	5.52169960222	3.24937572476	3.91592880925	0.0	0.0	1.37607074896	0.0	0.0	0.0	0.0	5.21591404921	0.0	0.0	0.846239424227	0.615288364952	2.39361044615	0.0	0.0	0.0	0.0	0.0	0.3402	0.0	0.0	0.0	1.22012730733	0.0	0.0	5.52174056068	0.0	8.56460799008	1.51672603442	0.0	0.0	0.0	0.0	0.0	0.0	2.31876013111	0.0	0.0	0.0	0.3402	0.3402	0.0	0.0	0.0	0.615288364952	0.0	0.0	0.0	0.3402	0.0	0.0	1.04526168813	0.0	0.0	0.0	0.3402	0.0	0.0	0.0	0.0	0.0	0.0	0.0	0.0	0.0	0.0	0.0	0.0	1.76267879448	0.3402	0.0	0.0
TCGA-E9-A1N6	6.52659540054	7.63274897334	0.8104	0.0	0.0	0.0	0.0	0.0	0.0	0.810446888157	0.0	0.0	1.86315384637	0.810446888157	0.0	11.8197430016	9.67061274171	7.09048835565	2.64978197908	11.6419704375	0.0	1.32625499434	2.64975096553	0.0	0.0	0.0	0.0	4.5145252261	8.76776786583	5.78824601326	0.0	1.0912	0.0	0.0	0.0	0.0	7.27375173297	0.0	0.0	0.0	5.55376389742	0.4614	0.0	0.4614	0.0	0.0	1.86314099112	0.4614	1.32622220088	0.0	0.0	1.70535277155	0.0	2.56051001991	0.0	1.09128136675	0.0	0.0	0.0	1.32622220088	0.0	4.83334589278	0.0	0.0	13.8047523141	0.0	0.0	0.0	11.7250760573	8.47562117789	9.7074943867	9.1385808207	0.0	0.0	0.0	0.0	0.0	0.0	8.85603969191	0.4614	0.0	0.0	4.83337608494	3.53001625895	17.9820692828	5.40773870557	0.0	0.0	0.0	0.0	0.0	0.0	0.4614	0.0	0.0	0.0	0.0	0.0	0.0	0.0	1.09128136675	0.0	2.81342746228	1.09124277253	0.0	5.50672667197	0.0	0.4614	5.40778919573	0.0	0.0	0.0	0.4614	0.0	0.0	0.0	7.37878891085	6.89876134108	0.0	0.0	0.0	0.0	0.0	3.48213683074	15.6318515446	5.42050350662	2.9603619004	4.56133662795	0.0	0.0	0.0	0.0	0.0	0.0	0.0	6.47252370571	0.0	0.0	0.0	0.4614	5.54217618492	0.0	0.0	0.0	0.0	0.4614	0.0	0.0	0.0	0.0	0.810446888157	0.0	0.0	7.28430015843	0.4614	10.01285078	1.09124277253	0.0	0.0	0.0	0.0	0.0	0.0	2.64979850891	0.0	0.0	0.0	0.0	0.0	0.0	0.0	0.0	2.88878684953	0.0	0.0	0.0	0.0	0.4614	0.0	0.810446888157	0.0	0.0	0.0	1.52821668647	0.0	0.0	0.0	0.4614	0.0	0.0	0.8104	0.0	0.0	0.4614	0.0	0.0	1.32618585727	0.4614	0.0	0.0
TCGA-BH-A18G	5.34390543261	7.41292577139	0.0	0.0	0.0	0.0	0.0	0.0	0.0	0.0	0.0	0.0	1.42524512413	2.1280639419	0.0	10.7264902978	8.69934908978	6.00483709358	2.3825	11.8359047046	0.0	0.0	1.42524512413	0.0	0.0	0.0	0.0	4.84869938856	9.30060749034	6.07863519374	0.0	0.8819	0.0	0.0	0.0	0.0	7.33221489676	0.0	0.0	0.0	4.46413543313	0.8819	0.0	0.0	0.0	0.8819	0.8819	2.38244904942	1.42524512413	0.0	0.0	2.78657773349	0.0	4.7617356217	0.0	0.0	0.0	0.0	0.0	0.0	0.0	4.46407861771	0.0	0.0	14.0830804038	0.0	0.0	0.0	13.2546365025	9.04380270572	9.35175289599	9.21723582358	0.0	0.0	0.0	1.42524512413	0.0	0.0	9.94833140824	1.4253	0.8819	0.0	5.73493021032	4.15844176074	18.0668772986	5.98575246507	0.0	0.0	0.0	0.0	0.0	0.0	1.4253	0.0	0.0	0.0	0.0	0.0	0.0	0.0	1.42524512413	0.8819	2.1280639419	1.4253	0.0	6.24818453737	0.0	1.81905666942	5.11744715011	0.0	0.0	0.0	0.0	0.0	0.0	0.0	8.61501861366	9.08020260133	0.0	0.0	0.0	0.0	0.0	4.89031395605	13.4064640157	4.08868382277	2.59865011681	4.66916275415	0.0	0.8819	1.4253	0.0	0.0	0.0	0.0	5.77987429731	1.81905666942	0.0	0.8819	0.8819	5.56546815992	0.0	0.0	0.0	0.0	0.0	0.0	0.0	0.0	0.0	1.42524512413	0.0	0.0	7.44117697533	0.0	10.1671792678	1.8191	0.0	0.0	0.0	0.0	0.0	0.0	0.8819	0.0	0.0	0.0	0.0	0.0	0.0	0.0	0.0	3.9381168654	0.0	0.0	0.0	0.0	0.0	0.0	1.42524512413	0.0	0.0	0.0	0.8819	0.0	0.0	0.0	0.0	0.0	0.0	0.8819	0.0	0.0	0.0	0.0	0.0	1.81901490112	0.8819	0.0	0.0
TCGA-E2-A1B6	5.56718966576	7.63365596034	0.4236	0.0	0.4236	0.0	0.4236	0.0	0.0	0.0	0.0	0.4236	0.750641307854	0.0	3.69424609834	13.2119750778	9.18530621678	6.45980870932	2.34916553423	11.3460511715	0.0	0.4236	2.61327200353	0.0	0.0	0.0	0.0	4.09079043171	9.79043116098	6.22328913556	0.0	1.0171	0.0	0.0	0.0	0.750641307854	7.35266178926	0.0	0.0	0.0	4.09082592479	0.0	0.0	1.01704013993	1.2419	0.750641307854	1.43634261458	0.0	1.7608	0.0	0.0	0.750641307854	0.0	5.07728978247	0.0	0.0	0.0	0.0	0.0	3.49027454133	0.0	4.28007159835	0.4236	0.0	11.4438281509	0.0	0.0	0.0	14.3661659578	9.44889728846	11.6848490895	7.36762768629	0.0	0.0	0.0	0.0	0.0	0.0	10.2908820519	0.7506	2.24907774926	0.0	5.88297972962	6.16273350314	17.4739619304	4.93969434976	0.0	0.0	0.0	0.0	0.0	0.0	0.4236	0.0	0.0	0.0	0.750641307854	0.0	0.4236	0.0	1.24191153804	0.0	2.61330938719	3.20008465783	0.0	8.93875892765	1.24186031553	1.24183092826	5.30607185908	0.0	0.0	0.7506	0.4236	0.0	0.0	0.0	7.68002190013	8.25783209354	0.0	0.0	0.0	0.0	1.60763825297	4.09080026802	16.4887372434	10.8895417823	3.14556258856	6.69180708157	0.0	0.4236	2.76583605231	0.0	0.0	0.0	0.0	3.83888538769	0.0	0.0	0.0	0.7506	5.71513438531	1.24186031553	0.750641307854	0.0	0.0	0.0	0.4236	0.0	0.0	0.0	2.53051721122	0.0	0.0	5.75211434278	0.0	6.92036249405	1.2419	0.0	1.01704013993	0.0	0.0	0.0	0.0	2.02552514505	0.4236	0.0	0.0	0.0	0.7506	0.750641307854	0.0	0.0	1.24186031553	0.0	0.0	0.0	0.0	0.4236	0.0	4.55601450809	0.0	0.0	0.0	0.4236	0.0	0.0	0.0	0.0	0.0	0.0	0.4236	0.0	0.0	1.24191153804	0.0	0.0	2.44268301226	1.76080036416	0.0	0.4236
TCGA-E9-A1R5	4.73400294409	7.3480907041	0.65	0.0	0.890447547609	0.0	0.65	0.0	0.0	0.649997802311	0.0	0.0	1.27670854907	0.649997802311	1.71217890605	11.6858278781	9.54363804912	5.59215162524	2.91556577251	12.3527102084	0.0	0.3613	2.74234630247	0.0	0.0	0.0	0.0	4.00743839395	7.24356029768	5.12366613754	0.0	0.0	0.0	0.0	0.0	0.0	7.65353207515	0.0	0.0	0.0	4.80911917154	0.3613	0.0	0.65	0.0	0.0	1.58116034523	0.3613	1.27675621032	0.0	0.0	1.27674492716	0.0	3.92874466612	0.0	0.890447547609	0.0	0.0	0.0	1.43696250853	0.0	2.39743314941	0.0	0.0	11.303788295	0.0	0.3613	0.0	12.3512548575	7.93259331001	9.92774209796	8.79652703991	0.3613	0.0	0.0	0.0	0.0	0.0	8.84736180406	0.3613	0.3613	0.0	4.32670947056	2.61411544014	18.6082622213	4.7493324963	0.0	0.0	0.0	0.0	0.0	0.0	2.04630106346	0.0	0.0	0.0	0.3613	0.0	0.0	0.0	0.890447547609	0.0	1.09648721522	1.5811	0.0	5.82724173119	0.0	1.09648721522	5.74538211431	0.0	0.0	0.0	0.0	0.0	0.0	0.0	7.61838708665	8.95465423779	0.0	0.0	0.0	0.0	0.0	2.47336840692	14.4117251601	4.36706384	3.41625002167	4.48177938079	0.0	0.0	0.649997802311	0.0	0.0	0.0	0.0	5.00084237051	0.0	0.0	0.649997802311	0.0	5.91147200858	0.0	0.0	0.0	0.0	0.0	0.0	0.0	0.0	0.0	0.890447547609	0.0	0.0	5.6340580304	0.65	7.37055161924	2.5454	0.0	0.0	0.0	0.0	0.0	0.0	1.94331115902	0.0	0.65	0.0	0.0	0.649997802311	0.3613	0.0	0.0	0.3613	0.0	0.0	0.0	0.0	0.3613	0.0	0.3613	0.0	0.0	0.0	0.890447547609	0.0	0.0	0.0	0.0	0.0	0.0	0.649997802311	0.65	0.0	0.3613	0.0	0.0	1.43692995418	0.0	0.65	0.0
TCGA-E2-A15I	5.51026793841	6.0301707888	0.0	0.0	0.740104315192	0.0	0.0	0.0	0.0	1.22694076498	0.0	0.0	0.0	0.0	0.0	11.857739924	8.22546164447	6.7402812374	2.59156083511	10.577487878	0.0	0.0	3.55156304742	0.0	0.0	0.0	0.0	4.72644948066	8.44528905535	4.70806260083	0.0	0.0	0.0	0.0	0.0	0.417	6.74027072496	0.0	0.417	0.0	4.53110929174	0.417	0.0	0.0	0.0	0.7401	0.0	0.0	1.5902392514	0.0	0.0	0.7401	0.0	3.06587950174	0.0	0.0	0.0	0.0	0.0	0.740104315192	0.0	3.37638575385	0.0	0.0	10.5743017455	0.0	0.0	0.0	14.0890190996	7.68263843654	9.13802143311	8.34475983899	0.417	0.0	0.0	0.0	0.0	0.0	8.15764743063	0.0	0.7401	0.0	3.50968455273	1.74249612344	16.990004389	6.27461056447	0.0	0.0	0.0	0.0	0.0	0.0	0.417	0.0	0.0	0.0	0.740104315192	0.0	0.0	0.0	1.22686806212	0.0	3.81472451689	2.32826046659	0.0	5.35348532602	0.0	1.41993606095	4.57235452666	0.0	0.0	0.0	0.0	0.0	0.0	0.0	5.84070007359	7.65413856465	0.0	0.0	0.0	0.0	0.740104315192	2.59157440973	15.3412083621	7.11985882555	2.66959851862	3.77991619695	0.0	0.417	1.22687114153	0.0	0.0	0.0	0.0	3.59224209279	0.0	0.0	0.7401	0.0	6.30555083188	0.0	0.0	0.0	0.0	0.0	0.0	0.0	0.0	0.0	1.22694076498	0.0	0.0	5.10923592791	0.0	10.1559428423	1.41999427034	0.0	0.0	0.0	0.0	0.0	0.0	2.88126669229	0.0	0.0	0.0	0.0	1.004	0.0	0.0	0.0	0.417	0.0	0.0	0.0	0.0	0.0	0.0	1.41999696393	0.0	0.0	0.0	0.0	0.0	0.0	0.0	0.0	0.0	0.0	0.0	0.0	0.0	0.740104315192	0.0	0.0	1.59018752132	0.0	0.0	0.0
TCGA-D8-A1XM	4.19332631755	9.26570821265	0.0	0.0	0.0	0.0	0.0	0.0	0.0	0.0	0.6567	0.0	1.10631145866	2.33206517793	0.0	9.06134033138	9.20633337447	7.88386574397	2.87602884713	11.85989281	0.0	0.0	0.6567	0.0	0.0	0.6567	0.0	2.15663256901	6.67077955491	5.24391797741	0.0	0.6567	1.10631145866	0.0	0.0	0.0	5.38991155147	0.0	0.0	0.0	5.05671868716	0.6567	0.0	0.6567	0.0	0.0	0.0	0.0	3.08644561542	0.0	0.0	2.33204955943	0.0	2.48845741085	0.0	0.0	0.0	0.0	0.0	1.44859308383	0.0	4.68866644246	0.0	0.0	12.7930811194	0.0	0.0	0.0	13.012364409	6.12101416356	7.78553567381	9.88369560713	0.0	0.0	0.0	0.0	0.0	0.0	9.0768553499	0.0	0.6567	0.0	2.15663648505	1.72504442407	18.1909478445	1.95693968464	0.0	0.0	0.0	0.0	0.0	0.0	2.87603477892	0.0	0.0	0.0	0.6567	0.0	0.0	0.0	0.6567	0.0	0.6567	1.95690185695	0.0	6.03485412664	0.0	0.0	3.77423927694	0.0	0.0	0.0	0.0	0.0	0.0	0.0	5.8881311147	8.25445388482	0.0	0.0	0.0	0.0	0.0	0.6567	15.4968101821	4.72053164776	4.09939825156	4.7205533141	0.0	0.0	0.0	0.0	0.0	0.0	0.0	4.099399278	0.0	0.0	0.0	0.0	4.19333524815	0.0	0.0	0.0	0.0	0.0	0.0	0.0	0.0	0.0	0.0	0.0	0.0	8.33904344694	0.0	10.5720539938	1.1063	0.0	0.0	0.0	0.0	0.0	0.0	0.0	0.0	0.0	0.0	0.0	0.0	0.0	0.0	0.0	0.6567	0.0	0.0	0.0	1.44858404533	0.6567	0.0	0.0	0.0	0.0	0.0	0.0	0.0	0.0	0.0	0.0	0.0	0.0	0.0	0.0	0.0	1.1063	0.0	0.0	1.10631145866	0.0	0.0	0.0
TCGA-C8-A12X	6.05290384896	8.15688664214	0.0	0.0	0.0	0.0	1.48112709163	0.0	0.0	3.17984357	0.0	0.0	4.54810539125	1.88262683003	0.0	12.9106302379	8.32548970721	5.67700922041	3.55452943123	10.3624658313	0.0	0.534	4.57548328003	0.0	0.0	0.0	0.0	5.75091400928	8.69175996261	5.7980941991	0.0	0.0	0.534	0.0	0.0	0.0	7.12307062036	0.0	0.0	0.0	3.66051899706	0.0	0.0	0.0	0.0	0.534	1.2288059313	0.0	2.45392518392	0.0	0.0	0.0	0.0	3.31583622241	0.0	0.534	0.0	0.0	0.0	0.0	0.0	4.80082870399	0.0	0.0	12.5194921724	0.0	0.0	0.0	12.8266089829	7.78148982677	10.4192571665	10.0514119099	0.0	0.0	0.922864870027	0.0	0.0	0.0	8.6064924222	0.0	0.922864870027	0.0	3.85165405406	2.56729457987	16.4483803958	6.29434861152	0.0	0.0	0.0	0.0	0.0	0.0	1.2288059313	0.0	0.0	0.0	0.534	0.0	0.0	0.0	0.534	0.534	1.69579484726	0.0	0.0	5.01580138556	0.0	0.922864870027	3.85167246409	0.0	0.0	0.922864870027	0.0	0.534	0.0	0.0	7.3339957783	6.78509098645	0.0	0.0	0.534	0.0	0.0	3.89573011799	15.5332489976	5.4145783899	2.19634099584	5.32067675278	0.0	0.534	0.534	0.0	0.0	0.0	0.0	5.05517741459	0.0	0.0	0.0	1.22885840347	5.50271774261	0.0	0.0	0.0	0.0	0.0	0.0	0.0	0.0	0.0	1.22885840347	0.0	0.0	6.72529116688	0.0	10.6961860115	0.534	0.0	0.0	0.0	0.0	0.0	0.0	0.9228	0.0	0.922864870027	0.0	0.0	0.922864870027	0.0	0.0	0.0	0.922864870027	0.0	0.0	0.0	0.0	0.0	0.0	2.19637086954	0.534	0.0	0.0	0.922864870027	0.0	0.0	0.534	0.0	0.0	0.0	1.2288	0.0	0.0	0.0	0.0	0.0	2.04802573646	0.9228	0.534	0.0
TCGA-E9-A1RB	3.68030235623	9.70885334271	0.0	0.5081	0.0	0.0	0.0	0.0	0.0	0.5081	0.0	0.0	0.5081	3.47655705941	0.0	8.34148075912	8.14032913463	8.13598784269	2.12998961315	12.7025491416	0.0	1.63722685641	0.0	0.0	0.0	0.8831	0.0	3.36277466126	7.34213096081	5.44742869073	0.0	0.0	0.0	0.0	0.0	0.0	6.67089307559	0.0	0.0	0.0	4.43863754452	0.0	0.0	0.0	0.0	0.5081	0.0	0.5081	3.17320730095	0.0	0.0	2.38442656306	0.0	2.26288780508	0.0	0.0	0.0	0.0	0.0	1.18047256202	0.0	5.99774158872	0.0	0.0	9.96607695812	0.0	0.0	0.0	12.3752228301	6.05379903946	8.33771346261	9.46861961048	0.5081	0.0	0.0	0.0	0.0	0.0	8.7349909959	0.0	0.883114001009	0.0	3.58203985104	2.1300086987	18.1280701914	3.72701934199	0.0	0.0	0.0	0.0	0.0	0.0	2.78871551872	0.0	0.0	0.0	0.5081	0.0	0.0	0.0	1.4268	0.0	2.38446676719	0.0	0.0	5.99770225387	0.0	0.0	3.77233816163	0.0	0.0	0.0	0.0	0.0	0.0	0.0	5.79326211609	9.31266443162	0.0	0.0	0.0	0.5081	0.0	0.5081	15.8676999538	3.85883262325	3.47656845215	5.01071166159	0.0	0.5081	0.0	0.0	0.0	0.0	0.0	4.64744885655	0.0	0.0	0.5081	1.18047256202	3.30233239122	0.0	0.0	0.0	0.0	0.0	0.0	0.0	0.0	0.0	1.18048395511	0.0	0.0	8.22008981728	1.1804	10.5789212283	0.8831	0.0	0.8831	0.0	0.0	0.0	0.0	0.0	0.0	0.0	0.0	0.0	0.0	0.0	0.0	0.0	0.0	0.0	0.0	0.0	1.18047256202	0.0	0.0	0.5081	0.0	0.0	0.5081	0.0	0.0	0.0	0.0	0.0	0.0	0.0	0.0	0.0	0.0	0.0	0.0	0.0	0.5081	0.0	0.5081	0.0
TCGA-C8-A26X	4.3563134974	6.31261814874	0.0	0.0	0.0	0.0	0.0	0.0	0.0	0.638354807746	0.0	0.0	0.3542	0.0	0.0	10.8734511025	8.03833408688	2.02202863152	2.51885652552	10.8440541684	0.0	0.3542	1.25796410959	0.0	0.0	0.3542	0.0	3.348286714	8.08937208713	6.18595111319	0.0	0.8757	0.0	0.0	0.0	0.3542	5.66729569594	0.0	0.0	0.0	3.89876999869	0.0	0.0	0.0	0.3542	0.0	0.0	0.0	2.71506563361	0.3542	0.0	0.6384	0.0	2.65257885067	0.0	0.0	0.0	0.0	0.0	2.65259320487	0.0	4.93079567514	0.0	0.0	10.2973966026	0.0	0.0	0.0	13.828573991	6.98957853994	8.70801296171	9.9335040368	0.0	0.0	0.0	0.0	0.0	0.0	8.76546727021	0.0	0.8757	0.0	2.7150794756	0.875684482453	17.5060665262	3.75746296441	0.0	0.0	0.0	0.0	0.0	0.0	0.0	0.0	0.0	0.0	1.07939858628	0.0	0.0	0.3542	0.3542	0.0	1.55976253916	0.6384	0.0	4.14560260945	0.0	0.875684482453	3.22487613423	0.0	0.0	0.0	0.0	0.0	0.0	0.0	6.56245392389	7.20626290547	0.0	0.0	0.0	0.0	1.07941206037	3.08990923657	16.1607298124	5.91363519862	3.66554624706	4.09951778595	0.0	0.0	0.0	0.0	0.0	0.0	0.6384	3.267179424	0.0	0.0	0.3542	0.3542	3.13634921969	0.0	0.0	0.0	0.0	0.3542	0.0	0.0	0.0	0.0	1.07939858628	0.0	0.0	4.4511382312	0.0	9.22732795589	0.3542	0.0	0.0	0.0	0.0	0.0	0.0	1.25796410959	0.0	0.0	0.0	0.3542	0.0	0.0	0.0	0.0	0.3542	0.0	0.0	0.0	0.0	0.0	0.0	1.41668201251	0.0	0.0	0.0	0.0	0.0	0.0	0.0	0.0	0.0	0.0	0.3542	0.875684482453	0.0	0.0	0.0	0.0	1.91950468773	0.0	0.6384	0.0
TCGA-BH-A0DV	4.44007078207	6.41514689256	0.0	0.0	0.5898	0.5898	0.0	0.0	0.0	1.0072	0.0	0.0	1.81767259015	0.0	0.0	12.8547098069	9.89780078969	7.01435897457	0.5898	10.5202307444	0.0	0.0	3.33496208301	0.0	0.0	0.0	0.0	3.26084324615	8.50424228811	5.35397930101	0.0	0.0	0.0	0.0	0.0	0.5898	6.6436731282	0.0	0.0	0.0	6.37181789881	0.5898	0.0	0.5898	7.11236536384	0.0	1.59455453774	0.0	2.0108206385	0.0	0.0	1.00725017975	0.0	3.47255466863	0.0	0.0	0.0	0.0	0.0	2.59699865115	0.0	3.53673183074	0.0	0.0	11.439621139	0.0	0.0	0.0	14.4391804778	8.07778859304	8.85043014464	8.39157844699	0.0	0.0	0.0	0.0	0.0	0.0	9.29868354014	0.0	1.0072	0.0	2.59697425484	1.0072	17.2564035395	3.01265565425	0.0	0.0	0.0	0.0	0.0	0.0	0.0	0.0	0.0	0.0	0.0	0.0	0.0	0.0	0.5898	0.0	2.91945162706	0.5898	0.0	6.82164784173	0.0	1.5946	5.90900583654	0.0	0.0	0.0	0.0	0.0	0.0	0.0	6.05862462529	7.95983342789	0.0	0.0	0.0	0.0	0.5898	2.91942616026	16.0632715316	5.59913656296	4.01353226861	4.22314174425	0.0	0.0	0.5898	0.0	0.0	0.0	0.0	3.53673355507	0.0	0.0	0.0	0.0	7.09118635032	0.0	0.0	0.0	0.0	0.0	0.5898	0.0	0.0	0.0	0.5898	0.0	0.0	5.64350610845	0.5898	8.51228483645	1.5946	0.0	0.0	0.0	0.0	0.0	0.0	1.3306	0.0	0.0	0.0	0.0	0.5898	0.0	0.0	0.0	1.59460138905	0.0	0.0	0.0	0.0	0.0	0.0	0.5898	0.0	0.0	0.0	0.0	0.0	0.0	0.0	0.0	0.0	0.0	0.5898	0.0	0.0	0.0	0.0	0.0	0.0	1.00725017975	0.5898	0.0
TCGA-E2-A1B5	5.45958089137	7.89047258784	0.0	0.0	0.0	0.0	0.5795	0.0	0.0	0.0	0.0	0.0	0.0	0.0	0.0	13.4719785501	7.69780284234	6.18340818574	1.98768169025	11.1621455517	0.5795	0.0	3.89151906514	0.0	0.0	0.0	0.0	5.21275240153	8.74340973102	5.15390093646	0.5795	0.5795	0.0	0.0	0.0	0.0	6.89652697746	0.0	0.0	0.0	3.56986487211	0.0	0.0	0.0	1.312	0.0	0.0	0.0	0.5795	0.0	0.0	1.57401775765	0.0	4.26974456123	0.0	0.0	0.0	0.0	0.0	1.57394947621	0.0	4.15436326693	0.5795	0.0	9.58249437859	0.0	0.0	0.0	14.2793252699	8.5890003771	9.97363115731	8.30997397667	0.0	0.0	0.0	0.5795	0.0	0.0	9.11922849562	0.0	0.0	0.0	4.23231668325	3.30706501354	17.7061269867	5.39328513274	0.0	0.0	0.0	0.0	0.0	0.0	0.0	0.0	0.0	0.0	0.5795	0.0	0.0	0.0	1.57401775765	0.0	1.57401673789	0.0	0.0	6.94939160872	0.0	1.31208187575	4.79140692505	0.0	0.0	0.0	0.0	0.0	0.0	0.5795	7.42235885956	8.01147139964	0.0	0.0	0.0	0.0	1.31208065296	3.15525679858	15.9427828136	9.11277224893	2.44597174012	4.59886240506	0.0	0.0	1.57394947621	0.0	0.0	0.0	0.5795	3.68520900425	0.0	0.0	0.0	0.0	5.17373288599	0.0	0.0	0.0	0.0	0.0	0.0	0.0	0.5795	0.0	1.31208065296	0.0	0.0	4.59889805005	0.9918	9.60285039448	1.57394947621	0.0	0.0	0.0	0.0	0.0	0.0	2.44594821369	0.0	0.0	0.0	0.0	1.31208187575	0.0	0.0	0.0	2.15712806064	0.0	0.0	0.0	0.0	0.0	0.0	1.31208065296	0.0	0.0	0.0	0.0	0.0	0.0	0.0	0.0	0.0	0.0	0.9918	0.0	0.0	0.0	0.0	0.0	0.991798473255	0.5795	0.0	0.0
TCGA-D8-A1XK	5.21343176584	8.57154891852	0.0	0.0	0.0	0.0	1.32433184975	0.0	0.0	0.0	0.0	0.0	1.52616272857	0.4605	3.42999904754	10.5899684071	7.31236915526	7.43029443413	2.132426127	10.9645147137	0.0	0.0	3.42992225089	0.0	0.0	0.809033452018	0.0	3.37872062018	9.2865986975	4.8865665135	0.0	0.4605	0.0	0.0	0.0	0.0	7.0835204724	0.0	0.0	0.0	2.36078486278	0.0	0.0	0.8091	0.0	0.4605	0.4605	0.0	3.42998321279	0.0	0.0	3.21308024423	0.0	3.66195604662	0.0	0.0	0.0	0.0	0.0	4.60381458036	0.0	4.38758102689	0.0	0.0	12.3486880239	0.0	0.0	0.0	11.7320251787	8.0701820933	9.50542428447	8.37148301186	0.0	0.0	0.0	0.8091	0.0	0.0	8.93074321615	1.0896	1.52620321052	0.0	5.72509363105	4.92279452625	16.342098965	5.25660567602	0.0	0.0	0.4605	0.0	0.0	0.0	1.3244	0.0	0.0	0.0	0.0	0.0	0.0	0.0	1.08959082524	0.4605	2.00299689018	0.0	0.8091	7.82899373799	0.0	0.0	2.25114497737	0.0	0.0	0.0	0.0	0.0	0.4605	0.0	6.02082739562	7.03470018749	0.0	0.0	0.0	0.0	0.809033452018	4.92279050388	12.6295400135	6.6424901575	1.08959082524	4.16369549866	0.0	0.0	0.0	0.0	0.0	0.0	0.0	4.95813960088	0.0	0.0	0.8091	0.0	3.6619651655	0.0	0.0	0.0	0.0	0.0	0.0	0.0	0.0	0.0	1.86088557239	0.0	0.8091	8.48633303387	0.0	9.51357391522	0.0	0.0	0.4605	0.0	0.0	0.0	0.4605	1.52620321052	0.0	0.0	0.0	0.0	0.0	0.0	0.0	0.0	1.08959082524	0.0	0.0	0.0	0.0	0.4605	0.0	0.0	0.0	0.0	0.0	1.08953603578	0.0	0.0	0.0	0.0	0.0	0.0	0.809033452018	0.0	0.0	0.4605	0.0	0.0	2.88609367958	0.0	0.0	0.0
TCGA-D8-A1XA	6.57840412223	7.44261436713	0.0	0.0	0.0	0.0	0.0	0.0	0.0	0.0	0.0	0.0	2.93288717698	4.57358661638	0.5006	10.2068013723	8.71965630011	7.91128230208	1.96474440091	12.5348692928	0.0	0.5006	3.45344465271	0.0	0.0	0.0	0.0	4.54827707898	8.44876617274	5.00481263024	0.0	0.0	0.0	0.0	0.0	0.0	7.62336544535	0.0	0.0	0.0	4.54824256171	0.0	0.0	0.5006	0.0	0.0	1.41095338487	0.0	1.41095338487	0.0	0.0	2.67626461427	0.0	2.85231476468	0.0	0.0	0.0	0.0	0.0	1.41097483226	0.0	5.19650181913	0.5006	0.0	10.3657902828	0.0	0.0	0.0	11.7590316813	7.33551674551	9.39343717175	9.2494110636	0.0	0.0	0.0	0.0	0.0	0.0	8.37498196776	0.0	1.41099627932	0.0	3.27948502443	1.9647908038	17.7842360938	5.64216847703	0.0	0.0	0.0	0.0	0.0	0.0	2.57946340498	0.0	0.0	0.0	0.0	0.0	0.0	0.0	1.16630795449	0.871531171988	1.41097483226	0.0	0.0	4.67077399554	0.0	0.8715	4.54825669275	0.0	0.0	0.0	0.0	0.0	0.0	0.0	7.22389237404	7.95295341635	0.0	0.0	0.0	0.0	0.871531171988	1.96468892225	13.9940701365	4.84744502939	3.00916728281	5.63013472898	0.0	0.8715	0.5006	0.0	0.0	0.0	0.0	4.38606004077	0.0	0.0	0.5006	0.5006	5.26039483739	0.0	0.0	0.0	0.0	0.0	0.0	0.0	0.0	0.0	1.16630795449	0.0	0.0	6.89233066706	0.0	11.0416591902	1.41096811859	0.0	0.0	0.0	0.0	0.0	0.0	0.8715	0.0	2.24272998469	0.0	0.0	0.0	0.0	0.0	0.0	2.76699271866	0.0	0.0	0.0	0.5006	0.5006	0.0	2.11046711656	0.0	0.0	0.5006	0.8715	0.0	0.0	0.0	0.0	0.0	0.0	0.5006	0.0	0.0	0.0	0.0	0.0	0.871531171988	1.16633336535	0.0	0.0
TCGA-C8-A135	5.11209982397	7.3921220571	0.0	0.0	0.3971	0.3971	1.18101831365	0.0	0.0	0.3971	0.0	0.0	0.96385095917	0.3971	1.36976915004	12.7859820654	9.45699823867	7.32244474693	2.35586269817	11.5383506442	0.0	0.0	3.15724063572	0.0	0.0	0.708157558894	0.0	4.07401211418	8.32362462987	5.7525377921	0.0	0.9639	0.0	0.0	0.0	0.3971	5.54306498806	0.0	0.0	0.0	4.92918382141	0.708157558894	0.0	0.0	0.0	0.96385095917	0.708157558894	0.96385095917	2.44246929639	0.0	0.0	0.708157558894	0.0	3.6693735026	0.0	0.0	0.0	0.0	0.7081	0.708157558894	0.0	4.77073815626	0.0	0.0	12.1285523991	0.0	0.0	0.0	12.2348053887	8.62163363336	9.06908381143	8.36723416031	0.3971	0.0	0.0	0.3971	0.0	0.0	8.55514224438	0.3971	0.708157558894	0.0	4.22832591374	3.77333961934	17.8066201118	4.53477829996	0.0	0.0	0.0	0.0	0.0	0.0	0.0	0.0	0.3971	0.0	0.3971	0.0	0.0	0.0	0.96385095917	0.0	2.16521044892	0.0	0.0	5.26257963319	0.0	1.53662504142	4.27629142143	0.0	0.0	0.3971	0.0	0.0	0.0	0.0	6.84632012328	8.97137062889	0.3971	0.0	0.0	0.0	0.0	4.38965617326	15.5744261957	6.49239926223	3.55738569495	4.29970764182	0.0	0.708157558894	0.3971	0.0	0.0	0.0	0.3971	5.22640340454	0.0	0.0	0.708157558894	0.3971	5.45198769989	0.0	1.18106050127	0.0	0.0	0.0	0.0	0.0	0.0	0.0	2.05946646974	0.0	0.0	7.36464152321	1.181	4.61155738222	0.708157558894	0.0	0.0	0.0	0.0	0.0	0.0	2.44248844034	0.0	0.0	0.0	0.3971	0.3971	0.3971	0.0	0.0	2.524270827	0.0	0.0	0.0	0.0	0.3971	0.0	1.36969574732	0.0	0.0	0.0	0.708157558894	0.0	0.0	0.0	0.0	0.0	0.0	0.0	0.0	0.0	0.0	0.0	0.0	1.53662504142	0.7081	1.3697327632	0.0
TCGA-D8-A1X9	4.54584267804	9.9956841054	0.0	0.0	0.5118	0.0	0.0	0.0	0.0	0.2785	0.0	0.0	0.5118	1.64583058606	0.0	7.96899827385	8.04423286847	8.29662021908	2.61119315137	13.2962688975	0.0	0.511838642971	0.0	0.0	0.0	0.0	0.0	3.34428833845	6.21839979944	4.77629605104	0.2785	0.0	0.2785	0.0	0.0	0.888840962019	4.25542579317	0.0	0.0	0.0	3.48806960061	0.0	0.0	0.2785	0.2785	0.0	0.0	0.2785	2.75466414263	0.0	0.0	2.33506225922	0.0	3.31370356641	0.0	0.0	0.0	0.0	0.0	0.888875677398	0.0	5.06032619899	0.0	0.0	12.3331338093	0.0	0.0	0.0	12.3883873848	6.17230435365	7.81927612345	9.62591431153	0.0	0.0	0.0	0.0	0.0	0.0	8.19021112062	0.7126	0.2785	0.0	1.43477782596	0.5118	18.4869982203	2.20782687577	0.0	0.0	0.0	0.0	0.0	0.0	0.5118	0.0	0.0	0.0	0.5118	0.0	0.0	0.0	0.7126	0.0	0.0	0.0	0.888840962019	5.43161706511	0.0	0.0	2.45191121937	0.0	0.0	0.5118	0.0	0.0	0.0	0.0	6.42558268698	8.62929246515	0.0	0.0	0.2785	0.0	0.0	0.2785	15.4335620663	3.82801713669	2.92612575487	3.21792786858	0.0	0.0	0.2785	0.0	0.0	0.0	0.0	2.33502783045	0.0	0.0	0.511838642971	0.5118	1.54415814779	0.0	0.2785	0.0	0.0	0.0	0.0	0.0	0.0	0.0	0.888845921729	0.2785	0.0	8.88134156856	0.0	10.3954414552	0.7126	0.0	0.0	0.0	0.0	0.0	0.0	0.2785	0.0	0.0	0.0	0.2785	0.0	0.2785	0.0	0.0	0.0	0.0	0.0	0.0	0.2785	0.2785	0.0	0.888845921729	0.0	0.0	0.0	0.7126	0.0	0.0	0.0	0.0	0.0	0.0	0.0	0.2785	0.0	0.0	0.0	0.0	0.511838642971	0.2785	0.2785	0.0
TCGA-BH-A0AU	5.00885679105	7.95985320527	0.0	0.0	0.0	0.0	0.0	0.0	0.0	0.0	0.0	0.0	1.58483369178	2.43280641078	1.58486154404	11.1267161069	8.99816582678	7.30546354152	2.43283979034	11.4918397762	0.0	1.13745230781	0.8479	0.0	0.0	0.0	0.0	4.44609091196	7.72096962496	6.99304482876	0.0	0.4854	0.0	0.0	0.0	0.0	6.13325449859	0.0	0.0	0.0	5.12917101523	0.8479	0.0	0.0	0.0	0.0	0.847955175186	0.0	1.13740716434	0.0	0.0	1.76538083291	0.0	3.23250046351	0.0	0.0	0.0	0.0	0.0	1.13745230781	0.0	3.65517963203	0.8479	0.0	11.3551175679	0.0	0.0	0.0	12.2497573743	7.01556667982	8.77399592221	9.41559603509	0.0	0.0	0.0	0.0	0.0	0.0	8.56742459396	0.0	0.847955175186	0.0	4.85785767993	2.53589809125	18.0404091246	4.08728014667	0.0	0.0	0.0	0.0	0.0	0.0	0.0	0.0	0.0	0.0	0.847955175186	0.0	0.0	0.0	0.847955175186	0.4854	2.63213889603	0.4854	0.0	6.06595634501	0.0	0.4854	5.20927683852	0.0	0.0	0.0	0.0	0.0	0.0	0.0	6.88982177786	6.56969324157	0.0	0.0	0.0	0.0	0.4854	2.20153542306	14.3390247982	6.24396562489	3.16975608481	4.49812246405	0.4854	0.0	0.0	0.0	0.0	0.0	0.0	4.44607279242	0.0	0.0	0.8479	0.4854	6.18970342848	0.0	1.1374	0.0	0.0	0.0	0.0	0.0	0.0	0.0	0.4854	0.0	0.0	7.11461197339	0.4854	8.99930410654	1.3784095805	0.0	0.0	0.0	0.0	0.0	0.0	1.58485324094	0.0	0.0	0.0	0.0	1.5849	0.0	0.0	0.0	0.4854	0.0	0.0	0.0	0.0	0.0	0.0	0.4854	0.0	0.0	0.0	0.0	0.4854	0.0	0.0	0.0	0.0	0.0	0.0	0.0	0.0	0.4854	0.0	0.0	1.58489990321	0.847955175186	0.0	0.0
TCGA-E2-A1B0	4.64466679986	7.67863094	0.0	0.0	0.0	0.0	0.0	0.0	0.0	0.0	0.0	0.0	0.0	0.0	2.56091564692	11.920355292	8.86749160258	6.9079658157	1.97840709446	12.7272378391	0.5754	0.5754	0.5754	0.0	0.0	0.0	0.0	4.46427776284	8.43678623137	6.3023969825	0.0	0.0	0.0	0.0	0.0	0.0	6.16134924873	0.0	0.5754	0.0	4.87895767861	0.0	0.0	0.0	0.5754	0.9856	0.985632375023	0.0	2.56094990853	0.0	0.0	1.30464374261	0.0	4.2945009219	0.0	0.0	0.0	0.0	0.0	2.1475242588	0.0	5.16173634572	0.9856	0.0	11.0740985503	0.0	0.5754	0.0	12.9237459554	7.63300390575	8.77692335296	8.9555569875	0.0	0.0	0.0	0.5754	0.0	0.0	9.0452863891	1.3047	0.5754	0.0	5.20072980107	3.67382134983	18.5126986723	4.67266156892	0.0	0.0	0.0	0.0	0.0	0.0	0.0	0.0	0.0	0.0	0.0	0.5754	0.5754	0.0	1.56575203825	0.0	3.14429028241	0.0	0.5754	6.29338879246	0.0	0.0	5.27561622568	0.0	0.5754	0.0	0.0	0.0	0.0	0.0	7.44698694878	7.88711300453	0.0	0.0	0.0	0.0	0.0	2.88189730514	16.0755581944	6.69931203982	3.22209626919	5.68592740985	0.0	0.0	0.0	0.0	0.0	0.0	0.0	4.92623707641	0.0	0.0	0.5754	1.30464374261	5.03806780789	0.0	0.5754	0.0	0.0	0.0	0.0	0.0	0.0	0.0	0.0	0.0	0.0	6.59343147428	0.0	8.92388686072	0.985632375023	0.0	0.0	0.0	0.0	0.0	0.0	1.7868	0.0	0.0	0.0	0.0	0.0	0.5754	0.0	0.0	2.14753067584	0.0	0.0	0.0	0.0	0.0	0.0	1.9784143096	0.0	0.0	0.0	0.5754	0.0	0.0	0.0	0.0	0.0	0.0	0.5754	0.9856	0.0	0.0	0.0	0.0	1.30466969452	0.0	0.0	0.0
TCGA-D8-A1XQ	5.35383134998	7.08267425954	0.0	0.2488	0.0	0.2488	0.0	0.0	0.0	0.0	0.0	0.0	0.809691790976	6.2315447578	11.3852630126	11.4892232483	8.06114336642	7.73903431518	2.60429290351	11.5443899387	0.0	0.2488	3.61946465531	0.0	0.0	0.0	0.0	3.74627558232	8.88499374639	5.05222099594	0.0	1.3251	0.0	0.0	0.0	0.6457	7.19065391825	0.0	0.0	0.0	3.18454474078	0.2488	0.2488	0.2488	0.0	0.956724595622	1.42954364306	0.0	1.86171673033	0.0	0.0	1.86180426257	0.0	4.45206952879	0.2488	0.0	0.0	0.0	0.0	0.2488	0.0	5.55777461948	0.0	0.0	13.5386865576	0.0	0.80959272068	0.0	12.9977622674	9.113427332	9.97151627925	8.2459897175	0.0	0.0	0.0	0.645810988578	0.0	0.0	9.34772779329	0.4609	0.956814060752	0.0	5.60878383381	3.89968651278	17.5953045402	4.78307810195	0.0	0.0	0.0	0.0	0.0	0.0	0.4609	0.0	0.0	0.0	0.645810988578	0.0	0.0	0.0	1.09028583152	0.460938309621	2.00390280889	0.0	0.0	7.51988758961	0.0	0.956751763234	5.06035334614	0.0	0.0	0.0	0.0	0.0	0.0	0.0	7.78162747664	7.51250073462	0.0	0.0	0.0	0.0	0.460938309621	5.68461447207	14.0134596299	6.14983130876	1.86172353989	6.09922608757	1.09036139424	0.0	0.809691790976	0.0	0.2488	0.0	0.4609	5.83483874834	1.21241610501	0.0	0.2488	0.645844689734	4.20952387578	1.93456072039	3.12360188715	0.0	0.0	0.0	0.0	0.0	0.0	0.0	0.956751763234	0.0	0.0	6.91056679571	2.60429316953	9.03796345618	0.2488	0.0	0.460938309621	0.2488	0.0	0.0	0.0	4.00491341085	0.0	0.0	0.0	0.0	1.09023265193	0.2488	0.0	0.0	0.956814060752	0.0	0.0	0.0	0.460938309621	0.956758336657	0.0	1.52701182065	0.2488	0.0	0.2488	1.09033662968	0.0	0.0	0.0	0.0	0.0	0.0	0.956758336657	0.0	0.0	0.2488	0.0	0.0	2.30795408546	0.2488	0.0	0.0
TCGA-AO-A1KP	5.56114469085	8.66862020495	0.0	0.0	0.0	0.0	1.1693	0.0	0.0	0.0	0.5022	0.0	1.16935763905	2.24703818948	0.5022	11.3188075219	9.23312044535	5.95888057724	1.96875371801	10.3964470382	0.874	0.5022	3.22143256156	0.0	0.0	0.0	0.0	5.06501143359	8.1481776358	4.72225851507	0.0	0.0	0.0	0.0	0.0	0.0	8.33648568938	0.0	0.0	0.0	5.06497040379	0.5022	0.874	0.5022	0.0	0.0	0.5022	0.0	0.0	0.0	0.0	1.62375580469	0.0	4.67605443809	0.0	0.5022	0.0	0.0	0.0	1.80658577521	0.0	3.08643577996	0.5022	0.0	12.5657046856	0.0	0.0	0.0	14.4305238065	9.09489644281	10.4194393876	8.05864566632	0.0	0.0	0.5022	0.0	0.0	0.0	8.39655178345	0.0	0.874004928923	0.0	4.72230110865	3.5120266491	16.6826022863	6.09692179374	0.0	0.0	0.0	0.0	0.0	0.0	0.0	0.0	0.0	0.0	0.0	0.0	0.0	0.0	0.874004928923	0.0	2.93762385578	1.80654982934	0.0	8.31777598364	0.0	1.62375873595	6.07922699275	0.0	0.0	0.874004928923	0.0	0.0	0.0	0.0	6.72680405722	7.10828113928	0.5022	0.0	0.0	0.0	0.5022	3.01396162401	14.8015721107	5.57380062789	3.45839401179	3.9608926473	0.874	0.5022	1.16935362261	0.0	0.0	0.0	0.0	5.2656861224	0.0	0.0	1.4143992009	0.5022	4.55346295996	2.36832343344	2.68085301046	0.0	0.0	0.0	0.0	0.0	0.0	0.0	2.11465956127	0.0	0.0	5.44184441645	0.874	8.50795722833	1.1693	0.0	0.0	0.0	0.0	0.0	0.0	1.96875371801	0.0	0.0	0.0	0.0	0.0	0.5022	0.0	0.0	0.5022	0.0	0.0	0.0	0.0	0.5022	0.0	1.16935763905	0.0	0.0	0.0	0.0	0.0	0.0	0.0	0.0	0.0	0.0	1.62375580469	0.0	0.0	0.0	0.0	0.0	1.41439581186	0.0	0.5022	0.0
TCGA-E9-A24A	5.82516792247	7.97330660786	0.0	0.0	0.0	0.0	0.0	0.0	0.0	0.0	0.0	0.0	1.55722950724	0.0	0.0	12.2706405898	9.16771328751	6.52341591233	2.28857220995	11.2378349518	0.0	0.4047	3.50611454559	0.0	0.0	0.4047	0.0	4.37518939617	8.32316186781	5.73153547042	0.0	0.4047	0.0	0.0	0.0	0.0	7.60702989295	0.0	0.0	0.0	4.67863804669	0.0	0.0	0.7204	0.0	0.0	1.5572	0.4047	1.5572	0.7204	0.0	2.08340470578	0.0	3.46437416984	0.0	0.0	0.0	0.0	0.0	1.19866864153	0.0	3.99052502977	0.0	0.0	12.1879147977	0.0	0.4047	0.4047	12.6243241986	8.57057301532	9.76880610209	8.6069609654	0.0	0.0	0.0	0.0	0.0	0.0	8.88799184424	0.7204	0.979258874708	0.0	3.33149231307	2.18963136918	17.7368193804	4.18284177532	0.0	0.0	0.0	0.0	0.0	0.0	0.4047	0.0	0.0	0.0	0.4047	0.0	0.0	0.4047	1.3890061366	0.0	2.18963881158	0.720389852704	0.0	6.28066002818	0.4047	0.979258874708	4.86646718251	0.0	0.0	0.0	0.0	0.0	0.0	0.0	7.88712086012	7.57800972333	0.0	0.0	0.0	0.0	0.4047	3.28436165485	14.5619834678	6.22551431277	2.83839197611	4.64168932651	0.0	0.0	3.18512268789	0.0	0.0	0.0	0.0	5.60286438712	0.0	0.0	0.4047	0.0	5.32845988777	0.0	0.0	0.0	0.0	0.0	0.4047	0.4047	0.4047	0.0	1.96873105399	0.0	0.0	5.74900765892	0.0	10.3876140148	0.0	0.0	0.0	0.0	0.0	0.0	0.0	0.9792	0.0	0.0	0.0	0.0	0.720389852704	0.4047	0.0	0.0	1.55719574833	0.0	0.0	0.0	0.0	0.0	0.0	0.720389852704	0.0	0.0	0.0	0.979258874708	0.0	0.0	0.0	0.0	0.0	0.0	0.4047	0.0	0.0	0.0	0.0	0.4047	1.84419761924	0.4047	0.4047	0.0
TCGA-AR-A1AY	5.28646715479	7.15080455953	0.0	0.0	0.0	0.0	0.0	0.0	0.0	0.0	0.0	0.0	1.00050621932	1.00050621932	1.5856911374	11.3523197199	7.7153654277	7.23947836965	2.80830310183	11.0899052689	0.0	0.0	1.0005	0.0	0.0	0.0	0.5853	4.04542271337	8.97406781791	6.1200472947	0.0	0.5853	0.0	0.0	0.0	0.5853	6.43573744367	0.0	0.0	0.0	4.58599332983	0.0	0.0	0.5853	0.5853	0.0	0.0	0.0	3.08845743637	0.0	0.0	3.08841938553	0.0	4.70148315531	0.0	0.0	0.0	0.0	0.0	0.5853	0.0	3.248890955	0.0	0.0	13.4907849455	0.0	0.0	0.0	12.7243267617	8.16598248124	8.65213632793	9.07657921184	0.0	0.0	0.5853	0.5853	0.0	0.0	9.71361301049	2.0008	1.32253553675	0.0	5.47679354941	4.97832488659	17.6411469639	5.61577015948	0.0	0.0	0.0	0.0	0.0	0.0	3.39329124963	0.0	0.0	0.0	0.5853	1.0005	0.0	0.0	0.5853	0.0	1.8081	1.5857	0.0	5.54023933406	0.0	0.0	4.39331509195	0.0	0.0	0.0	0.0	0.0	0.0	0.0	6.52464475626	8.89892144204	0.0	0.0	0.0	0.5853	0.0	4.55563595898	14.8479504359	4.85902745227	2.5858311853	5.55569558189	0.0	0.0	0.0	0.0	0.0	0.0	0.0	5.15082617236	0.0	0.0	0.0	0.0	4.64487384951	0.0	0.0	0.0	0.0	0.5853	0.0	0.5853	0.0	0.0	3.17088672593	0.0	0.0	6.78899517633	0.0	9.58795227038	0.0	0.0	0.0	0.0	0.0	0.0	0.0	1.3226	0.0	0.0	0.0	0.0	0.0	0.0	0.0	0.0	0.5853	0.0	0.0	0.0	0.5853	0.0	0.0	1.32253056165	0.0	0.0	0.0	0.5853	0.0	0.0	0.0	0.0	0.0	0.0	0.5853	0.0	0.0	0.0	0.0	0.0	1.00050621932	0.0	0.5853	0.0
TCGA-EW-A1IY	5.80282644927	7.77263890492	0.0	0.0	0.0	0.0	0.0	0.0	0.0	0.0	0.4917	0.0	0.0	0.0	0.8578	11.5155842	8.92811740712	6.70812584062	2.0871	11.5886014702	0.0	0.4917	3.4257782424	0.0	0.0	0.0	0.0	3.47931489533	8.37492909113	5.37890815104	0.0	0.4917	0.0	0.0	0.0	0.0	6.80038933202	0.0	0.0	0.0	4.49338209065	0.0	0.0	0.4917	0.4917	0.0	0.857743424902	0.0	1.39202652498	0.0	0.0	1.5995915284	0.0	3.80689607453	0.0	0.0	0.0	0.0	0.4917	1.78101373626	0.0	4.07367896777	0.8578	0.0	9.60264560508	0.0	0.0	0.0	11.8561049597	7.53747132316	9.34957894117	8.0759951052	0.0	0.0	0.0	0.0	0.0	0.0	8.51123603906	0.4917	0.0	0.0	4.59384976563	2.33940768977	17.7010988573	6.37563454852	0.0	0.0	0.0	0.0	0.0	0.0	0.0	0.0	0.0	0.0	0.4917	0.0	0.0	0.0	0.4917	0.0	2.45080599509	1.14950222508	0.0	5.95225309794	0.0	0.857743424902	4.5191648539	0.0	0.0	0.0	0.0	0.0	0.0	0.0	6.57928172472	7.57481289749	0.0	0.0	0.0	0.0	0.4917	2.33950475091	15.0258755633	6.8570670271	2.65063539449	3.88831863272	0.0	0.8578	1.39202840577	0.0	0.0	0.0	0.0	3.80689174558	0.0	0.0	0.0	0.4917	4.68777576169	0.0	0.0	0.0	0.0	0.0	0.4917	0.0	0.0	0.0	0.8578	0.0	0.0	6.05275072518	0.0	9.34781767897	0.4917	0.0	0.0	0.0	0.0	0.0	0.0	1.392	0.0	0.0	0.0	0.0	0.0	0.0	0.0	0.0	0.8578	0.0	0.0	0.0	0.8578	0.0	0.0	1.14950222508	0.0	0.0	0.0	0.4917	0.0	0.0	0.0	0.0	0.0	0.0	0.4917	0.0	0.0	0.857743424902	0.0	0.0	1.39202840577	0.0	0.0	0.4917
TCGA-BH-A18N	4.96532508735	9.50723725231	0.0	0.0	0.0	0.0	0.0	0.0	0.0	2.39301151891	0.0	0.0	1.27355961524	0.0	0.0	12.1049826766	8.56966889463	8.18072509436	2.10683819854	11.1910889871	0.0	0.959819161461	0.959819161461	0.0	0.0	0.0	0.0	3.44922748038	8.08109573601	5.8739704416	0.0	0.5583	0.0	0.0	0.0	0.0	7.89310871748	0.0	0.0	0.0	4.72873498858	0.0	0.0	1.2735	0.0	0.0	0.9598	0.5583	1.27355961524	0.0	0.0	2.39302478079	0.0	2.92884711209	0.0	0.5583	0.0	0.0	0.0	1.27357503147	0.0	3.83085152792	0.5583	0.0	11.5064407516	0.0	0.0	0.0	12.2094494585	7.20891150803	8.8987124291	8.79049739205	0.0	0.0	0.0	0.0	0.0	0.0	8.92136101179	0.0	1.27355961524	0.0	4.72877125874	2.25704463741	17.6111596857	4.56561164385	0.0	0.0	0.0	0.0	0.0	0.0	0.5583	0.0	0.0	0.0	0.5583	0.0	0.0	0.0	0.0	0.0	1.53110966429	5.87391061292	0.0	6.25034124903	0.0	0.959819161461	4.38162266007	0.0	0.0	0.0	0.0	0.0	0.0	0.0	7.90171281918	7.82564126926	0.0	0.0	0.0	0.0	0.5583	3.78215709598	15.1464301054	4.64948769565	2.83645430615	4.75424928412	0.0	0.0	0.0	0.0	0.0	0.0	0.5583	6.75201311061	0.0	0.0	0.5583	0.0	5.37970471525	0.0	0.0	0.0	0.0	0.0	0.0	0.0	0.0	0.0	0.0	0.0	0.0	6.72649902818	0.5583	9.18064148079	0.959819161461	0.0	0.0	0.0	0.0	0.0	0.0	2.5173	0.0	0.0	0.0	0.0	0.5583	0.0	0.0	0.0	0.959819161461	0.0	0.0	0.0	0.0	0.0	0.0	0.0	0.0	0.0	0.5583	0.5583	0.0	0.0	0.0	0.0	0.0	0.0	0.5583	0.0	0.0	0.0	0.0	0.0	1.53113545577	0.0	0.0	0.0
TCGA-D8-A27L	2.53929037299	9.0168529082	0.0	0.0	0.1466	0.1466	0.1466	0.1466	0.0	0.1466	0.0	0.0	0.513852189794	0.401521309116	0.0	8.45774103071	8.34035732273	5.61220152961	0.618016508692	9.82717544398	0.0	0.279667710144	0.1466	0.0	0.0	0.1466	0.0	2.40001275703	6.88012737784	5.04349147886	0.1466	0.0	0.0	0.0	0.1466	0.401521309116	5.0574930543	0.0	0.2797	0.0	4.24548753597	0.0	0.0	0.806273337914	0.1466	0.0	0.0	0.0	2.03620329029	0.0	0.0	1.12202220384	0.0	1.25729824769	0.0	0.0	0.0	0.0	0.1466	0.715237467904	0.0	4.61646381797	0.0	0.0	11.3654445009	0.0	0.0	0.0	14.4957659927	6.35694239592	7.42372265006	8.1421065499	0.0	0.0	0.0	0.0	0.0	0.0	8.48384147038	0.513832476908	1.43897352185	0.0	1.4947686757	1.65033010994	17.5217030631	3.49410962558	0.0	0.0	0.0	0.0	0.0	0.0	0.8919	0.0	0.0	0.0	0.1466	0.0	0.0	0.0	0.618016508692	0.1466	1.9981276372	1.74545114357	0.0	4.13566263338	0.1466	0.513832476908	3.22381647039	0.0	0.0	0.0	0.0	0.0	0.0	0.0	5.74474525672	7.84607979881	0.0	0.0	0.0	0.0	0.1466	1.74542438772	16.673337517	5.01515011155	4.6659480855	3.22379438966	0.0	0.0	0.401521309116	0.0	0.0	0.0	0.0	4.03576223845	0.0	0.0	0.1466	0.1466	2.86996119154	0.0	0.0	0.0	0.0	0.0	0.1466	0.0	0.0	0.0	0.1466	0.0	0.0	5.57389459192	0.0	9.06459359298	0.1466	0.0	0.0	0.0	0.0	0.0	0.0	0.618016508692	0.0	0.0	0.0	0.0	0.4015	0.0	0.0	0.0	0.0	0.0	0.0	0.0	0.1466	0.401521309116	0.0	0.513852189794	0.0	0.0	0.1466	0.0	0.0	0.0	0.0	0.0	0.0	0.0	0.0	0.0	0.0	0.0	0.0	0.0	1.04931104204	0.4015	0.0	0.0
TCGA-E2-A14X	5.41193574994	7.06812375639	0.0	0.0	0.0	0.0	0.4355	0.0	0.0	0.0	0.4355	0.0	0.4355	0.4355	2.28562301369	13.2017789925	8.2479937829	6.95791618838	2.73064122403	10.7559413526	0.0	0.4355	3.39409671589	0.0	0.0	0.0	0.0	3.77447639704	9.62549291554	5.75089071488	0.0	0.0	0.4355	0.0	0.0	0.0	6.34577280426	0.0	0.0	0.0	4.10497174561	0.7695	0.0	0.4355	0.0	0.0	0.7695	0.0	2.48033332157	0.4355	0.0	1.63886006564	0.0	2.0604257495	0.0	0.0	0.0	0.0	0.0	2.65199297746	0.0	4.5137935765	0.0	0.0	13.9071014691	0.0	0.0	0.0	12.7571474862	8.50881749055	9.42417676769	7.99852382805	0.4355	0.0	0.0	3.12955806673	0.0	0.0	8.91693873578	0.0	2.0604346955	0.0	5.86864293082	4.93529010191	17.192590511	4.19098253719	0.0	0.0	0.0	0.0	0.0	0.0	1.46553362178	0.0	0.0	0.0	0.0	0.0	0.0	0.0	0.7695	0.4355	2.38633191446	0.0	0.0	5.44735659353	0.0	1.63886006564	4.70130582635	0.0	0.769567718133	0.0	0.0	0.0	0.0	0.0	6.2949184315	7.30508461198	0.0	0.0	0.4355	0.0	1.4656178525	4.42193397	15.3969774486	7.77777087541	2.28566948603	5.92833976048	0.0	0.0	0.769567718133	0.0	0.0	0.0	0.0	5.47045512411	0.0	0.0	0.0	0.4355	6.0560803663	0.0	0.0	0.0	0.0	0.0	0.0	0.0	0.4355	0.0	1.04058270725	0.0	0.0	7.21216664353	0.0	10.2668882483	0.0	0.0	0.4355	0.0	0.0	0.0	0.0	2.73066397529	0.0	0.0	0.4355	0.0	0.0	1.04063882531	0.0	0.0	1.93315722925	0.0	0.0	0.0	0.0	0.0	0.0	2.4804377771	0.0	0.0	0.0	0.0	0.0	0.0	0.0	0.0	0.0	0.0	1.04063882531	0.0	0.0	0.4355	0.0	0.0	2.38635241526	0.4355	0.0	0.0
TCGA-D8-A27E	4.90376826225	10.4236763748	0.0	0.0	0.0	0.0	0.0	0.0	0.0	0.2746	0.0	0.2746	1.89753098877	3.19807555554	0.0	10.2249455939	6.73140093164	7.14875900087	2.31726120022	9.75489455524	0.0	1.03448081161	0.704	0.0	0.0	0.0	0.0	3.0230844879	7.78891440848	5.46571285192	0.0	0.0	0.0	0.0	0.0	0.2746	6.00721967286	0.0	0.0	0.0	2.43378112385	0.0	0.0	0.0	0.0	0.0	1.03445184451	0.2746	0.2746	0.2746	0.0	1.52957421317	0.0	1.52959020526	0.2746	0.0	0.0	0.0	0.0	2.12258296026	0.0	5.04787975391	1.8975537276	0.0	9.95409889811	0.0	0.0	0.0	13.5950146745	6.91303890843	7.65723950792	9.52585233395	0.0	0.0	0.0	0.0	0.0	0.0	8.0394405489	0.2746	0.0	0.0	2.82382676448	1.63073146925	16.8433185969	4.21820386605	0.0	0.0	0.0	0.0	0.0	0.0	1.52959299752	0.0	0.0	0.0	0.505197160129	0.0	0.0	0.2746	0.704	0.0	1.03444987673	1.30316494505	0.0	3.57326525581	0.0	0.703967789575	2.12256977663	0.0	0.0	0.2746	0.0	0.0	0.0	0.0	6.23718350399	7.97838830032	0.0	0.0	0.0	0.0	0.505197160129	2.98541319989	15.3997020858	4.70936281119	1.52957560931	3.32422519434	0.0	0.0	0.0	0.0	0.2746	0.0	0.0	5.8110633351	0.0	0.0	0.0	0.0	0.878639192432	0.0	0.0	0.0	0.0	0.2746	0.2746	0.0	0.0	0.0	0.505197160129	0.0	0.2746	6.29992507606	0.0	9.58845526392	0.505197160129	0.0	0.0	0.0	0.0	0.0	0.0	1.1751	0.0	0.0	0.0	0.0	0.8787	0.2746	0.0	0.0	0.5052	0.0	0.0	0.0	0.878637000222	0.5052	0.0	0.703965315212	0.0	0.0	0.2746	0.2746	0.0	0.0	0.0	0.0	0.0	0.0	0.505197160129	0.0	0.0	0.0	0.0	0.0	0.704	0.2746	0.0	0.0
TCGA-E9-A1N4	4.38138642564	7.53013793219	0.0	0.0	0.0	0.0	0.0	0.0	0.0	1.14718891611	0.0	0.0	0.855880819297	0.0	0.4905	8.75711606427	7.43542373401	7.50464354824	1.77805348885	12.1733488786	0.0	0.4905	0.4905	0.0	0.0	0.0	0.0	3.36643663461	6.19139570717	5.24215108009	0.0	0.0	0.0	0.0	0.0	0.4905	5.85027773503	0.0	0.0	0.0	3.62508744293	0.0	0.0	0.4905	0.0	0.4905	0.0	0.0	1.9390509867	0.0	0.0	0.8559	0.0	1.59677227223	0.0	0.0	0.0	0.0	0.0	0.4905	0.0	5.53456614869	0.0	0.0	10.2917177979	0.0	0.0	0.0	12.3661354852	5.24219170275	7.25601753844	8.64481865031	0.0	0.0	0.0	0.0	0.0	0.0	8.47792767112	0.0	0.0	0.0	3.12000644285	2.44740369165	17.7626471866	3.52712923108	0.0	0.0	0.0	0.0	0.0	0.0	0.0	0.0	0.0	0.0	0.4905	0.0	0.0	0.0	0.4905	0.8559	0.4905	0.0	0.0	3.36646864904	0.0	0.0	2.82253798806	0.0	0.0	0.0	0.0	0.0	0.0	0.0	4.48938068358	6.90752365623	0.0	0.0	0.0	0.0	0.4905	0.0	14.6468670389	4.29478504585	2.21546841051	4.4363960656	0.0	0.0	0.0	0.0	0.0	0.0	0.0	2.55067691613	0.0	0.0	1.1472	0.0	1.38944287737	0.0	0.0	0.0	0.0	0.0	0.0	0.0	0.0	0.0	0.0	0.4905	0.0	5.97626332329	0.0	9.73091793692	0.0	0.0	0.0	0.0	0.0	0.0	0.0	0.0	0.0	0.0	0.0	0.0	0.0	0.0	0.0	0.0	0.0	0.0	0.0	0.0	0.0	0.0	0.0	0.0	0.0	0.0	0.0	0.4905	0.4905	0.0	0.0	0.0	0.0	0.0	0.0	0.0	0.0	0.4905	0.0	0.0	0.4905	0.0	0.0	0.0
TCGA-D8-A1XO	5.28001196636	6.56669432059	0.0	0.0	0.3116	0.0	0.0	0.0	0.0	0.974109434757	0.0	0.0	0.5678	0.3116	2.2069	11.710086607	9.55473915316	5.76888018682	2.6563947006	10.3463018754	0.0	0.3116	3.20130370752	0.0	0.0	0.0	0.0	3.88195381971	7.94939612753	4.48921289416	0.0	0.3116	0.0	0.0	0.0	0.0	5.97650834513	0.0	0.0	0.0	4.53494841719	0.0	0.0	0.0	0.0	0.0	0.567707702677	0.0	1.14110490427	0.0	0.0	0.567707702677	0.0	3.12362147187	0.0	0.0	0.0	0.0	0.0	1.42640399969	0.0	2.99862737715	0.3116	0.0	12.8563498386	0.0	0.0	0.0	12.4854169227	8.15620095313	8.75367057063	8.60430375644	0.0	0.0	0.0	0.0	0.0	0.0	8.45176918651	0.3116	0.785132038216	0.0	4.03836233139	1.55032071327	17.315405545	5.21598315659	0.0	0.0	0.0	0.0	0.0	0.0	1.6645	0.0	0.0	0.0	0.0	0.0	0.0	0.0	0.3116	0.3116	1.42640399969	1.77025821812	0.0	6.57770488949	0.0	0.785211423463	6.15308334838	0.0	0.0	0.0	0.0	0.0	0.0	0.0	8.08111133201	7.6380621428	0.0	0.0	0.0	0.0	0.0	3.20130857331	13.6270106094	5.23455197907	2.60010022538	4.10053709622	0.0	0.0	0.567707702677	0.0	0.0	0.0	0.0	4.67771144879	0.0	0.0	0.0	0.7852	4.83223222149	0.0	0.0	0.0	0.0	0.0	0.785132038216	0.0	0.0	0.0	1.42640399969	0.0	0.0	5.06827678704	0.3116	9.32233190003	0.785211423463	0.0	0.0	0.0	0.0	0.0	0.0	1.961	0.0	0.0	0.0	0.0	1.14116640911	0.0	0.0	0.0	0.5678	0.0	0.0	0.0	0.0	0.0	0.0	0.974179073897	0.0	0.0	0.0	0.0	0.0	0.0	0.0	0.0	0.0	0.0	0.0	0.0	0.0	0.0	0.0	0.0	1.66444920178	0.0	0.0	0.0
TCGA-C8-A12W	5.10035966527	7.37058341133	0.0	0.0	0.0	0.0	0.0	0.0	0.0	0.0	0.0	0.0	0.0	0.0	5.68079481968	11.0286591803	8.61411587025	8.09213641037	2.34428763005	11.10493681	0.0	0.0	1.89479946327	0.0	0.0	0.0	0.0	4.41890275624	8.20610261016	5.6808102115	0.0	0.0	0.0	0.0	0.0	0.0	5.94232644797	0.0	0.0	0.0	5.18361389975	0.0	0.0	0.7482	0.0	0.7482	1.60362661766	1.2384	1.89482121585	0.0	0.0	2.34429623428	0.0	3.72622637608	0.0	0.0	0.0	0.0	0.0	0.7482	0.0	4.4640516507	1.2384	0.0	10.5406250923	0.0	0.0	0.0	13.5526863204	7.44563031037	8.75010246308	9.60719998134	0.0	0.0	0.0	0.0	0.0	0.0	8.98883866923	0.0	0.7482	0.0	3.4848326463	1.60362661766	18.4954323368	2.6865067286	0.0	0.0	0.0	0.0	0.0	0.0	0.0	0.0	0.0	0.0	0.7482	0.0	0.0	0.0	0.7482	0.0	1.6036	0.0	0.0	5.1003329836	0.0	1.2384	4.88492901416	0.0	0.0	0.0	0.0	0.0	0.0	0.0	6.47054602037	8.04833376649	0.0	0.0	0.0	0.0	0.7482	2.68650201818	15.5864946237	5.15639804049	3.08348471037	4.46407680784	0.0	0.0	0.0	0.0	0.0	0.0	0.0	5.01195407063	0.0	0.0	0.0	0.7482	6.03496631883	0.0	0.7482	0.0	0.0	0.7482	0.0	0.0	0.0	0.0	0.7482	0.0	0.0	7.28515978698	0.0	9.31714628707	0.7482	0.0	0.0	0.0	0.0	0.0	0.0	2.137	0.0	0.0	0.0	0.0	0.7482	0.0	0.0	0.0	0.0	0.0	0.0	0.0	0.0	0.0	0.0	0.0	0.0	0.0	0.0	0.7482	0.0	0.0	0.0	0.0	0.0	0.0	0.0	0.0	0.0	0.0	0.0	0.0	1.60363820105	0.0	0.0	0.0
TCGA-C8-A12K	5.19435361128	7.55254408396	0.0	0.0	0.0	0.0	1.2890934164	0.0	0.0	0.5668	0.0	0.0	0.5668	2.12726114428	0.0	11.719069571	8.02195277388	6.83413056742	3.03896943618	11.6360311003	0.0	0.0	3.27240313141	0.0	0.0	0.0	0.0	4.96900156264	9.15571460416	6.52294226355	0.0	1.7682	0.0	0.0	0.0	0.0	7.24907484853	0.0	0.0	0.0	3.27244964949	0.0	0.0	0.0	0.0	0.9727	1.54843170561	0.5668	3.12104595864	0.0	0.5668	1.54844648213	0.0	4.1957945888	0.0	0.0	0.0	0.0	0.0	0.5668	0.0	4.19580958395	0.0	0.0	7.04862881861	0.0	0.0	0.0	13.9076067798	8.92656878636	10.4841121944	8.96465411941	0.0	0.0	0.0	0.0	0.0	0.0	9.42072489069	0.5668	1.95883854394	0.0	5.32129567336	4.77977084667	17.9436572241	5.26824816165	0.0	0.0	0.0	0.0	0.0	0.0	1.54843170561	0.0	0.0	0.0	0.972669778143	0.0	0.0	0.0	1.54842620518	0.9727	2.53915634056	0.5668	0.5668	6.95097166861	0.0	0.0	3.94845037384	0.0	0.0	0.0	0.0	0.0	0.0	0.0	7.66628694556	8.57439876163	0.0	0.0	0.0	0.0	0.5668	4.75427291826	14.8668944802	8.33307947065	2.53921991314	5.38914547855	0.0	0.9727	0.0	0.0	0.0	0.0	0.0	4.19578785628	0.0	0.0	0.5668	0.0	3.40945420174	0.0	0.0	0.0	0.0	0.0	0.0	0.0	0.0	0.0	0.972669778143	0.0	0.0	7.13015361837	0.0	11.3648501799	0.0	0.0	0.972669778143	0.0	0.0	0.0	0.0	0.9727	0.0	0.0	0.0	0.0	0.9727	0.0	0.0	0.5668	2.76024271515	0.0	0.0	0.0	0.5668	0.0	0.0	0.5668	0.0	0.0	0.0	1.2890934164	0.0	0.0	0.0	0.0	0.0	0.0	0.9727	0.0	0.0	0.0	0.0	0.0	2.65391146865	0.972669778143	0.5668	0.0
TCGA-BH-A1EV	7.52030931939	7.18106231515	0.0	0.0	0.0	0.0	0.6876	0.0	0.0	0.0	0.0	0.0	0.6876	0.0	1.15134185557	11.6971671	9.00375678245	7.13165179989	2.55707047077	10.5361330799	0.0	0.0	3.42901456092	0.0	0.0	0.0	0.0	5.60382086073	8.99859682223	6.6070389309	0.0	0.6876	0.0	0.0	0.0	0.0	7.5106568318	0.0	0.0	0.6876	5.36819622085	0.0	0.0	0.6876	0.0	0.0	2.82913926201	0.0	2.69949369085	0.0	0.0	1.7834555598	0.0	4.2256461564	0.0	0.0	0.0	0.0	0.0	1.15134185557	0.0	4.95055695928	0.0	0.0	11.4159828812	0.0	0.6876	0.0	12.9793846308	7.2405102154	9.67391802434	8.35890668652	0.0	0.0	0.0	0.0	0.0	0.0	8.12645714301	0.0	1.15134185557	0.0	3.78904448636	2.94804619422	17.386420171	5.65718715078	0.0	0.0	0.0	0.0	0.0	0.0	1.78349307662	0.0	0.0	0.0	0.0	0.0	0.0	0.0	1.50176798951	0.0	2.55708253415	2.01906328633	1.78349307662	6.27298021276	0.0	0.6876	6.1039701763	0.0	0.0	0.0	0.0	0.0	0.0	0.0	8.20620793252	9.95967158516	0.0	0.6876	0.6876	0.0	0.6876	3.50853080062	15.6057143948	7.04087587273	2.69949957832	4.36041916441	0.0	0.0	1.50176798951	0.0	0.0	0.0	0.0	5.0864328542	0.0	0.0	1.15134185557	0.6876	4.52257379496	0.0	0.0	0.0	0.0	0.6876	0.6876	0.0	0.0	0.0	1.7834555598	0.0	0.0	7.00706059781	2.9480230722	8.97603104246	2.0191	0.0	0.0	0.6876	0.0	0.0	0.0	2.5571	0.0	0.0	0.0	0.0	1.5018	0.0	0.0	0.0	0.6876	0.0	0.0	0.0	0.0	0.0	0.0	1.1514	0.0	0.0	0.0	1.15134185557	0.0	0.0	0.0	0.0	0.0	0.0	1.5018	0.0	0.0	0.0	0.0	0.0	1.783418042	0.6876	0.0	0.0
TCGA-C8-A12Z	4.83139549259	7.4021980035	0.0	0.0	1.4141	0.0	0.8738	0.0	0.0	0.0	0.0	0.0	0.0	0.0	1.41411738211	10.9804669631	8.79397129544	7.30678406794	2.11433398393	11.90917125	0.0	0.8738	3.5634	0.0	0.0	0.0	0.0	3.99857660317	8.78310513002	5.94875458969	0.0	1.4141	0.0	0.0	0.0	0.0	7.2527339009	0.0	0.0	0.0	4.99096465092	0.0	0.0	0.0	0.0	0.8738	1.80630331167	0.0	2.1143	0.0	0.0	0.8738	0.0	3.08613544537	0.0	0.0	0.0	0.0	0.0	1.41411738211	0.0	3.99857060326	0.0	0.0	13.9564549324	0.0	0.0	0.0	12.1058761283	7.43034431003	9.32079322421	8.81809693098	0.0	0.0	0.0	0.0	0.0	0.0	8.71900052102	0.0	0.0	0.0	5.20143087304	1.80630331167	18.2914781542	4.65197884497	0.0	0.0	0.0	0.0	0.0	0.0	0.8738	0.0	0.0	0.0	0.0	0.0	0.0	0.0	0.0	0.0	2.58372009334	0.0	0.0	4.55314775209	0.0	0.8738	5.20148300313	0.0	0.0	0.0	0.0	0.0	0.0	0.0	6.73767977296	7.64352054148	0.0	0.0	0.0	0.0	0.8738	2.36803747871	14.9063484426	4.44702546174	3.34442420654	3.99856505734	0.0	0.0	1.41411738211	0.0	0.0	0.0	0.0	4.20800926853	0.0	0.0	0.8738	0.0	4.7886066182	0.0	0.0	0.0	0.0	0.0	0.0	0.0	0.0	0.0	0.0	0.0	0.0	6.36772941988	2.93728782622	9.78280448873	0.0	0.0	0.0	0.0	0.0	0.0	0.0	2.77130139889	0.0	0.0	0.0	0.0	0.0	0.0	0.0	0.0	0.8738	0.0	0.0	0.0	0.0	0.0	0.0	0.8738	0.0	0.0	0.0	0.0	0.0	0.0	0.0	0.0	0.0	0.0	0.8738	0.0	0.0	0.0	0.0	0.0	1.80630331167	0.0	0.8738	0.0
TCGA-A7-A13G	6.67137274572	7.38521921262	0.0	0.2937	0.2937	0.2937	0.2937	0.0	0.0	0.0	0.0	0.0	1.48866097176	0.2937	0.2937	12.0606462305	8.86101538813	6.38994862686	2.82702468525	10.6006098639	0.0	0.2937	4.12774743507	0.0	0.0	0.0	0.0	5.07632042833	8.61737560748	5.75646903641	0.0	0.2937	0.0	0.0	0.0	0.2937	8.20659841864	0.0	0.0	0.0	5.19668408848	0.5376	0.0	0.2937	0.0	0.746171463259	0.928388384022	0.0	0.7462	0.0	0.0	1.36762573268	0.0	3.07906270204	0.0	0.2937	0.0	0.0	0.0	1.70388891426	0.0	3.88486707303	0.746175000171	0.0	11.8202474485	0.0	0.0	0.2937	14.0277692575	7.73017975091	8.99473346281	8.60573599301	0.2937	0.0	0.0	0.0	0.0	0.0	8.16292350009	0.5376	0.928366350069	0.0	3.22556750828	1.60028723909	16.7429323219	4.38324632202	0.0	0.0	0.0	0.0	0.0	0.0	0.0	0.0	0.0	0.0	0.0	0.0	0.0	0.0	1.09010519347	0.0	2.13313360675	1.09012489067	0.0	4.82369931465	0.0	0.5376	4.90208267087	0.0	0.2937	0.0	0.0	0.0	0.0	0.0	6.96524696962	6.36645329982	0.0	0.0	0.0	0.0	0.2937	2.2744859835	14.9634254178	4.48859299436	3.35855721107	4.95549728059	0.0	0.0	3.15417339541	0.0	0.0	0.0	0.0	6.2471335031	0.0	0.0	0.537604087054	0.2937	5.6173556637	0.0	0.2937	0.0	0.0	0.0	0.0	0.0	0.0	0.0	0.537604087054	0.0	0.0	4.95553615663	0.0	9.5946260371	0.2937	0.0	0.0	0.0	0.0	0.0	0.0	1.97638315251	0.0	0.2937	0.0	0.0	0.537604087054	0.5376	0.0	0.0	0.2937	0.0	0.0	0.0	0.0	0.5376	0.0	2.27448619645	0.0	0.0	0.0	0.928363232765	0.0	0.0	0.0	0.0	0.0	0.0	0.537604087054	0.0	0.0	0.2937	0.0	0.0	1.8911638303	1.36762144803	0.0	0.0
TCGA-E9-A228	6.28586685957	11.1813522578	0.4215	0.0	0.0	0.0	0.0	0.0	0.0	1.12937015295	0.0	0.0	2.48050705053	0.421519522486	0.421519522486	13.031365342	8.61371190341	6.72125846441	2.79451288813	11.5624034691	0.0	0.421519522486	0.0	0.0	0.0	0.4215	0.0	3.99369100013	8.69748816701	5.89971192081	0.0	0.5936	0.2261	0.2261	0.0	0.0	6.71661166546	0.0	0.0	0.0	4.03904802141	0.593581415096	0.0	0.2261	0.0	0.0	1.01292303637	0.593581415096	2.64605066722	0.0	0.0	1.12939053528	0.0	5.09101588555	0.4215	0.0	0.0	0.0	0.0	2.0193276572	0.0	4.32204989026	0.4215	0.0	12.5936212394	0.0	0.0	0.0	12.2486437504	8.2978480538	9.82090112444	8.03400551536	0.0	0.0	0.0	0.0	0.0	0.0	8.72662134968	0.7473	0.886234064194	0.0	5.40592465753	3.29607987452	17.8375969043	6.66446149659	0.0	0.0	0.0	0.593581415096	0.0	0.0	1.68055735879	0.0	0.0	0.0	0.2261	0.0	0.0	0.0	1.23714080897	0.4215	3.56781419723	0.0	0.0	6.29524383433	0.421519522486	1.43117656153	5.44010547566	0.0	0.0	0.0	0.0	0.0	0.0	0.0	8.15490215671	7.75687519286	0.0	0.0	0.0	0.0	0.0	3.72419312391	13.8351400487	5.42312014196	2.52369219928	4.16722644007	0.0	0.0	0.8862	0.0	0.0	0.0	0.0	5.34095131651	0.0	0.0	0.593581415096	0.0	7.26233741516	0.0	0.593581415096	0.4215	0.0	0.0	0.0	0.0	0.0	0.0	0.593581415096	0.0	0.0	6.41481264674	0.2261	9.23187711277	0.421519522486	0.0	0.0	0.0	0.0	0.0	0.0	1.9576	0.0	0.0	0.0	0.0	0.747324028212	0.0	0.0	0.0	0.886233037568	0.0	0.0	0.0	0.2261	0.421519522486	0.0	0.0	0.0	0.0	0.0	1.51921005579	0.0	0.0	0.0	0.0	0.0	0.0	0.886219917945	0.0	0.0	0.0	0.0	0.2261	1.95768203366	0.0	0.0	0.2261
TCGA-C8-A12U	6.25850888176	7.06327798781	0.0	0.0	0.0	0.7491	0.0	0.0	0.0	0.0	0.0	0.0	2.52735829027	0.0	0.7491	11.6455612238	7.44774209654	8.79931362512	3.30001544007	12.1654867275	0.0	0.7491	3.39644431843	0.0	0.0	0.7491	0.0	6.17943633693	8.50439248753	6.61974750565	0.0	0.0	0.0	0.0	0.0	0.0	8.11568141857	0.0	0.0	0.0	2.96477357571	0.0	0.0	0.7491	0.7491	0.0	0.0	0.0	3.19668908115	0.0	0.0	1.89645872407	0.0	4.46611609504	0.0	0.0	0.7491	0.0	0.0	0.0	0.0	3.99782617647	0.0	0.0	13.8774034339	0.0	0.0	0.0	13.8159411003	7.65684362848	9.92742045796	10.3250544952	0.0	0.0	0.7491	0.0	0.0	0.0	9.21904345067	0.0	0.0	0.0	3.99778470363	4.0579868516	18.2432507671	5.2387543108	0.0	0.0	0.0	0.0	0.0	0.0	0.7491	0.0	0.0	0.0	0.0	0.0	0.0	0.0	0.7491	0.7491	2.13872477761	1.2397	0.0	3.57186092893	0.7491	0.0	2.13870189488	0.0	0.0	0.0	0.7491	0.0	0.0	0.0	8.48256793499	9.55164004005	0.0	0.0	0.0	0.0	1.2397	4.0580487544	14.8512880256	7.04109051579	1.89643165721	5.28983407717	0.0	0.0	0.0	0.0	0.0	0.0	0.0	5.31473284581	0.0	0.0	0.0	0.0	3.86930290322	0.0	0.0	0.0	0.0	0.0	0.0	0.0	0.0	0.0	0.0	0.0	0.0	8.01295298818	0.0	10.4334543402	0.7491	0.0	0.0	0.0	0.0	0.0	0.0	2.346	0.0	0.0	0.0	0.0	0.0	0.0	0.0	0.0	0.0	0.0	0.0	0.0	0.0	0.0	0.0	2.13872477761	0.0	0.0	0.0	0.0	0.0	0.0	0.0	0.0	0.0	0.0	0.0	0.0	0.0	1.23969620528	0.0	0.0	1.23969620528	0.0	0.0	0.0
TCGA-AR-A1AI	6.11938798355	6.72651615544	0.0	0.0	0.0	0.8844	0.8844	0.0	0.0	0.0	0.0	0.0	0.0	0.0	0.8844	11.3498104537	7.40382124967	7.52803401696	4.16343683384	12.6666779716	0.0	0.0	0.8844	0.0	0.0	0.8844	0.0	4.41300993504	9.64461984723	6.39065401733	5.28790646409	0.0	0.0	0.0	0.0	0.0	9.16629239795	0.0	0.0	0.0	3.10656695304	0.0	0.0	0.0	1.8229	0.8844	0.0	0.0	3.58468030797	0.0	0.8844	2.13224349829	0.0	4.22999140356	0.0	0.0	0.0	0.0	0.0	2.13224349829	0.0	4.41300077227	0.0	0.0	12.0435154945	0.0	0.0	0.0	12.4200108968	8.59209835971	9.43841582197	9.52713459653	0.8844	0.0	0.0	0.0	0.0	0.0	8.94149987804	0.8844	2.60305264202	0.0	6.3006441028	4.89542783002	17.4020088415	5.43623770514	0.0	0.0	0.0	0.0	0.0	0.0	3.24176381353	0.0	0.0	0.0	0.8844	0.0	0.0	0.0	0.8844	0.0	3.58467236255	0.8844	0.0	7.08224744151	0.0	1.4286749086	3.47916493319	0.0	0.0	0.0	0.0	0.0	0.0	0.0	7.56719350241	8.41750758388	0.0	0.0	0.0	0.0	1.8228730556	5.37869728252	14.0847863277	7.33744704988	3.10665391294	5.69367334369	0.0	0.0	0.8844	0.0	0.0	0.0	0.8844	5.99099371795	0.0	0.0	0.0	0.0	3.58467236255	0.0	0.0	0.0	0.0	0.0	0.0	0.0	0.0	0.0	0.0	0.0	0.0	4.35454497851	0.0	11.2616051372	0.0	1.4286749086	0.0	0.0	0.0	0.0	0.0	2.13221924571	0.0	0.0	0.0	0.0	1.4286749086	0.0	0.0	0.0	1.8228730556	0.0	0.0	0.0	0.0	0.0	0.0	1.4286	0.0	0.0	0.0	0.8844	0.0	0.0	0.0	0.0	0.0	0.0	1.4286749086	0.0	0.0	0.0	0.0	0.0	2.1322	0.8844	0.0	0.0
TCGA-B6-A2IU	2.92043563766	7.2118082418	0.377	0.0	0.0	0.0	0.377036002292	0.0	0.0	2.94859740469	0.0	0.0	0.675643983506	0.0	0.0	9.67335257288	7.9172132365	7.24485715227	1.7609731521	11.0489781852	0.0	0.0	0.2008	0.0	0.0	0.0	0.0	4.08563624089	6.74985258204	5.82151129524	0.0	0.2008	0.2008	0.0	0.0	0.2008	5.59063164655	0.0	0.0	0.0	3.775411107	0.0	0.0	0.377036002292	0.2008	0.0	0.377036002292	0.2008	2.19661962296	0.0	0.0	0.0	0.0	2.45419538214	0.0	0.0	0.0	0.0	0.0	0.377	0.0	4.40326819051	0.2008	0.0	11.4332109387	0.0	0.0	0.0	14.0859217919	7.1264850708	8.85314540422	8.61619989293	0.0	0.0	0.2008	0.0	0.0	0.0	8.28703275144	0.2008	1.03227812746	0.0	2.33115112109	2.04823229339	17.61768033	4.48246680272	0.0	0.0	0.0	0.0	0.0	0.0	1.62794735374	0.0	0.0	0.0	0.2008	0.0	0.0	0.0	0.804637740038	0.0	2.37329631792	0.5341	0.0	5.33713009351	0.0	1.31812400011	3.98035491065	0.0	0.0	0.0	0.0	0.0	0.0	0.0	7.04892733173	7.51598324976	0.0	0.0	0.0	0.0	0.2008	1.6960192892	16.9443278996	5.3477754184	4.19554651514	5.90659803192	0.0	0.2008	1.13401300435	0.0	0.0	0.0	0.0	5.58166135117	0.0	0.0	0.2008	0.0	2.83237334874	0.0	0.0	0.0	0.0	0.0	0.2008	0.0	0.0	0.0	1.40202346106	0.0	0.0	5.44491768903	0.2008	8.70145068511	0.2008	0.0	0.0	0.0	0.0	0.0	0.0	0.0	0.0	0.0	0.0	0.2008	0.5341	0.2008	0.0	0.0	0.2008	0.0	0.0	0.0	0.0	0.0	0.0	2.45420366843	0.0	0.0	0.0	0.2008	0.2008	0.0	0.0	0.0	0.0	0.0	0.2008	0.0	0.0	0.377036002292	0.0	0.0	0.922993246901	0.377036002292	0.2008	0.0
TCGA-D8-A1JE	6.33809224108	8.86488355544	0.0	0.3668	0.3668	0.0	0.0	0.0	0.0	1.45259671212	0.0	0.0	1.29128304411	0.901856188797	0.3668	11.1335180093	9.6558180787	7.35489450774	2.06500735881	11.1587807645	0.0	0.901862998378	2.99054385809	0.0	0.0	0.3668	0.0	4.59449372669	8.32725424441	5.66658744619	0.659	0.3668	0.3668	0.0	0.0	0.0	7.53455670874	0.0	0.0	0.0	5.88018832472	0.9019	0.0	0.3668	0.0	0.0	2.16153252679	0.0	1.45258839009	0.0	0.0	0.658991941956	0.0	3.71797872984	0.0	0.0	0.0	0.0	0.0	1.96158133443	0.0	2.8236309422	0.0	0.0	7.32654264325	0.0	0.3668	0.0	13.8481563577	8.10713574728	9.51624991969	8.38212964764	0.0	0.0	0.0	0.0	0.0	0.0	9.03374275398	0.0	0.658991941956	0.0	3.31825419138	2.25200968599	18.066329661	4.91836464466	0.0	0.0	0.0	0.0	0.0	0.0	0.3668	0.3668	0.0	0.0	0.0	0.0	0.0	0.3668	1.29130718479	0.0	1.45258196524	0.0	0.0	7.02687031502	0.0	1.10966672482	6.5972712617	0.0	0.0	0.0	0.0	0.0	0.0	0.0	8.05626408776	8.18524454415	0.0	0.0	0.0	0.0	0.0	2.417483135	14.9607570821	5.78493896556	4.19928139414	5.20547265335	0.0	0.658991941956	1.45259671212	0.0	0.0	0.0	0.0	4.54171155873	0.0	0.0	1.10970465884	0.3668	5.22789379775	0.0	0.0	0.0	0.0	0.0	0.658991941956	0.0	0.0	0.0	0.901862998378	0.0	0.0	5.90826269382	0.0	8.40818109989	2.06505090094	0.0	0.0	0.0	0.0	0.0	0.0	1.96162003973	0.0	0.3668	0.0	0.0	1.45258196524	0.0	0.0	0.0	0.3668	0.0	0.0	0.0	0.0	0.0	0.0	1.45259303882	0.0	0.0	0.0	0.0	0.0	0.0	0.0	0.0	0.0	0.0	0.0	0.0	0.0	0.0	0.0	0.0	1.59761944169	0.901856188797	0.3668	0.0
TCGA-HN-A2NL	4.07077638259	7.00883311935	1.00629953949	0.0	0.0	0.4182	1.22961083446	0.0	0.0	1.59348954039	0.0	0.0	0.0	1.7458	0.0	9.93696704198	6.52561003605	6.55687841491	3.47094645165	10.6532030961	0.0	0.0	0.4182	0.0	0.0	0.0	0.0	2.2323346137	8.52963125224	5.36990283568	0.0	0.4182	0.0	0.0	0.4182	0.742022273084	5.88691102366	0.0	0.0	0.0	2.7476897473	0.0	0.0	0.0	6.71764786856	0.4182	0.0	0.0	4.90300851194	0.0	0.0	1.42299216089	0.0	3.71211459379	0.0	0.0	0.0	0.0	0.4182	0.0	0.0	3.59654877903	0.0	0.0	5.6270943921	0.0	0.0	0.0	14.4088352206	8.76753526225	9.81730442338	6.91944419443	0.0	0.0	0.4182	2.00946412755	0.0	0.0	8.86543808887	0.4182	1.59336813405	0.0	7.7176424628	6.35235540219	17.3547373304	4.98189648154	0.0	0.0	0.0	0.0	0.0	0.0	0.0	0.0	0.0	0.0	1.74579207756	0.4182	0.0	0.0	0.0	0.0	2.2324	0.4182	2.94959642491	7.1245639207	1.22961083446	1.74578097013	2.67363432025	0.0	0.0	0.0	0.0	0.0	0.0	0.0	6.37591378787	10.6520316744	0.4182	0.0	0.0	0.0	0.742022273084	2.94959096484	15.4962222674	6.27931172401	2.94963857944	6.62724677521	0.0	0.0	2.12521657997	0.0	0.0	0.0	0.0	6.18239475057	0.0	0.0	0.4182	0.0	1.7458	0.0	0.0	0.0	0.0	0.0	0.4182	0.0	0.0	0.0	3.51404398762	0.0	0.0	5.4160950784	0.0	8.68742239418	0.4182	0.0	0.4182	0.4182	0.0	0.0	0.4182	1.22957906331	0.0	0.0	0.0	1.42291689731	0.0	0.4182	0.0	0.0	0.0	0.0	0.0	0.0	0.0	0.4182	0.0	3.01111483107	0.0	0.0	0.0	0.0	0.0	0.0	0.0	0.0	0.0	0.0	0.0	0.0	0.0	0.0	0.0	0.0	1.7457956093	1.00631808415	0.0	0.0
TCGA-E9-A1N9	6.05163133277	8.03523256249	0.0	0.0	0.0	0.0	0.0	0.0	0.0	1.51938710856	0.0	0.0	1.51929020374	0.951028157225	0.951028157225	12.8406498628	8.5748945494	6.56684632594	2.61664188626	11.7687639608	0.0	0.5525	3.55254661074	0.0	0.0	0.0	0.0	5.709663194	8.2801440526	4.71149860248	0.0	0.5525	0.951028157225	0.0	0.0	0.0	7.42849867124	0.0	0.0	0.0	3.906886713	0.0	0.0	0.0	0.0	0.0	0.0	0.0	2.09311701515	0.0	0.0	0.0	0.0	4.11546257317	0.0	0.0	0.0	0.0	0.0	0.0	0.0	2.91327184644	0.0	0.0	13.4743897227	0.0	0.0	0.0	12.0730687407	9.07933318111	10.0005994959	9.03120092595	0.0	0.0	0.0	0.0	0.0	0.0	9.08180251295	0.5525	0.0	0.0	5.11272350257	4.81079321415	17.0239447751	6.83207558777	0.0	0.0	0.0	0.0	0.0	0.0	0.0	0.0	0.0	0.0	0.0	0.0	0.0	0.0	1.2630170702	1.2630170702	2.72242920115	0.5525	0.0	7.14903477873	0.0	1.92597752088	5.64383249598	0.0	0.0	0.0	0.0	0.0	0.0	0.0	7.54841236361	8.02497867253	0.0	0.0	0.0	0.0	0.0	4.94796531297	14.530493515	7.03564662891	3.15922111671	5.531917423	0.0	0.0	0.5525	0.0	0.0	0.0	0.0	5.1320193321	0.0	0.0	0.5525	0.0	5.65725162891	0.0	0.9511	0.0	0.0	0.0	0.0	0.0	0.0	0.0	1.51933865697	0.0	0.0	6.70876015332	0.0	4.60482738175	0.951028157225	0.5525	0.0	0.5525	0.0	0.0	0.0	1.92601376618	0.0	0.0	0.0	0.0	0.951028157225	0.0	0.0	0.0	1.26295919606	0.0	0.0	0.0	0.0	0.5525	0.0	1.51932436547	0.0	0.0	0.0	0.5525	0.0	0.0	0.0	0.0	0.0	0.0	1.2630170702	0.0	0.0	0.0	0.0	0.0	1.73691701202	0.5525	0.0	0.0
TCGA-E2-A1IU	4.83533861625	9.59579824956	0.0	0.0	0.2679	0.0	0.2679	0.0	0.0	0.0	0.2679	0.0	0.4938	0.861	0.0	11.816992716	7.65969685488	7.13941601177	0.860968232501	10.4968020039	0.0	0.493757826415	3.6355104119	0.0	0.0	0.0	0.0	4.34952105267	7.44162461779	4.99157701295	0.0	0.0	0.0	0.0	0.0	0.0	6.27276089684	0.0	0.0	0.0	3.72726132584	0.0	0.0	0.0	0.0	0.2679	0.689	0.0	1.3964585101	0.0	0.0	0.4938	0.0	2.60920469996	0.0	0.0	0.0	0.0	0.0	0.493757826415	0.0	3.87501921855	0.0	0.0	11.3261420032	0.0	0.0	0.0	12.1479310641	7.13523507482	8.79182472718	8.7562075002	0.0	0.0	0.0	0.0	0.0	0.0	8.50869202666	0.0	0.2679	0.0	3.7710040727	1.94743600056	17.9131372783	4.29056455692	0.0	0.0	0.0	0.0	0.0	0.0	0.861000928951	0.0	0.0	0.0	0.0	0.0	0.0	0.0	0.860968232501	0.0	0.860968232501	1.6043330389	0.2679	5.49436642697	0.0	0.689033342109	4.02719287805	0.0	0.0	0.0	0.0	0.0	0.0	0.0	6.86673067616	7.79838193257	0.0	0.0	0.0	0.0	0.689033342109	2.56007323549	14.4892964522	5.84612204152	1.94742188578	4.6717091498	0.0	0.0	1.39646358875	0.0	0.0	0.0	0.0	5.04604893438	0.0	0.0	0.2679	0.0	4.62472037437	0.0	0.0	0.0	0.0	0.0	0.0	0.0	0.0	0.0	0.493757826415	0.0	0.0	5.47458725186	0.0	8.84974851666	1.15339333511	0.0	0.0	0.0	0.0	0.0	0.0	1.15341402222	0.0	0.0	0.0	0.0	0.4938	0.0	0.0	0.0	0.2679	0.0	0.0	0.0	0.0	0.2679	0.0	0.689033342109	0.0	0.0	0.0	0.0	0.0	0.0	0.0	0.0	0.0	0.0	0.2679	0.0	0.0	0.2679	0.0	0.0	1.15342003274	0.493757826415	0.0	0.0
TCGA-A7-A26E	4.52606006324	5.952102774	0.0	0.0	0.0	0.0	0.2635	0.0	0.0	0.0	0.0	0.0	0.2635	0.486224896627	0.0	11.0891158599	9.01211526148	6.39145543137	2.48756877626	10.4422232992	0.0	0.679097500004	3.65775990917	0.0	0.0	0.0	0.0	3.51334650565	7.46525242889	4.46191044225	0.0	0.0	0.0	0.0	0.0	0.486224896627	6.26558997609	0.0	0.0	0.0	4.6578626764	0.4862	0.0	0.2635	0.0	0.2635	0.486224896627	0.0	1.58671024325	0.0	0.0	0.679119280764	0.0	2.20368896392	0.0	0.0	0.0	0.0	0.0	1.13889787679	0.0	3.40837839432	0.0	0.0	12.238234181	0.0	0.0	0.0	12.636333924	7.70719726556	8.46851934245	8.31091191157	0.0	0.0	0.0	0.0	0.0	0.0	8.38368612233	0.4862	0.0	0.0	2.38063252905	1.38012277769	17.6299720333	5.29529734006	0.0	0.0	0.0	0.0	0.0	0.0	1.0012720044	0.0	0.0	0.2635	0.2635	0.0	0.0	0.2635	0.486224896627	0.0	1.58674816629	0.2635	0.0	5.40171491353	0.0	1.00130093122	5.21973499784	0.0	0.0	0.0	0.0	0.0	0.0	0.0	6.93095030798	7.4750635379	0.0	0.0	0.0	0.0	0.0	2.63443252584	14.6060532351	4.79951266921	3.4083443078	4.05551758569	0.0	0.0	1.13894000793	0.0	0.0	0.0	0.0	4.51341183993	0.0	0.0	0.679119280764	0.0	5.92382668048	0.0	0.0	0.0	0.0	0.0	0.2635	0.0	0.0	0.0	1.67986142001	0.0	0.0	5.6463695081	0.0	9.4920063211	0.4862	0.0	0.0	0.0	0.0	0.0	0.0	1.1389	0.0	0.0	0.0	0.0	0.0	0.0	0.0	0.0	0.486224896627	0.0	0.0	0.0	0.0	0.0	0.0	0.0	0.0	0.0	0.2635	0.2635	0.0	0.0	0.0	0.0	0.0	0.0	0.679	0.2635	0.0	0.679097500004	0.0	0.0	1.38014322764	0.0	0.0	0.0
TCGA-EW-A1P0	6.67624482834	6.94177666953	0.0	0.0	0.0	0.0	0.6009	0.0	0.0	0.0	0.0	0.0	0.0	0.6009	0.0	11.4160899469	8.53104227784	6.75425628221	1.8413609837	10.9134412355	0.0	1.61670267254	3.36464203227	0.0	0.0	0.0	0.0	4.63036957528	8.7528648176	5.27491828897	0.0	1.3505	0.0	0.0	0.0	1.02384070822	7.43076093176	0.0	0.6009	0.0	4.47143250218	0.0	0.0	0.0	0.0	0.6009	1.02384070822	0.6009	1.61667164925	1.0239	0.0	2.62450871312	0.0	4.59995401593	0.0	0.6009	0.0	0.0	0.0	2.94801219953	0.0	4.80049236017	2.49824959477	0.0	5.43856787221	0.0	0.0	0.6009	11.5059781429	8.5390677951	10.6472291668	8.56487188601	0.0	0.0	0.0	0.0	0.0	0.0	8.9691017725	1.0239	0.6009	0.0	4.853063907	2.20689272247	16.7365134906	4.56888473235	0.0	0.0	0.0	0.6009	0.0	0.0	3.62842443585	0.0	0.0	0.0	0.6009	0.0	0.0	0.0	0.0	0.0	2.35993176028	0.6009	0.0	4.13205696113	4.04443823852	1.0239	3.79875315029	0.0	0.0	1.61674198482	0.6009	0.0	0.0	0.0	7.84153400949	6.47308960992	0.0	0.0	0.0	0.0	0.0	2.84800542725	13.5642365531	5.71883641829	2.74058623088	4.77352499059	0.0	0.0	5.02314506	0.0	0.6009	0.0	0.0	4.77349760068	0.0	0.0	0.6009	0.0	5.89200375958	0.0	0.0	0.0	0.0	0.0	0.0	0.0	0.0	0.0	2.35993176028	0.0	0.0	7.66178784677	0.0	10.3703264197	0.0	0.0	0.0	0.0	0.0	0.0	0.0	2.62449225086	0.0	1.02384070822	0.0	0.0	0.0	0.0	0.0	0.0	1.35053730891	0.0	0.0	0.0	0.0	1.0239	0.0	1.61670267254	0.0	0.0	0.0	0.0	0.0	0.0	0.0	0.0	0.0	0.0	0.6009	0.0	0.0	1.0239	0.0	0.0	2.35991427269	0.6009	0.0	0.0
TCGA-C8-A137	5.81322690659	9.57193548811	0.1862	0.0	0.0	0.0	0.351092180943	0.0	0.0	0.0	0.498973143487	0.0	0.499056338663	0.1862	0.1862	10.4240010438	8.76569033328	8.62783297675	2.79118836674	10.9747286597	0.0	0.973865534339	0.6331	0.0	0.0	1.67966378522	0.0	6.35722667211	7.75941364439	6.89350250015	0.0	0.0	0.0	0.0	0.0	0.63317104183	5.63274434108	0.0	0.0	0.0	5.72577522561	0.351	0.0	0.498973143487	0.0	0.351	1.07155905979	0.0	1.79874203016	0.0	0.0	2.70240356477	0.0	1.61626091159	0.0	0.351092180943	0.0	0.0	0.0	0.973869299103	0.0	4.73426770296	0.351092180943	0.0	12.5683584666	0.0	0.0	0.0	12.7038652577	6.29784381666	8.47707852916	12.551148551	0.0	0.0	0.1862	0.0	0.0	0.0	8.764759417	0.1862	1.55008414706	0.0	3.72869938429	2.35948305167	18.2543212449	4.47310424495	0.0	0.0	0.0	0.0	0.0	0.0	0.351	0.0	0.0	0.0	0.351092180943	0.1862	0.0	0.0	0.973803792295	0.0	2.01079257632	0.0	0.1862	4.88976112014	0.0	0.499056338663	4.80705574522	0.0	0.0	0.0	0.0	0.0	0.0	0.0	7.13598327728	9.6553594197	0.0	0.0	0.0	0.0	0.1862	1.67970743732	15.1016677441	4.14278958243	3.25382428749	5.23928034397	0.0	0.1862	0.1862	0.0	0.0	0.0	0.0	4.04993269257	0.0	0.0	0.1862	1.24933515882	4.89649310585	0.0	0.0	0.0	0.0	0.0	0.351	0.0	0.0	0.0	0.499056338663	0.0	0.0	7.20898201637	0.1862	8.99835679483	1.55002925823	0.0	0.0	0.0	0.0	0.0	0.0	0.868947957821	0.0	0.0	0.0	0.498973143487	0.351092180943	0.0	0.0	0.0	0.0	0.0	0.0	0.0	0.0	0.498973143487	0.0	0.63317104183	0.0	0.0	0.1862	0.633104395369	0.0	0.0	0.0	0.0	0.0	0.0	0.351	0.1862	0.0	0.0	0.0	0.0	1.61633781692	0.0	0.0	0.0
TCGA-E9-A249	6.21965108511	7.10163408249	0.0	0.0	0.0	0.0	0.0	0.0	0.4403	0.0	0.4403	0.0	0.0	1.27949852615	0.0	11.6378563925	8.83536749324	6.24702193055	2.19191587377	10.8986246166	0.0	1.2796	3.96654987768	0.0	0.0	0.0	0.0	3.36170035859	7.72502372973	4.71923754593	0.0	0.0	0.4403	0.0	0.0	0.4403	8.24970510429	0.0	0.0	0.0	4.81380033396	0.0	0.0	0.0	0.0	0.0	0.777175951847	0.4403	2.07457099898	0.0	0.0	1.27953248055	0.0	3.82838864755	0.0	0.0	0.0	0.0	0.0	2.96002604891	0.0	2.58416260055	0.0	0.0	12.4247719871	0.0	0.0	0.0	12.4563307936	8.12248134915	10.4961876214	8.74463413988	0.0	0.0	0.0	0.0	0.0	0.0	8.99621973743	0.0	0.777175951847	0.0	3.75401449022	2.95999224864	17.3770652666	5.96322461755	0.0	0.0	0.0	0.0	0.0	0.0	0.0	0.0	0.0	0.0	0.0	0.0	0.4403	0.0	1.4773904593	0.0	4.20855995344	3.3107421483	0.4403	5.04972489668	0.0	1.27949852615	5.38154354331	0.0	0.0	0.0	0.0	0.0	0.0	0.0	8.26652166741	7.96236378816	0.0	0.0	0.0	0.0	0.0	2.30037509122	14.0551067232	5.75969681755	2.89226651705	3.63469964401	0.0	0.0	1.65144874841	0.0	0.0	0.0	0.0	4.90252673142	0.7772	0.0	0.4403	0.0	5.70150128912	0.0	0.0	0.0	0.0	0.0	0.0	0.0	0.0	0.0	2.58413020319	0.0	0.0	5.3312610125	0.0	9.85616861945	0.7772	0.4403	0.0	0.4403	0.0	0.0	0.0	1.4775	0.0	0.4403	0.0	0.0	0.0	0.4403	0.0	0.0	2.19197803228	0.0	0.0	0.0	0.0	0.0	0.0	0.7772	0.0	0.0	0.0	0.0	0.0	0.0	0.0	0.0	0.0	0.0	0.4403	0.0	0.0	0.0	0.0	0.0	2.40133556919	0.0	0.0	0.0
TCGA-D8-A147	5.97244207998	7.46184729007	0.0	0.0	0.0	0.0	1.22858045068	0.0	0.0	0.0	0.0	0.0	0.7413	1.22858045068	10.5411218059	10.6090355255	7.56266963083	7.61303072216	2.81656712213	11.0724946711	0.7413	0.0	3.37890635841	0.0	0.0	0.0	0.0	3.78251923354	10.0092955885	6.07666170386	0.0	1.2285	0.0	0.0	0.0	0.7413	6.03286370307	0.0	0.0	0.0	3.37892448025	0.0	0.0	0.0	0.0	0.0	1.59217929275	0.0	2.12376708722	0.0	0.0	2.12375783297	0.0	4.30785696982	0.0	0.0	0.0	0.0	0.0	0.0	0.0	3.71034906731	0.0	0.0	12.8790942684	0.0	0.0	0.0	13.3109293651	9.28758954714	9.54917916125	8.26330999908	0.0	0.0	0.0	0.7413	0.0	0.0	9.14425698765	0.0	0.0	0.0	6.85609283672	5.21988528671	18.0310456634	5.24560379942	0.0	0.0	0.0	0.0	0.0	0.0	3.63432362278	0.0	0.0	0.0	1.22858045068	0.0	0.0	0.0	0.0	0.0	1.88234019536	0.0	1.22858045068	8.11397402832	0.0	1.2285	4.20651595529	0.0	0.0	0.0	0.0	0.7413	0.0	0.0	6.60052264285	8.50120019958	0.0	0.0	0.0	0.0	0.0	3.91687186608	14.8598513947	6.83927482463	2.12376708722	4.2064916556	0.0	0.0	0.0	0.0	0.0	0.0	0.0	4.4913308539	0.0	0.0	0.0	0.7413	6.82220700569	1.8823	4.6150989062	0.0	0.0	0.0	0.0	0.0	0.0	0.0	0.7413	0.0	0.0	7.45634062174	0.0	10.2374912606	0.0	0.7413	1.22858045068	0.0	0.0	0.0	0.0	3.91692452691	0.0	0.0	0.0	0.0	0.0	0.0	0.0	0.0	1.22858045068	0.0	0.0	0.0	0.0	0.0	0.0	0.0	0.0	0.0	0.0	0.0	0.0	0.0	0.0	0.0	0.0	0.0	0.7413	0.0	0.0	0.0	0.0	0.0	1.59217929275	0.0	0.0	0.0
TCGA-E9-A295	3.50468902949	6.93067431554	0.0	0.0	0.618589335001	0.0	0.0	0.0	0.0	0.2369	0.0	0.0	0.2369	0.618562098102	0.0	9.39535228516	8.42398911005	5.57219813836	1.16936775153	9.8647607258	0.0	0.2369	0.0	0.0	0.0	0.4403	0.0	3.48181385799	6.46081847638	5.48293476407	0.0	0.0	0.0	0.0	0.0	0.0	5.77856055376	0.0	0.0	0.0	4.46318335003	0.2369	0.0	0.440330819058	0.0	0.0	0.0	0.2369	2.01215036357	0.0	0.0	1.05013853973	0.0	2.01208827913	0.0	0.0	0.0	0.0	0.0	0.618589335001	0.0	4.69952143617	0.2369	0.0	15.1035731896	0.0	0.0	0.0	14.6118710794	6.45204158736	7.6880832722	8.80401645523	0.440330819058	0.0	0.0	0.0	0.0	0.0	8.10293512846	0.0	1.87848649044	0.0	2.07458999006	1.731133501	16.9863804028	4.07743795561	0.0	0.0	0.0	0.0	0.0	0.0	0.618562098102	0.0	0.0	0.0	0.0	0.0	0.0	0.0	0.4403	0.0	1.8784965722	2.85721828403	0.2369	3.88177928316	0.0	0.618562098102	3.14601834165	0.0	0.0	0.0	0.0	0.0	0.0	0.0	5.40603545639	9.61254048652	0.0	0.0	0.0	0.0	0.2369	2.074561824	16.3408072403	4.19455241783	4.69958345653	3.8101924619	0.0	0.0	0.0	0.0	0.0	0.0	0.0	3.91630781869	0.0	0.0	0.777175951847	0.440330819058	1.5670586775	0.0	0.0	0.0	0.0	0.0	0.0	0.0	0.0	0.0	1.3818997499	0.0	0.0	5.72117438732	0.0	8.52879216607	1.80671983201	0.0	0.0	0.0	0.0	0.0	0.0	0.4403	0.0	0.0	0.0	0.0	0.618562098102	0.0	0.0	0.0	0.4403	0.0	0.0	0.0	0.0	0.9201	0.0	1.16937736011	0.0	0.0	0.0	0.2369	0.0	0.0	0.0	0.0	0.0	0.0	0.0	0.0	0.0	0.2369	0.0	0.0	0.2369	0.0	0.2369	0.0
TCGA-C8-A1HJ	7.52636314954	8.08731787669	0.0	0.0	0.0	0.9285	0.9285	0.0	0.0	0.0	0.0	0.0	0.0	0.0	6.24736879598	12.8797166749	9.06048527714	7.82535684105	3.56547125846	11.563188558	0.0	0.0	3.45099048599	0.0	0.0	0.0	0.0	4.55959642346	11.9792808883	6.6094992757	0.0	0.0	0.0	0.0	0.0	0.0	9.79001445143	0.0	0.0	0.0	4.8123514358	0.0	0.0	1.89136102079	0.0	1.89136102079	0.0	1.48881942408	4.31960895362	0.9285	0.0	3.19054992337	0.0	6.26442771116	0.0	0.0	0.0	0.0	0.0	2.20575110736	0.0	6.96285764682	0.9285	0.0	16.2853990516	0.0	0.0	0.0	13.3945294014	9.40027804033	10.9146348854	7.84251066339	0.0	0.0	0.0	1.48881942408	0.0	0.9285	9.34126693735	0.9285	0.9285	0.0	8.65118982781	7.96747163754	16.6152920197	5.9639420655	0.0	0.0	0.0	0.0	0.0	0.0	1.89136102079	0.0	0.0	0.0	1.89137571541	0.0	0.0	0.0	1.8913	0.9285	4.81238230862	2.46369546546	0.9285	8.01361526019	0.0	0.9285	4.61381411947	0.0	0.0	0.0	0.0	0.0	0.0	0.0	6.8656308496	10.2993445484	0.0	0.0	0.0	0.0	0.9285	5.21454673478	15.3270005944	7.80219473634	3.67155222959	5.34852929727	0.0	0.0	0.0	0.0	0.0	0.0	0.0	5.63736723701	0.0	0.0	0.0	0.0	7.16701863386	1.4888	0.9285	0.0	0.0	0.0	0.0	0.0	0.0	0.0	3.67156807659	0.0	0.0	4.38348222047	0.9285	10.2163369088	0.0	0.0	0.0	0.0	0.0	0.0	0.0	4.85799783526	0.0	0.0	0.0	0.9285	0.0	0.0	0.0	0.0	3.67156307143	0.0	0.0	0.0	0.0	0.0	0.0	2.20575110736	0.0	0.0	0.0	2.87243418899	0.0	0.0	0.0	0.0	0.0	0.0	3.0401893182	0.0	0.0	0.0	0.0	0.0	3.04024245623	1.89136102079	0.0	0.9285
TCGA-BH-A18F	5.71282368622	7.48831520144	0.0	0.0	0.0	0.0	0.0	0.0	0.0	0.0	0.0	0.0	0.0	0.0	0.8128	12.5483801315	9.10603028948	7.24376032434	1.7092	11.2741647994	0.0	0.8128	1.7092	0.0	0.0	0.0	0.0	3.22071924808	8.67524244151	5.36100917124	0.0	0.8128	0.0	0.0	0.0	0.0	7.12366941443	0.0	0.0	0.0	5.03462807953	0.0	0.0	0.0	0.0	0.0	1.32954546272	0.0	2.00948706539	0.0	0.0	2.00951544206	0.0	3.43775275351	0.0	0.0	0.0	0.0	0.0	2.00948706539	0.0	2.81817989787	0.8128	0.0	12.4144338889	0.0	0.0	0.0	13.1101698077	8.19499980322	9.31925538778	8.92699197378	0.0	0.0	0.0	0.0	0.0	0.0	8.98630418294	0.0	0.0	0.0	5.00091874987	1.32954546272	17.21396452	5.9072219787	0.0	0.0	0.0	0.0	0.0	0.0	0.0	0.0	0.0	0.0	0.0	0.0	0.0	0.0	0.0	0.0	2.46977336296	2.00945868816	0.0	6.23165171211	0.0	0.8128	5.64898519671	0.0	0.0	0.0	0.8128	0.0	0.0	0.0	6.95798478515	9.152798996	0.0	0.0	0.0	0.0	0.0	3.71210524242	15.1491694167	6.15710955015	3.33329629298	4.85765494073	0.0	0.0	1.70919048426	0.0	0.0	0.0	0.0	4.07797505884	0.8128	0.0	1.3295	0.0	5.90724420825	0.0	0.8128	0.0	0.0	0.0	0.8128	0.0	0.0	0.0	1.32954546272	0.0	0.0	6.44710782103	0.0	9.47917924489	0.0	0.0	0.0	0.0	0.0	0.0	0.0	2.6545	0.0	0.0	0.0	0.0	0.0	0.0	0.0	0.0	2.46979777302	0.0	0.0	0.0	0.0	0.0	0.0	1.32954546272	0.0	0.0	0.0	1.32954546272	0.0	0.0	0.0	0.0	0.0	0.0	0.0	0.0	0.0	0.0	0.0	0.0	1.70919048426	0.0	1.3295	0.0
TCGA-A2-A0CW	4.76148995804	7.81676639622	0.0	0.1171	0.0	0.0	0.225404709061	0.0	0.0	1.51605010453	0.1171	0.0	2.13150376464	0.948558089072	0.326139147377	11.0471002847	7.37381351671	8.45188372611	2.90880560425	10.864332728	0.0	0.420296654464	0.326139147377	0.0	0.0	0.2254	0.0	5.03508894233	8.27850831173	7.05408857003	0.0	0.2254	0.326139147377	0.0	0.0	0.326139147377	5.14604202678	0.0	0.0	0.0	4.23563945661	0.0	0.0	0.7453	0.2254	0.5919	0.225404709061	1.12674304527	1.47271241324	0.0	0.1171	2.4319926688	0.0	3.20171365588	0.1171	1.12673138859	0.0	0.0	0.0	0.745345073551	0.0	3.31640021009	0.591891488672	0.0	12.3413799071	0.0	0.1171	0.0	12.7855403292	7.08852324038	8.6347977785	9.79607973324	0.0	0.0	0.0	0.0	0.0	0.1171	8.78007389839	0.2254	0.883952508363	0.0	3.84378370581	3.37630645393	18.2060903001	5.3331506472	0.0	0.0	0.1171	0.0	0.0	0.0	0.2254	0.0	0.0	0.0	0.591977760815	0.0	0.591945201424	0.0	1.23436442304	0.1171	1.23428402884	0.1171	0.1171	4.84449291214	0.0	0.420300768468	3.63382255412	0.0	0.0	0.5086	0.0	0.0	0.0	0.0	6.61678526946	9.68713402538	0.0	0.326139147377	0.0	0.0	0.1171	2.45437678274	15.1719355366	6.8193469884	2.23880437701	6.11680379162	0.0	0.1171	0.1171	0.0	0.0	0.0	0.0	5.27764470685	0.0	0.0	0.0	0.1171	3.71961404443	0.420296654464	0.225404709061	0.0	0.0	0.326143538836	0.1171	0.0	0.3261	0.0	0.326139147377	0.0	0.0	7.50181216516	0.3261	9.5581406209	1.01048636452	0.0	0.420264094591	0.0	0.0	0.0	0.0	1.0104	0.0	0.1171	0.0	0.1171	0.2254	0.5919	0.1171	0.0	0.816289757903	0.0	0.0	0.0	0.1171	0.670713212693	0.0	1.42806587913	0.0	0.0	0.0	0.508691399338	0.0	0.0	0.0	0.1171	0.0	0.0	0.1171	0.0	0.0	0.1171	0.0	0.0	2.28955326212	0.0	0.0	0.0
TCGA-E2-A15E	4.33575125856	9.31813907192	0.0	0.0	0.0	0.0	0.0	0.0	0.0	0.3837	0.0	0.0	0.3837	0.686493567534	0.3837	10.7469820736	8.0897669442	6.54859200839	1.90370598241	10.9708964697	0.0	0.3837	1.1496	0.0	0.0	0.3837	0.0	3.84841987041	7.83265141174	5.81881465437	0.0	0.0	0.0	0.0	0.0	0.0	5.79520015872	0.0	0.0	0.0	4.33574621898	0.0	0.0	0.686493567534	0.0	0.0	0.0	0.686493567534	2.3963934964	0.0	0.0	2.55439394469	0.0	3.20562759539	0.0	0.0	0.0	0.0	0.0	1.1497370231	0.0	5.33268222441	0.3837	0.0	12.0490674309	0.0	0.686493567534	0.0	13.2889080256	6.87123735234	8.0203484054	8.7632415485	0.0	0.0	0.0	0.0	0.0	0.0	8.76522275844	0.3837	0.936629161317	0.0	4.48058224288	2.7630324162	17.7026072386	4.19888211524	0.0	0.0	0.0	0.0	0.0	0.0	0.0	0.0	0.0	0.0	0.0	0.0	0.0	0.0	0.3837	0.0	2.3104	2.76301107075	0.0	6.75800589678	0.0	0.3837	4.17475015276	0.0	0.0	0.0	0.0	0.0	0.0	0.0	6.74578793701	8.73567331339	0.0	0.0	0.3837	0.0	1.1497370231	2.69677704918	15.3913959066	3.84841261083	3.34184512857	4.22261212906	0.0	0.0	0.936550488514	0.0	0.0	0.0	0.0	3.90818789844	0.0	0.0	0.686493567534	0.0	4.51943100237	0.0	0.686493567534	0.3837	0.0	0.0	0.0	0.0	0.0	0.0	0.3837	0.0	0.0	7.23728405811	0.686493567534	9.69843574585	0.9365	0.0	0.6864	0.0	0.0	0.0	0.0	1.3353	0.0	0.0	0.0	0.686493567534	1.1496	0.0	0.0	0.0	0.3837	0.0	0.0	0.0	0.0	0.0	0.0	1.33525878011	0.0	0.0	0.0	0.3837	0.0	0.0	0.0	0.0	0.0	0.0	0.3837	0.0	0.0	0.3837	0.0	0.0	1.64734977827	0.0	0.0	0.0
TCGA-E2-A1LL	5.65850168889	8.42968432214	0.0	0.0	0.0	0.9387	0.0	0.0	0.0	0.0	0.0	0.0	1.90709283698	0.0	0.0	12.0571863086	9.71257639391	7.05558471765	1.50263636987	12.5166036648	0.0	0.0	3.88291797456	0.0	0.0	0.0	0.0	3.34600248947	8.11363277504	6.19830354712	0.0	0.0	0.0	0.0	0.0	0.0	6.61748471792	0.0	0.0	0.0	5.3372067655	0.0	0.0	0.9387	0.0	0.0	0.9387	0.0	2.70067577746	0.0	0.0	0.9387	0.0	3.05912839975	0.0	0.0	0.0	0.0	0.0	2.48133636252	0.0	2.70067720348	0.0	0.0	14.6150999194	0.0	0.0	0.0	11.4480130595	7.24188110605	8.98352073923	8.55101980261	0.0	0.0	0.0	0.0	0.0	0.0	9.41798605927	0.0	0.9387	0.0	6.00591163043	5.60515597315	18.2214005017	3.58520163315	0.0	0.0	0.0	0.0	0.0	0.0	0.0	0.0	0.0	0.0	0.9387	0.0	0.0	0.0	1.50263636987	0.0	2.89100866763	0.0	4.63451396265	6.08599539277	0.0	0.9387	5.16351375355	0.0	0.0	0.0	0.0	0.0	0.0	0.0	6.5054464264	10.2725309958	0.0	0.0	0.0	0.0	0.0	3.58520163315	15.5650369639	5.92112502425	3.69139992318	5.00774650905	0.0	0.0	0.0	0.0	0.0	0.0	0.0	5.1635578359	0.0	0.0	0.9387	0.0	6.47601819049	0.0	0.0	0.0	0.0	0.0	0.0	0.0	0.0	0.0	0.9387	0.0	0.0	7.31014706701	2.2226	10.6087198018	0.9387	0.0	0.0	0.0	0.0	0.0	1.50263636987	1.9071	0.0	0.0	0.0	0.0	0.9387	1.5027	0.0	0.0	0.0	0.0	0.0	0.0	0.0	0.0	0.0	0.9387	0.0	0.0	0.0	0.9387	0.0	0.0	0.0	0.0	0.0	0.0	1.5027	0.0	0.0	0.0	0.0	0.0	0.0	0.0	0.9387	0.0
TCGA-E9-A2JS	4.79509006973	9.32441986609	0.0	0.0	0.0	0.0	0.0	0.0	0.0	0.5248	0.0	0.0	0.0	2.42958087448	0.0	9.37961640087	8.30380093266	7.42346802255	2.42957324919	12.4581010913	0.0	0.0	0.0	0.0	0.0	1.46205158723	0.0	5.43021846498	6.98770552173	6.07143652477	0.5248	0.0	0.0	0.0	0.0	0.908788495498	6.28939179309	0.0	0.0	0.0	3.82396333919	0.5248	0.0	0.5248	0.0	0.0	0.0	0.0	2.30702120539	0.5248	0.0	0.908788495498	0.0	3.08042117904	0.0	0.0	0.0	0.0	0.0	1.21176129418	0.0	5.32362757423	0.0	0.0	12.0975457943	0.0	0.0	0.0	13.2117330491	7.41237246631	8.83828684799	9.57404167568	0.0	0.0	0.0	0.0	0.0	0.0	8.3335705642	0.0	1.46202688563	0.0	3.91069358304	3.35238534503	18.5685614935	4.65138528014	0.0	0.0	0.0	0.0	0.0	0.0	0.5248	0.0	0.0	0.0	0.908788495498	0.0	0.0	0.0	0.0	0.0	0.908788495498	1.67522903436	0.0	3.52725203211	0.0	1.67522903436	4.54689281613	0.0	0.0	0.0	0.0	0.0	0.0	0.0	7.94142180122	9.51554322111	0.0	0.0	0.0	0.0	0.5248	0.5248	17.3493640984	5.99410354369	4.40473824393	4.34370286715	0.0	0.0	0.5248	0.0	0.0	0.0	0.0	5.0455889323	0.0	0.0	0.5248	0.0	2.17308472686	0.0	0.5248	0.0	0.0	0.0	0.0	0.0	0.0	0.0	0.5248	0.0	0.0	7.7923235158	0.0	8.25491923095	0.908788495498	0.5248	0.0	0.0	0.0	0.0	0.0	0.0	0.0	0.0	0.0	0.0	0.0	0.0	0.0	0.0	0.5248	0.0	0.0	0.0	0.0	0.0	0.0	2.17307580026	0.0	0.0	0.0	0.5248	0.0	0.0	0.0	0.5248	0.0	0.0	0.0	0.0	0.0	0.0	0.0	0.0	0.5248	0.0	0.0	0.0
TCGA-D8-A1XZ	6.68111827905	6.49472947167	0.3387	0.3387	0.0	0.0	0.612808323828	0.0	0.0	0.0	0.612808323828	0.0	0.3387	0.3387	0.6128	11.7118013791	8.87790084293	8.07750962373	3.62984033954	11.0798546779	0.0	0.6128	3.02592311855	0.0	0.0	0.612808323828	0.0	4.69348974728	9.07058692885	5.57214314559	0.0	1.5122	0.0	0.0	0.0	0.0	7.60320063313	0.0	0.8431	0.0	4.45323782889	0.0	0.0	0.3387	0.0	0.3387	1.86645205765	1.21606733775	0.6128	0.0	0.0	1.75772440399	0.0	2.97824954427	0.3387	0.3387	0.0	0.0	0.0	3.83101461649	0.0	8.55249563665	0.612808323828	0.0	10.4529559199	0.3387	0.3387	0.0	12.6888926012	8.66118023566	9.52697607322	8.83174147172	0.0	0.0	0.0	0.0	0.0	0.0	9.1111931186	0.3387	1.04160550608	0.0	6.03496432209	4.22731738828	17.3733735669	6.14692533142	0.0	0.0	0.0	0.0	0.0	0.0	0.6128	0.0	0.0	0.0	0.0	0.0	0.0	0.0	0.3387	1.04156356313	3.90931610844	0.3387	0.0	5.89440429259	0.0	0.3387	6.06944665492	0.0	0.3387	0.0	0.0	0.0	0.0	0.0	7.38988265218	8.25165908848	0.0	0.0	0.0	0.0	0.612808323828	4.00755557416	14.6273393719	5.90079865139	1.86641842402	5.0101708012	0.0	0.3387	0.3387	0.0	0.0	0.0	0.0	4.76543446231	0.0	0.0	1.37169403111	0.0	4.69348129835	0.0	0.3387	0.0	0.0	0.0	0.0	0.0	0.0	0.0	1.37169349215	0.0	0.0	7.18738577878	0.0	7.73803731056	0.843058965936	0.0	0.0	0.0	0.0	0.0	0.0	2.3131147459	0.0	0.0	0.0	0.3387	0.6128	0.0	0.0	0.0	1.51218534381	0.0	0.0	0.0	0.0	0.3387	0.0	1.04156356313	0.0	0.0	0.0	1.21603505128	0.0	0.0	0.0	0.0	0.0	0.0	1.04160550608	0.0	0.0	0.0	0.0	0.0	1.8663936174	0.3387	0.3387	0.0
TCGA-A7-A13F	5.64017327805	9.46799907705	0.4486	0.0	0.0	0.0	0.0	0.0	0.0	0.790297097881	0.0	0.0	3.11420875046	0.0	1.0664	12.8517133066	7.77069841532	8.29097551957	2.42670126919	11.6293002959	0.4486	0.0	1.29799230704	0.0	0.0	0.0	0.0	3.43931515275	8.75888467418	6.25047760164	0.0	0.0	0.4486	0.0	0.0	0.4486	6.3179845462	0.0	0.0	0.0	3.99581598378	0.0	0.0	0.0	0.0	0.4486	1.06636193	0.4486	3.11426430344	0.0	0.0	2.42667912795	0.0	4.09152720968	0.0	0.0	0.0	0.0	0.0	2.84801211318	0.0	5.69201570316	0.4486	0.0	11.0972205446	0.0	0.4486	0.0	13.5641300729	8.44235477113	9.60470648641	8.3946787125	0.0	0.0	0.0	0.0	0.0	0.0	8.87663767309	0.4486	0.7903	0.0	4.18127414956	3.38995028534	18.417537088	4.9835559992	0.0	0.0	0.0	0.0	0.0	0.0	1.49753216028	0.0	0.0	0.0	0.0	0.0	0.0	0.0	0.790297097881	0.0	0.790297097881	0.0	0.0	5.47254028858	0.0	0.0	4.02841524738	0.0	0.0	0.0	0.4486	0.4486	0.0	0.0	7.5776149791	6.9531607003	0.0	0.0	0.0	0.0	0.4486	2.69390882416	15.6884980385	5.06438306051	2.21633434187	5.24171582269	0.0	0.0	0.0	0.0	0.0	0.0	0.0	4.58363139944	0.0	0.0	0.7903	0.0	4.93272518387	0.0	0.4486	0.0	0.0	0.7903	0.0	0.0	0.0	0.0	1.49752723854	0.0	0.0	6.18683339559	0.7903	8.62935470112	0.4486	0.0	0.4486	0.0	0.0	0.0	0.0	1.67279114337	0.0	0.0	0.0	0.0	1.29799434823	0.790297097881	0.0	0.0	0.7903	0.0	0.0	0.0	0.0	0.4486	0.0	1.06636432669	0.0	0.0	0.0	0.0	0.0	0.0	0.0	0.0	0.0	0.0	0.4486	0.0	0.0	0.0	0.0	0.0	1.49752723854	0.0	0.0	0.0
TCGA-E2-A1IE	5.83637783873	9.69453298609	0.0	0.0	0.0	0.0	0.0	0.0	0.0	0.3375	0.6108	0.0	1.86218346442	1.63620430056	0.3375	13.1315457353	8.58080035124	6.08626858505	1.86219918615	10.7064219954	0.0	0.610823076666	2.58682268748	0.0	0.0	0.6108	0.0	6.26007527241	8.78857162928	5.73293158028	0.0	0.3375	0.0	0.0	0.0	0.0	6.78632105917	0.0	0.0	0.0	4.24201190676	0.0	0.0	0.3375	0.0	0.0	1.03860175038	0.0	0.3375	0.0	0.0	0.610823076666	0.0	3.92907346912	0.0	0.0	0.0	0.0	0.0	0.840519883321	0.0	4.28166913436	0.840500203238	0.0	10.5705182247	0.0	0.0	0.0	14.0210321086	8.29515445494	10.0527080924	9.40420497817	0.3375	0.0	0.0	0.0	0.0	0.0	8.29757382669	0.3375	0.3375	0.0	4.48213480484	3.27761756121	17.2350721803	7.06717184386	0.0	0.0	0.0	0.0	0.0	0.0	0.3375	0.0	0.0	0.0	0.610823076666	0.0	0.0	0.0	0.6108	0.3375	2.45429728643	1.2128	0.610823076666	5.80274247419	0.0	1.50839242405	5.09628228143	0.0	0.0	0.0	0.0	0.0	0.0	0.0	7.0671348052	7.0004387301	0.0	0.0	0.0	0.0	0.0	2.9238938719	15.9707232045	5.4052890438	2.92389846765	4.39442106324	0.0	0.0	0.6108	0.0	0.0	0.0	0.0	5.52570787177	0.0	0.3375	0.840500203238	0.0	6.24507601432	0.0	0.3375	0.0	0.0	0.0	0.0	0.0	0.0	0.0	0.610823076666	0.0	0.0	5.5091260779	0.3375	8.79113515287	1.36817364105	0.0	0.0	0.0	0.0	0.0	0.0	2.30842682131	0.0	0.0	0.0	0.0	0.840500203238	0.0	0.0	0.0	1.21274156003	0.0	0.0	0.0	0.0	0.0	0.0	1.50838130067	0.0	0.0	0.0	1.0386	0.0	0.0	0.3375	0.0	0.0	0.0	1.21274140301	0.0	0.0	0.610823076666	0.0	0.0	1.03860192754	0.0	0.3375	0.0
TCGA-C8-A1HM	7.07771101485	8.18420687548	0.0	0.0	0.4725	0.8279	0.0	0.0	0.0	0.0	0.0	0.0	2.39579476018	2.59396518547	0.4725	11.2372647891	7.68106105225	7.42539480607	2.6837684733	13.3516952445	0.0	0.0	2.84803771724	0.0	0.0	0.0	0.0	4.92845926495	9.47984463511	6.08830214636	0.0	0.0	0.0	0.4725	0.0	0.4725	7.77595656853	0.0	0.0	0.0	3.25179957992	0.0	0.0	1.1127	0.0	1.11277444413	0.827838142426	0.0	3.41793368981	0.0	0.0	1.73338495773	0.0	6.32291846549	0.0	0.827838142426	0.0	0.0	0.0	0.827838142426	0.0	6.32292162923	0.827838142426	0.0	11.2690889121	0.0	0.4725	0.0	13.7287792037	8.88571023415	10.6531902879	7.92831163028	0.4725	0.0	0.0	0.0	0.0	0.0	8.36297461365	0.0	1.11272367082	0.0	4.59997847478	3.41789989029	18.3663292037	5.1957637257	0.0	0.0	0.0	1.11277444413	0.0	0.0	0.0	0.0	0.0	0.0	0.4725	0.0	0.0	0.0	0.0	0.0	2.03567109209	1.73335416794	0.0	6.77996541597	0.0	0.0	4.23464850377	0.0	0.0	0.0	0.4725	0.0	0.0	0.0	7.29972943934	8.6734268632	0.0	0.0	0.0	0.0	0.4725	5.16495250831	13.971319262	8.12538491063	1.3505	4.85307769291	0.0	0.827838142426	0.4725	0.0	0.0	0.0	0.0	5.11747040106	0.0	0.0	0.0	0.0	3.46932074942	0.0	0.0	0.0	0.0	0.4725	0.0	0.0	0.0	0.0	0.827838142426	0.0	0.0	7.98896724693	0.0	8.31987746845	0.0	0.0	0.0	0.0	0.0	0.0	0.0	0.8279	0.0	0.0	0.0	0.0	1.35056691978	0.0	0.0	0.0	1.11272367082	0.0	0.0	0.0	0.0	0.0	0.0	2.16595687568	0.0	0.0	0.0	0.4725	0.0	0.0	0.0	0.0	0.0	0.0	0.4725	0.0	0.0	0.0	0.0	0.0	0.4725	1.35050378828	0.0	0.827838142426
TCGA-A2-A3KC	4.14082665774	7.38490879465	0.343	0.0	0.0	0.0	0.0	0.0	0.0	0.0	0.0	0.0	1.2278212306	0.1817	0.619944513688	10.7635314627	7.5947772427	6.53386273265	1.82778871819	10.3704642965	0.0	0.343	0.6199	0.0	0.0	0.0	0.0	4.66050462591	6.86972077761	6.52549382045	0.0	0.1817	0.343	0.0	0.0	0.1817	5.39914259526	0.0	0.0	0.0	4.81979331461	0.0	0.0	0.1817	0.1817	0.1817	0.488164131472	0.1817	1.59119668642	0.0	0.0	0.852164972512	0.0	2.3294013203	0.0	0.0	0.0	0.0	0.0	1.93290185067	0.0	2.36744259672	0.1817	0.0	11.1611029903	0.0	0.1817	0.0	14.045888867	7.07321773221	8.76261654693	8.57942351401	0.0	0.0	0.0	0.0	0.0	0.0	8.71319041733	0.0	0.619958160832	0.0	3.79528962023	2.57663507111	18.7136311645	4.75674456492	0.0	0.0	0.0	0.0	0.0	0.0	1.05216760816	0.0	0.0	0.0	0.620003044277	0.0	0.0	0.1817	0.740701599951	0.0	2.40446957279	0.619913275991	0.343	6.15077961442	0.1817	1.14262060991	5.02403472882	0.0	0.0	0.0	0.0	0.0	0.0	0.0	6.42315501832	9.21309608223	0.1817	0.0	0.0	0.0	0.343054382287	1.5255390296	16.0787302802	5.38995655406	3.37767667227	5.97111161692	0.0	0.0	1.14262598449	0.0	0.0	0.0	0.0	4.03851048559	0.0	0.0	0.488114953083	0.0	4.69828201821	0.343	0.1817	0.0	0.0	0.0	0.343	0.0	0.0	0.0	0.488114953083	0.0	0.0	5.69285777961	0.0	8.38581232883	0.740701599951	0.0	0.0	0.0	0.0	0.0	0.0	0.0	0.0	0.0	0.0	0.1817	0.1817	0.1817	0.0	0.0	1.05212571055	0.0	0.0	0.0	0.0	0.1817	0.0	1.45666244584	0.0	0.0	0.0	0.740742538195	0.0	0.0	0.0	0.0	0.0	0.0	0.343	0.0	0.0	0.1817	0.0	0.0	1.5912651488	0.0	0.0	0.1817
TCGA-AR-A24L	5.24178333784	7.87594589724	0.0	0.0	0.0	0.0	0.0	0.0	0.0	1.65349215995	0.0	0.0	0.778442553287	1.47935953744	2.49816431135	11.9919846147	8.86294964071	5.92430275017	1.80884038879	11.1980832154	0.0	0.4411	2.0768924767	0.0	0.0	0.0	0.0	3.0893101314	7.65311533392	5.02120883682	0.0	0.4411	0.0	0.0	0.0	0.0	6.15178437683	0.0	0.0	0.0	4.62089121001	0.4411	0.0	0.4411	0.0	0.0	0.778442553287	0.0	1.65350332644	0.0	0.0	0.778442553287	0.0	2.58669127704	0.0	0.0	0.0	0.0	0.0	0.0	0.0	2.74899246261	0.4411	0.0	9.19595399643	0.0	0.0	0.0	12.1249792988	8.00610336554	8.72827835628	7.89122670949	0.0	0.0	0.0	0.0	0.0	0.0	8.93324279794	0.0	0.4411	0.0	3.31344251876	1.80886851356	18.5956558869	4.12537835582	0.0	0.0	0.0	0.0	0.0	0.0	0.0	0.0	0.0	0.0	0.0	0.0	0.0	0.0	0.0	0.0	2.49815420259	1.28136764775	0.0	5.69453108487	0.0	0.4411	5.42110232333	0.0	0.0	0.0	0.0	0.0	0.0	0.0	7.00768903652	7.27089504522	0.0	0.0	0.0	0.0	0.0	3.14865717246	15.2369858321	4.12535818256	3.20572739935	3.41366403836	0.4411	0.4411	0.7785	0.0	0.0	0.0	0.0	4.41861741689	0.0	0.0	0.4411	0.4411	5.46849267981	1.28136764775	3.14867998297	0.0	0.0	0.0	0.778442553287	0.0	0.0	0.0	0.4411	0.0	0.0	5.94121253212	0.0	6.94207660728	1.28131853085	0.0	0.4411	0.0	0.0	0.0	0.0	1.05171005654	0.4411	0.0	0.0	0.0	0.4411	0.0	0.0	0.0	0.778442553287	0.0	0.0	0.0	0.0	0.0	0.0	1.05171005654	0.0	0.0	0.0	0.4411	0.0	0.0	0.0	0.0	0.0	0.0	0.7785	0.0	0.0	0.4411	0.0	0.0	1.05166252091	0.4411	0.0	0.0
TCGA-EW-A1P3	5.17693474317	10.5900693814	0.0	0.0	0.0	0.0	0.4899	0.0	0.0	0.4899	0.0	0.0	0.4899	0.854949195509	0.0	11.4821835457	8.14365772224	6.85075495026	2.44561207758	11.4092201437	0.0	0.0	3.57489409319	0.0	0.0	0.0	0.0	4.23191990372	6.71853832178	4.5130490149	0.0	0.8549	0.0	0.0	0.0	0.0	6.91017977043	0.0	0.0	0.0	3.9963397955	0.0	0.0	0.0	0.0	0.0	1.93746435042	0.0	2.44559791885	0.0	0.0	0.0	0.0	3.30672301081	0.0	0.0	0.0	0.0	0.0	0.854949195509	0.0	3.66963448548	0.0	0.0	12.2860660829	0.0	0.0	0.0	11.8149646339	7.22678705937	9.25144777998	9.19783689153	0.0	0.0	0.0	0.0	0.0	0.0	8.69422296682	0.0	0.4899	0.0	3.66962095546	2.82066079053	18.0023137378	5.62989475766	0.0	0.0	0.0	0.0	0.0	0.0	0.4899	0.0	0.0	0.0	0.4899	0.4899	0.0	0.0	1.14599101006	0.0	4.03248149092	1.93744552234	0.0	6.91503670096	0.0	1.146	4.98766675237	0.0	0.0	0.0	0.0	0.0	0.0	0.0	7.19128460358	9.19685412511	0.0	0.0	0.0	0.0	0.4899	2.3343590982	14.7629307439	4.98770138683	3.36450806586	3.66960939492	0.0	0.4899	1.59532610168	0.0	0.0	0.0	0.0	3.88232964918	0.0	0.0	0.0	0.0	4.81190918472	0.0	0.0	0.0	0.0	0.0	0.0	0.0	0.0	0.0	0.4899	0.0	0.0	5.97406250647	1.38810257962	10.2397183082	0.0	0.0	0.0	0.0	0.0	0.0	0.0	1.146	0.0	0.0	0.0	0.4899	0.4899	0.0	0.0	0.0	0.0	0.0	0.0	0.0	0.0	0.0	0.0	0.854949195509	0.4899	0.0	0.0	0.0	0.0	0.0	0.0	0.0	0.0	0.0	0.0	0.0	0.0	0.4899	0.0	0.0	0.0	0.0	0.0	0.0
TCGA-AR-A24N	6.28577484207	9.81205244761	0.0	0.0	0.0	0.0	0.0	0.0	0.0	0.0	0.0	0.0	0.73706559402	5.01533360653	0.0	11.5017219628	9.11497916226	7.40407772208	2.41535761766	11.0940303111	0.0	0.73706559402	3.73730566784	0.0	0.0	0.0	0.0	4.196752398	8.32228864174	5.39271301634	0.0	0.0	0.0	0.0	0.0	0.0	7.45980725275	0.0	0.0	0.0	4.56511525169	0.0	0.0	0.4151	0.0	0.0	0.7371	0.0	2.00025133721	0.0	0.0	1.22259956239	0.0	3.11580413819	0.0	0.0	0.0	0.0	0.0	2.50280310177	0.0	4.79045230922	0.0	0.0	13.1909697188	0.0	0.0	0.0	12.6524328868	8.64184932693	9.4922693902	8.56386260237	0.0	0.0	0.0	0.0	0.0	0.0	8.74744839307	0.0	1.41523675167	0.0	3.70080493524	2.00023700265	17.5931405759	5.98528890143	0.0	0.0	0.0	0.0	0.0	0.0	1.41525037901	0.0	0.0	0.0	0.0	0.0	0.0	0.0	0.4151	0.0	3.0003269522	0.4151	0.0	6.25460656055	0.4151	0.4151	5.34617341999	0.0	0.0	0.0	0.0	0.0	0.0	0.0	7.5343468395	7.23560168023	0.0	0.0	0.0	0.0	0.4151	2.58529023052	14.8710414321	4.64423727594	3.27335997388	3.7729273216	0.0	0.0	0.0	0.0	0.0	0.0	0.0	5.32229699831	0.0	0.0	0.0	0.0	4.73732552074	0.0	0.0	0.0	0.0	0.0	0.4151	0.0	0.0	0.0	1.415215249	0.0	0.0	6.44332490431	0.0	9.90724725879	1.22258442584	0.0	0.0	0.0	0.0	0.0	0.0	0.7371	0.0	0.0	0.0	0.0	0.0	0.0	0.0	0.0	0.0	0.0	0.0	0.0	0.0	0.4151	0.0	0.4151	0.0	0.0	0.0	0.0	0.0	0.0	0.0	0.0	0.0	0.0	1.87474384318	0.0	0.0	0.0	0.0	0.0	1.87469183933	0.4151	0.0	0.0
TCGA-E2-A14Q	4.24966147375	7.827618885	0.0	0.0	0.0	0.0	0.0	0.0	0.0	1.0428	0.0	0.0	1.04280746861	0.4366	1.64174461499	11.6963401316	7.94608048784	6.86053659361	1.4683457121	10.5976089813	0.0	0.0	1.27120648324	0.0	0.0	0.0	0.0	3.24510290155	7.73970463797	5.19738080959	0.0	0.0	0.0	0.0	0.0	0.0	5.99781198693	0.0	0.0	0.0	4.16696024897	0.0	0.0	0.0	0.4366	0.0	0.0	0.0	1.27120648324	0.0	0.0	1.46833575254	0.0	3.3488220984	0.0	0.0	0.0	0.0	0.0	0.7713	0.0	3.81510529474	0.0	0.0	12.8748275981	0.0	0.0	0.0	13.1720563209	7.37841079105	8.23883203316	8.09329999622	0.0	0.0	0.0	0.0	0.0	0.0	9.46714069523	0.4366	0.0	0.0	4.27623097888	1.93628534266	17.972229368	5.43987827829	0.0	0.0	0.0	0.0	0.0	0.0	0.0	0.0	0.0	0.0	0.0	0.0	0.0	0.0	0.0	0.771312580595	1.4683	3.24507961831	0.4366	6.17758942594	0.0	0.4366	4.58318199092	0.0	0.0	0.4366	0.0	0.0	0.0	0.0	7.42067915977	7.07233271983	0.0	0.0	0.0	0.0	0.0	2.87990202867	14.4166452382	5.67755385301	3.07406016057	5.02024925209	0.0	0.0	3.29788127569	0.0	0.0	0.0	0.0	3.88577298169	0.0	0.0	0.0	0.0	5.51981916387	0.7713	1.0428	0.0	0.0	0.4366	0.0	0.0	0.0	0.0	0.771312580595	0.0	0.0	7.23687200918	0.0	9.87206545546	0.771312580595	0.0	0.0	0.0	0.0	0.0	0.0	1.9363	0.0	0.4366	0.0	0.0	0.4366	0.0	0.0	0.0	0.771312580595	0.0	0.0	0.0	0.0	0.0	0.0	1.27120396185	0.0	0.0	0.0	0.0	0.0	0.0	0.0	0.0	0.4366	0.0	0.0	0.0	0.0	0.0	0.0	0.0	0.4366	0.0	0.0	0.0
TCGA-AR-A2LK	4.15380111218	5.86510637037	0.0	0.0	0.0	0.0	0.86886910885	0.0	0.0	0.0	0.0	0.0	0.8689	1.90854455633	0.0	9.2866444703	8.07870104275	6.85609532657	0.86886910885	11.3415975853	0.0	0.0	0.0	0.0	0.0	0.0	0.0	3.88467511321	6.49558104866	5.85136753648	0.0	0.0	0.633095232182	0.0	0.0	0.0	4.7341107176	0.0	0.0	0.0	3.16781826421	0.0	0.0	0.351	0.0	0.0	0.0	0.0	1.90848915496	0.0	0.0	1.54988850496	0.0	2.01062292606	0.0	0.0	0.0	0.0	0.0	0.633095232182	0.0	4.01325892236	0.351	0.0	8.66285517187	0.0	0.0	0.0	13.5716654158	6.7493010131	8.31035874959	8.91253260223	0.633	0.0	0.0	0.351	0.0	0.0	8.13914004711	0.0	1.67950944394	0.0	2.63995095668	1.6795992242	18.3157721969	4.01324398868	0.0	0.0	0.0	0.0	0.0	0.0	0.351	0.351	0.0	0.0	0.0	0.0	0.351	0.0	1.07153972484	0.0	2.10598278326	2.81948348847	0.351	4.0852680241	0.0	0.0	3.65162404045	0.0	0.0	0.0	0.0	0.0	0.0	0.0	6.81787945636	8.49681968058	0.0	0.0	0.0	0.0	0.351	1.54983806268	17.1644482566	4.96786102624	3.16782586889	3.65161573104	0.0	0.0	0.0	0.0	0.0	0.351	0.0	4.41825014647	0.0	0.0	0.0	0.351	2.5747289516	0.0	0.0	0.0	0.0	0.0	0.351	0.0	0.0	0.0	0.351	0.0	0.0	5.98281758111	0.0	8.44070487339	0.351	0.0	0.0	0.0	0.0	0.0	0.0	0.633095232182	0.0	0.0	0.0	0.0	0.0	0.0	0.0	0.0	0.0	0.0	0.0	0.0	0.0	0.0	0.0	0.633095232182	0.0	0.0	0.0	0.351	0.0	0.0	0.0	0.0	0.0	0.0	0.0	0.0	0.0	0.0	0.0	0.0	1.07153972484	0.0	0.351	0.0
TCGA-A2-A04U	5.85958792614	8.23161929867	0.4599	0.4599	0.0	0.0	1.08829707894	0.0	0.0	0.4599	0.0	0.0	0.4599	0.4599	1.7015560797	11.7848200581	8.6669050938	6.61815151134	3.15116487162	10.8701451647	0.0	0.4599	3.5713362096	0.0	0.0	0.0	0.0	3.15119059839	9.62593807358	6.19144230153	0.0	1.0883	0.0	0.0	0.0	0.0	5.5940162788	0.0	0.0	0.0	4.41089915752	0.0	0.4599	0.808	1.32289721232	1.0883	0.0	0.808090881656	4.06759924842	0.0	0.0	1.85918214856	0.0	3.65966846588	0.4599	0.0	0.0	0.0	0.0	2.55590733354	0.0	4.35906719429	0.0	0.0	15.0998222333	0.0	0.0	0.0	14.150239378	9.47199201763	9.51925673111	7.33028806199	0.4599	0.0	0.0	2.13053922823	0.0	0.0	9.69290940235	0.4599	2.13053479881	0.0	5.70198043087	5.32348447321	17.8362773845	4.88418856355	0.0	0.0	0.0	0.4599	0.0	0.0	1.7015346011	0.0	0.0	0.0	0.4599	0.0	0.0	0.0	1.32289472965	0.0	2.24923004727	0.0	0.0	7.73290257148	0.0	0.0	4.46097349214	0.4599	0.0	0.0	0.0	0.0	0.0	0.0	6.83290087363	10.8373445798	0.0	0.0	0.0	0.0	1.32295833324	4.66685047787	15.5769703968	4.41088887794	2.24915461963	5.50143361537	0.0	0.0	1.52457113573	0.0	0.0	0.0	0.0	6.10747455677	0.808	0.0	0.808	0.0	4.78946824651	0.0	0.0	0.0	0.0	0.0	0.0	0.0	0.0	0.0	2.24918645129	0.0	0.0	6.78458779867	2.72928537181	10.4767353691	1.32289721232	0.0	0.4599	0.0	0.0	0.0	0.0	3.96733784069	0.0	0.0	0.0	0.0	0.4599	0.0	0.0	0.0	1.70158352284	0.0	0.0	0.0	0.4599	1.32289721232	0.0	1.70158137872	0.0	0.0	0.0	1.52468174559	0.0	0.0	0.0	0.0	0.0	0.0	1.85914021181	0.0	0.0	1.08829707894	0.0	0.0	1.08837191327	1.32289472965	0.4599	0.0
TCGA-AR-A24U	5.31005082693	7.22502119684	0.0	0.0	0.0	0.0	0.0	0.0	0.0	0.0	0.0	0.0	0.7792	0.0	2.07821525887	12.4342944775	8.85573821929	6.25169817921	3.09078834213	11.8681874325	0.4416	0.4416	2.40517014456	0.0	0.0	0.0	0.0	4.03541900278	8.60020487414	5.82938539294	0.0	1.0526	0.0	0.0	0.0	0.0	6.90118782548	0.0	0.0	0.0	4.7041219285	0.7792	0.0	0.4416	0.0	0.0	0.779233971256	0.0	2.0781446621	0.0	0.0	1.65471859607	0.0	2.89636487151	0.0	0.0	0.0	0.0	0.0	1.65468910236	0.0	3.71972134126	0.4416	0.0	12.7427821656	0.0	0.4416	0.0	12.3045052576	8.04935645775	9.75902118791	9.28142326171	0.0	0.0	0.0	0.0	0.0	0.0	8.90615032606	0.0	1.0526166622	0.0	4.51368208093	3.83276479763	17.5502011956	4.60143502287	0.0	0.0	0.0	0.0	0.0	0.0	0.0	0.0	0.0	0.0	0.4416	0.0	0.0	0.0	1.0526	0.0	2.30419773272	0.0	0.7792	5.31008814766	0.0	0.779233971256	4.6639157778	0.0	0.0	0.0	0.0	0.0	0.0	0.0	7.33466359556	7.16146247601	0.0	0.0	0.0	0.0	0.0	3.63910971134	14.9739108103	6.96046357149	3.26216472131	5.02287173146	0.4416	0.0	0.0	0.0	0.0	0.0	0.0	4.60142481396	0.0	0.0	0.4416	0.0	5.69617434198	0.0	0.4416	0.0	0.0	0.0	0.0	0.0	0.0	0.0	0.779233971256	0.0	0.0	5.58220744926	1.6547	9.43409308846	1.81005350532	0.779233971256	0.0	0.0	0.0	0.0	0.4416	2.40518769572	0.0	0.0	0.0	0.0	0.0	0.0	0.0	0.0	2.75043745683	0.0	0.0	0.0	0.0	0.4416	0.0	0.4416	0.0	0.0	0.4416	1.05264476864	0.0	0.0	0.0	0.0	0.0	0.0	1.2823795018	0.0	0.0	0.7792	0.0	0.0	2.07819045613	1.2823795018	0.0	0.0
TCGA-BH-A0H5	5.46727378609	7.30774361798	0.0	0.0	0.3835	0.6862	0.0	0.0	0.0	0.0	0.0	0.0	2.12090431227	0.3835	0.9362	11.8048709373	8.50891941752	7.4626901063	2.76253553023	11.319097159	0.3835	0.0	3.54322462564	0.0	0.0	0.0	0.0	3.42549993469	8.93945616838	5.64463200215	0.3835	0.3835	0.0	0.0	0.0	0.0	6.44083266351	0.0	0.0	0.0	4.51880898243	0.0	0.0	0.0	0.6862	0.0	0.936245981356	0.3835	1.78077323046	0.0	0.0	2.0161522446	0.0	3.25193465126	0.0	0.0	0.0	0.0	0.0	1.14928883895	0.0	3.65208233903	0.0	0.0	12.2393257602	0.0	0.0	0.6862	13.589888467	7.65371530041	9.55621701871	8.66531858508	0.0	0.0	0.0	0.0	0.0	0.0	9.29669895021	0.3835	0.3835	0.0	3.78546033284	2.01616789687	17.7471573741	4.31320275494	0.0	0.0	0.0	0.0	0.0	0.0	0.3835	0.0	0.0	0.0	0.3835	0.0	0.0	0.0	1.14931112298	0.0	2.01616883239	3.8780247508	0.0	6.34140126081	0.3835	1.6468662606	4.29095622835	0.0	0.0	0.3835	0.0	0.0	0.0	0.0	6.57127245754	8.06146331594	0.0	0.0	0.0	0.0	1.78074248104	3.54322832632	14.9770671519	9.22654675321	3.10644821954	5.05648166329	0.0	0.0	0.3835	0.0	0.0	0.0	0.3835	4.51884727338	0.0	0.0	0.686169281123	0.3835	4.68177436264	0.3835	0.0	0.0	0.0	0.0	0.0	0.0	0.0	0.0	0.6862	0.0	0.0	6.50026574661	0.0	8.97920261396	0.686169281123	0.0	0.0	0.0	0.0	0.0	0.0	1.4993	0.0	0.0	0.0	0.0	0.3835	0.0	0.0	0.0	0.6862	0.0	0.0	0.0	0.0	0.0	0.0	2.21852776677	0.0	0.0	0.0	0.3835	0.0	0.0	0.0	0.0	0.0	0.0	0.936245981356	0.0	0.0	0.0	0.0	0.0	2.01620455381	0.3835	0.0	0.0
TCGA-D8-A1X8	3.17393597997	9.48315050211	0.0	0.0	0.0	0.0	0.0	0.0	0.0	0.0	0.0	0.0	0.0	0.0	0.0	9.5001260253	8.02659430344	7.57162549319	2.13060763118	10.9674262811	0.0	0.8834	1.82141733173	0.0	0.0	0.0	0.0	3.30306783767	6.55341587514	5.33210719949	0.0	0.0	0.0	0.0	0.0	0.0	5.65589361806	0.0	0.0	0.0	3.98035708185	0.0	0.0	0.0	0.8834	0.0	0.0	0.0	2.26348965608	0.0	0.0	0.0	0.0	1.18084216345	0.0	0.0	0.0	0.0	0.0	1.42731864413	0.0	4.67234466684	0.0	0.0	11.6113907085	0.0	0.0	0.0	12.7322485574	6.01747099197	8.05213300504	9.88038637641	0.0	0.0	0.0	0.0	0.0	0.0	8.37388568636	0.0	0.88342242859	0.0	2.26349265286	1.18084216345	16.8827758109	3.58277216178	0.0	0.0	0.0	0.0	0.0	0.0	1.18084216345	0.0	0.0	0.0	0.0	0.0	0.0	0.0	0.0	0.0	1.18084216345	0.5083	0.0	4.74230011945	0.0	0.5083	3.10486048594	0.0	0.0	0.0	0.0	0.5083	0.0	0.0	5.63152834992	7.66160021842	0.0	0.0	0.0	0.0	0.0	0.0	15.3385394297	3.85960150908	3.42154154805	4.29169009637	0.0	0.0	0.5083	0.0	0.0	0.0	0.0	4.78714702233	0.0	0.0	0.5083	0.5083	3.17394276715	0.0	0.0	0.0	0.0	0.0	0.0	0.0	0.0	0.0	0.0	0.0	0.0	6.2272464575	0.0	9.56104768959	1.6378	0.0	0.5083	0.0	0.0	0.0	0.0	0.5083	0.0	0.0	0.0	0.0	0.0	0.0	0.0	0.0	0.5083	0.0	0.0	0.0	0.0	0.0	0.0	0.0	0.0	0.0	0.0	0.0	0.0	0.0	0.0	0.0	0.0	0.0	0.0	0.0	0.0	0.0	0.0	0.0	1.18084216345	0.0	0.0	0.0
TCGA-E9-A244	6.39895586581	7.15919600991	0.0	0.2822	0.0	0.0	0.0	0.0	0.0	0.5181	0.0	0.0	0.2822	5.50097746036	2.77245731079	11.6428540336	8.88315470373	6.61467041676	2.15595795511	11.7896443116	0.0	0.898528557885	1.05673025668	0.0	0.0	0.0	0.0	5.16980543223	8.6624881525	5.76444958157	0.0	1.05669705335	0.0	0.0	0.0	0.0	7.4450706569	0.0	0.0	0.0	4.01094197253	0.0	0.0	0.5181	0.898512945572	0.518127907202	1.55793358887	0.0	2.00879464748	0.0	0.0	2.62873910855	0.0	3.73484417424	0.0	0.0	0.0	0.0	0.0	1.55792821135	0.0	4.87285422172	0.0	0.0	11.0111318658	0.0	0.0	0.0	11.8672051075	7.80839280447	9.87566006792	9.02930151894	0.0	0.0	0.0	0.2822	0.0	0.0	9.07160782837	0.5181	0.72081765891	0.0	5.5078453231	5.22920290692	17.8130624437	4.96551789526	0.0	0.0	0.2822	0.0	0.0	0.0	1.55794600276	0.0	0.0	0.0	0.0	0.0	0.0	0.2822	1.75546247381	0.2822	2.22421353585	1.32893465112	0.0	8.08811216463	0.0	1.05673025668	5.77589507489	0.0	0.0	0.0	0.0	0.0	0.0	0.0	7.23976654406	7.17220741942	0.0	0.0	0.0	0.0	0.2822	4.10450824342	15.6531119219	6.44618711802	2.72613615626	5.02416530999	0.0	0.0	0.720841907849	0.0	0.0	0.0	0.0	5.57480531047	0.0	0.0	0.898528557885	0.7208	6.0543405031	0.0	0.2822	0.5181	0.0	0.0	0.2822	0.0	0.0	0.0	1.92919317285	0.0	0.2822	6.95580119184	0.0	9.13339699724	1.84495896636	0.5181	0.2822	0.0	0.0	0.0	0.2822	2.41159691787	0.0	0.0	0.0	0.0	0.898528557885	0.5181	0.0	0.0	2.00880457807	0.0	0.2822	0.0	0.2822	0.2822	0.0	1.19925082219	0.0	0.0	0.0	1.84492985386	0.0	0.0	0.0	0.0	0.0	0.0	1.19926822707	0.0	0.0	0.2822	0.0	0.0	1.05671626584	0.518127907202	0.5181	0.0
TCGA-EW-A1J6	6.61532499806	9.62796492541	0.3604	0.0	0.0	0.0	0.0	0.0	0.0	0.0	0.3604	0.0	2.96532610333	1.43436864326	1.94020515815	12.230597374	6.4043667032	6.92928628719	3.72258944618	12.0438360242	0.0	1.09425777937	3.75323496866	0.0	0.0	0.0	0.0	4.4592579966	8.17637113528	5.92096896641	0.0	0.648523956106	0.3604	0.0	0.0	0.0	6.99170972818	0.0	0.0	0.0	2.13916928748	0.3604	0.0	0.888574051853	0.0	0.648523956106	1.43436864326	0.0	1.09425777937	0.0	0.0	2.61060721997	0.0	4.1021528032	0.0	0.3604	0.0	0.0	0.0	1.82934647179	0.0	3.59292177977	0.888553767863	0.0	10.7294587392	0.0	0.0	0.3604	11.7908037376	8.38670244716	10.4600944143	8.72913239585	0.0	0.0	0.0	0.0	0.0	0.0	8.20438941024	0.0	0.888574051853	0.0	5.11960382344	4.14904805135	17.8863407654	5.24364312703	0.0	0.0	0.0	0.0	0.0	0.0	1.2743	0.0	0.0	0.0	0.888574051853	0.0	0.0	0.0	0.648523956106	0.0	1.27429978406	0.3604	0.0	4.68291217118	0.3604	1.0943219887	3.29224424798	0.0	0.0	0.0	0.0	0.0	0.3604	0.0	6.70437631157	7.65746933546	0.0	0.0	0.0	0.0	0.0	2.6760861882	15.0605251388	6.0746296275	1.94018279872	4.53186329838	0.0	0.0	0.888553767863	0.0	0.0	0.0	0.0	5.51829316795	0.0	0.0	0.0	0.6485	4.6829038093	0.888553767863	0.3604	0.0	0.0	0.0	0.0	0.0	0.0	0.0	1.43433181226	0.3604	0.0	7.12672662322	0.0	9.48048591389	0.0	0.0	0.0	0.0	0.0	0.0	0.0	1.2743	0.0	0.0	0.0	0.0	0.3604	0.0	0.6485	0.0	0.0	0.0	0.0	0.0	0.0	0.3604	0.0	1.27434093572	0.0	0.0	0.0	0.3604	0.3604	0.0	0.0	0.0	0.648523956106	0.0	1.0942	0.0	0.0	0.648523956106	0.0	0.0	1.70937986221	0.888574051853	0.0	0.0
TCGA-BH-A18H	5.37400609193	8.99518297505	0.0	0.0	0.0	0.8185	0.0	0.0	0.0	0.8185	0.0	0.0	1.71839522044	0.8185	0.8185	12.0759816597	7.81694600738	7.37443400732	1.3375	12.32253303	0.0	2.01944325318	0.0	0.0	0.0	0.0	0.0	3.23254863897	8.50659816506	5.50104363134	0.8185	1.3375	0.0	0.0	0.0	0.8185	6.81355630405	0.0	0.0	0.0	3.95492499939	0.8185	0.0	0.0	0.0	0.0	0.0	0.0	0.8185	0.0	0.0	0.8185	0.0	3.95489268551	0.0	0.0	0.0	0.0	0.0	0.0	0.0	2.48063070154	0.0	0.0	12.5499168972	0.0	0.0	0.0	13.466136019	7.91144883872	9.3100760534	8.0425902177	0.8185	0.0	0.0	0.0	0.0	0.0	9.03983932738	0.0	0.0	0.0	5.31980879092	3.72434410238	17.7338584043	5.78692101924	0.0	0.0	0.0	0.0	0.0	0.0	0.0	0.0	0.0	0.0	0.0	0.0	0.0	0.0	0.8185	0.0	1.3375	0.8185	0.0	6.35648312972	0.0	1.33750720786	4.66868960103	0.0	0.0	0.0	0.0	0.0	0.0	0.0	6.99722260081	7.94759800379	0.0	0.0	0.0	0.0	1.33750720786	2.8295567275	14.6599190005	8.43518635328	2.97673198553	6.28765539033	0.0	0.0	1.3375	0.0	0.0	0.0	0.0	4.57936786675	0.0	0.0	0.8185	0.8185	2.9768	0.0	0.0	0.0	0.0	0.0	0.0	0.0	0.0	0.0	0.8185	0.0	0.0	5.52513955148	0.0	9.54497859826	0.0	0.0	0.0	0.0	0.0	0.0	0.0	1.3375	0.0	0.0	0.0	0.0	1.3375	0.0	0.0	0.0	0.0	0.0	0.0	0.0	0.0	1.33750720786	0.0	2.01944325318	0.0	0.0	0.0	0.0	0.0	0.0	0.0	0.0	0.0	0.0	0.8185	0.0	0.0	0.8185	0.0	0.0	2.48062788359	0.8185	0.8185	0.0
TCGA-BH-A0EA	4.93846675006	8.20869364233	0.0	0.0	0.0	0.0	0.0	0.0	0.0	0.9252	0.0	0.0	2.20031284393	0.0	0.9252	12.3897256937	9.56408666372	6.33987598443	2.20023759338	9.95490769135	0.0	0.0	3.03410640485	0.0	0.0	0.0	0.0	3.44465390217	7.67982324186	4.98012845652	0.0	0.0	0.0	0.0	0.0	0.0	6.35575646744	0.0	0.0	0.0	5.49332685467	0.0	0.0	0.0	0.0	0.0	1.88626191809	0.0	0.0	0.0	0.0	0.0	0.0	2.20026195507	0.0	0.0	0.0	0.0	0.0	0.0	0.0	0.9252	0.0	0.0	8.77135619742	0.0	0.0	0.0	12.9469039851	7.7477375131	9.09199798744	9.41252114301	0.0	0.0	0.0	0.0	0.0	0.0	9.21711237591	0.0	0.9252	0.0	3.55913100938	0.9252	17.5006594723	4.4965558407	0.0	0.0	0.0	0.0	0.0	0.0	0.0	0.0	0.0	0.0	0.0	0.0	0.0	0.0	0.0	0.0	0.9252	1.4843417946	0.0	6.46257969326	0.0	0.9252	5.60410140846	0.0	0.0	0.0	0.0	0.0	0.0	0.0	7.26502754197	7.64135022354	0.0	0.0	0.0	0.0	0.9252	2.45798758724	16.4368490015	5.37331755263	3.44468570961	4.55288528459	0.0	0.0	0.0	0.0	0.0	0.0	0.0	4.31301904628	0.0	0.0	0.9252	0.0	6.96634842272	0.0	0.0	0.0	0.0	0.0	0.0	0.0	0.0	0.0	1.88626191809	0.0	0.0	5.93605587763	0.0	8.06109922611	1.4843417946	0.0	0.0	0.0	0.0	0.0	0.0	1.4843417946	0.0	0.0	0.0	0.0	0.0	0.9252	0.0	0.0	1.8862	0.0	0.0	0.0	0.0	0.0	0.0	0.0	0.0	0.0	0.0	0.0	0.0	0.0	0.0	0.0	0.0	0.0	0.0	0.0	0.0	0.0	0.0	0.0	1.4843	0.9252	0.0	0.0
TCGA-E2-A14R	6.14008038337	6.29834316723	0.0	0.0	0.0	0.0	1.01604356253	0.0	0.0	0.4231	0.0	0.0	0.74984405608	0.0	4.73122278324	11.5426093122	8.34324297246	7.28915056055	3.53171997421	10.8958739906	0.0	0.4231	2.68995248646	0.0	0.0	0.0	0.0	4.30336472886	9.66132050338	5.49069525111	0.0	0.7498	0.0	0.0	0.0	0.0	7.55274407476	0.0	0.0	0.0	3.83706035879	0.0	0.0	0.74984405608	0.0	0.0	0.74984405608	0.74984405608	2.02405388828	0.4231	0.0	0.74984405608	0.0	4.20016295877	0.0	0.0	0.0	0.0	0.0	2.90218110959	0.0	4.53311563339	0.0	0.0	14.2525173867	0.0	0.0	0.0	12.0527345683	8.82522683671	11.1541875992	8.3776312265	0.0	0.0	0.0	0.4231	0.0	0.0	9.10249133256	0.4231	1.24075522508	0.0	5.77732569109	5.17406499764	17.3387565595	5.96222835897	0.0	0.0	0.0	0.0	0.0	0.0	1.0161	0.0	0.0	0.0	0.4231	0.0	0.0	0.0	0.0	0.74984405608	1.89777260007	0.0	0.0	7.46641404257	0.0	1.0161	3.90428630145	0.0	0.0	0.0	0.0	0.4231	0.0	0.0	7.88566615869	6.88970189925	0.0	0.0	0.0	0.4231	1.43508249513	4.53310338825	14.7616047929	7.28601792327	2.68996906575	4.92171496385	0.0	0.0	0.0	0.0	0.0	0.0	0.0	5.58588463912	0.0	0.0	0.0	0.4231	4.32806968354	0.0	1.01608019445	0.0	0.0	0.4231	0.4231	0.0	0.0	0.0	1.89779052794	0.0	0.0	6.22135829854	0.4231	9.67281156334	0.4231	0.0	0.0	0.0	0.0	0.0	0.0	2.52890334123	0.0	0.0	0.0	0.0	0.4231	1.0161	0.0	0.0	2.24751906069	0.0	0.0	0.0	0.0	0.0	0.0	1.24072387599	0.0	0.0	0.0	1.24072387599	0.0	0.0	0.0	0.0	0.0	0.0	2.14010398513	0.0	0.0	0.4231	0.0	0.0	2.34757225744	0.74984405608	0.0	0.0
TCGA-BH-A18K	5.52248313913	7.31381982297	0.0	0.0	0.0	0.0	0.0	0.0	0.0	1.4922	0.0	0.0	1.06203830411	0.0	0.4464	11.7111341371	8.45056936418	7.02339948186	2.09210301311	11.2327740787	0.4464	0.786823470433	0.7868	0.0	0.0	0.4464	0.0	4.48507724861	8.09254678858	5.82887983027	0.0	0.0	0.0	0.0	0.0	0.4464	6.83921901066	0.0	0.0	0.0	4.59737344205	0.4464	0.0	0.4464	0.786823470433	0.0	1.49214409784	0.0	2.09208427656	0.0	0.0	1.49217252678	0.0	4.02061385248	0.0	0.0	0.0	0.0	0.0	1.96384405621	0.0	3.6967413011	0.0	0.0	12.0382220983	0.0	0.0	0.0	11.9550328549	7.99750264671	8.61570751044	8.33540413289	0.0	0.0	0.4464	0.0	0.0	0.0	8.83432761287	0.0	0.4464	0.0	4.81742328715	3.812957386	17.6406087244	6.12715122936	0.0	0.0	0.0	0.0	0.0	0.0	0.4464	0.0	0.0	0.0	0.4464	0.0	0.0	0.0	0.4464	0.0	2.6869474675	1.29306849667	0.0	6.83001216454	0.0	0.0	6.08154392125	0.0	0.0	0.0	0.0	0.0	0.0	0.0	7.51600302344	7.75026955519	0.0	0.0	0.0	0.0	0.786823470433	3.43172902013	14.583565083	4.81743275248	2.51454382564	5.17685294947	0.0	0.0	1.29305238519	0.0	0.0	0.0	0.0	4.9417912552	0.0	0.0	0.0	0.0	5.8380531888	0.0	0.4464	0.0	0.0	0.0	0.4464	0.0	0.0	0.0	0.7868	0.0	0.0	7.79099457213	1.49219996909	8.84572366402	1.062	0.0	0.0	0.0	0.0	0.0	0.0	1.9638	0.0	0.0	0.0	0.0	0.0	0.0	0.0	0.0	0.786823470433	0.0	0.0	0.0	0.0	0.0	0.0	1.49217252678	0.0	0.0	0.0	0.7868	0.0	0.0	0.0	0.0	0.0	0.0	0.4464	0.0	0.0	1.06203830411	0.0	0.4464	1.29310154486	0.0	0.0	0.0
TCGA-BH-A0AZ	5.00175630019	9.76898442946	0.0	0.0	0.0	0.0	0.3421	0.0	0.0	0.6184	0.0	0.0	0.618427335273	1.38157292449	0.6184	11.4390449772	9.14900945721	6.78006410721	1.65103650776	10.784654745	0.0	1.38158903047	1.87808013857	0.0	0.0	0.0	0.0	3.03993045163	7.89199654813	5.4175431159	0.0	0.0	0.0	0.0	0.0	0.0	5.89718349193	0.0	0.0	0.0	5.42655619579	0.3421	0.0	0.0	0.0	0.0	0.6184	0.0	1.04987004982	0.0	0.3421	0.6184	0.0	3.33594309586	0.0	0.0	0.0	0.0	0.0	1.38158468356	0.0	2.24671054653	0.0	0.0	11.9206649248	0.0	0.0	0.0	13.045182488	7.41931848738	7.98941110204	8.46516601219	0.0	0.0	0.0	0.0	0.0	0.0	8.82907824915	0.8502	0.618427335273	0.0	3.61333475839	1.22524505561	18.4876927045	3.33592471021	0.0	0.0	0.0	0.0	0.0	0.0	0.0	0.0	0.0	0.0	0.0	0.0	0.0	0.0	0.618427335273	0.0	1.2252	0.6184	0.0	6.60080279627	0.0	1.04987552044	5.38101367856	0.0	0.0	0.0	0.0	0.0	0.0	0.0	6.41878262331	7.2622617955	0.0	0.0	0.0	0.0	0.850216995397	2.54012801584	14.7618137919	5.21423588854	3.37367696897	4.60167577809	0.0	0.3421	4.20103466117	0.6184	0.0	0.0	0.0	4.43320440356	0.0	0.0	0.0	0.0	6.45879735794	0.0	0.618427335273	0.0	0.0	0.0	0.0	0.0	0.0	0.0	0.0	0.0	0.0	5.84442820323	1.04989031914	7.65782265332	0.8502	0.3421	0.0	0.0	0.0	0.0	0.0	1.52258322621	0.0	0.0	0.0	0.0	0.6184	0.0	0.0	0.0	0.3421	0.0	0.0	0.0	0.0	0.0	0.0	1.22522710614	0.0	0.0	0.0	1.04989031914	0.0	0.0	0.0	0.0	0.0	0.0	0.0	0.0	0.0	0.3421	0.0	0.0	1.22525816046	0.0	0.850240273101	0.0
TCGA-D8-A140	3.86635044249	8.82795237954	0.3467	0.0	0.0	0.0	0.0	0.0	0.0	1.78454137499	0.0	0.0	1.23782240678	0.626015816827	0.0	12.3009521805	7.13593688042	7.31890283289	2.85772188013	10.9652079978	0.0	0.3467	3.10557944696	0.0	0.0	0.0	0.0	4.85714055029	7.11913477649	5.41166531757	0.0	0.0	0.3467	0.0	0.0	1.06121231019	5.64105599931	0.0	0.0	0.0	3.01142240858	0.0	0.0	0.3467	0.0	0.0	1.06127457195	0.0	1.53695435878	0.0	0.0	1.23771222434	0.0	3.15036145537	0.0	0.0	0.0	0.0	0.0	0.3467	0.0	3.69531554016	0.626015816827	0.0	12.4224928301	0.0	0.0	0.0	12.5175617028	7.7341471344	9.05344816925	9.44453822909	0.0	0.0	0.0	0.0	0.0	0.0	8.17752849845	0.3467	0.859997923459	0.0	3.27703317141	2.18004829225	17.9458059134	5.87272746868	0.0	0.0	0.0	0.0	0.0	0.0	0.6261	0.0	0.0	0.0	0.626015816827	0.0	0.0	0.0	0.3467	0.0	1.06121231019	0.0	0.0	4.06672910804	0.0	1.39505256362	3.1503312996	0.0	0.0	1.06121231019	0.0	0.0	0.0	0.0	5.85928906329	7.12190523453	0.0	0.0	0.0	0.0	0.3467	3.05923374175	15.3516965286	5.30667776393	1.99587920701	4.5576344253	0.0	0.0	1.39505399671	0.0	0.0	0.0	0.0	4.0899312413	0.0	0.0	0.0	0.0	3.50132716694	0.0	0.0	0.0	0.0	0.0	0.3467	0.0	0.0	0.0	2.62335763584	0.0	0.0	5.61729538209	0.0	9.50404262321	0.0	0.0	0.0	0.0	0.0	0.0	0.0	1.3951	0.0	0.0	0.0	0.0	0.3467	0.0	0.0	0.0	0.859997923459	0.0	0.0	0.0	0.626015816827	0.0	0.0	1.89404586943	0.0	0.0	0.0	0.85992633993	0.0	0.0	0.0	0.0	0.0	0.0	0.859997923459	0.0	0.0	0.626015816827	0.0	0.0	1.89400989883	0.0	0.0	0.0
TCGA-A2-A25D	3.59678034488	5.82855146874	0.0	0.0	0.0	0.0	1.00644931906	0.0	0.0	1.88384432682	0.0	0.0	0.0	0.0	0.0	10.1429998984	7.10729583471	7.77877445218	1.746	12.1717924424	0.0	0.4183	0.4183	0.0	0.0	0.0	0.0	3.28456400387	8.27178444972	5.73140044699	0.0	0.7421	0.74218205984	0.0	0.0	1.00644931906	5.89531194939	0.0	0.0	0.0	2.2325651666	0.4183	0.0	1.00644931906	0.0	0.0	0.4183	0.0	1.59348954039	0.0	0.0	1.22973798504	0.0	2.59570521743	0.0	0.0	0.0	0.0	0.0	1.22972170539	0.0	6.86659957948	0.4183	0.0	11.3253788178	0.0	0.0	0.0	13.9176938418	7.05717063285	8.56231235931	8.30591649494	0.0	0.0	0.0	0.0	0.0	0.0	8.16088947266	0.7421	1.42314606587	0.0	3.42670394311	3.07022484803	17.2610979241	4.1276120809	0.0	0.0	0.0	0.0	0.0	0.0	0.4183	0.0	0.0	0.0	0.0	0.0	0.0	0.0	0.7421	0.4183	0.74218205984	0.0	0.4183	5.18244670406	0.0	0.7421	2.33218540254	0.0	0.0	0.0	0.0	0.0	0.0	0.0	6.68517634007	10.1157301337	0.0	0.0	0.0	0.0	0.0	2.33224064023	16.3548023467	6.79848502126	2.67384812996	5.18245874803	0.4183	0.4183	0.0	0.0	0.0	0.0	0.0	4.15512664368	0.0	0.0	0.0	0.4183	3.28456862572	0.0	0.4183	0.0	0.0	0.0	0.0	0.0	0.0	0.0	0.74218205984	0.0	0.0	7.11782570776	0.0	9.548141118	0.7421	0.0	0.0	0.0	0.0	0.0	0.0	0.0	0.0	0.4183	0.0	0.4183	1.42314606587	0.0	0.0	0.0	0.7421	0.0	0.0	0.0	0.0	0.4183	0.0	2.00969709263	0.0	0.0	0.0	0.0	0.0	0.0	0.0	0.0	0.0	0.0	0.4183	0.0	0.0	0.4183	0.0	0.0	1.42309182928	0.7421	0.0	0.0
TCGA-D8-A27F	3.3206659304	6.90908820662	0.0	0.0	0.5041	0.0	0.0	0.0	0.0	0.2739	0.0	0.0	0.504003761239	3.80365436881	0.5041	9.97818581885	8.48099347754	7.52488987535	3.01959385258	10.9050849806	0.0	0.0	0.504003761239	0.0	0.0	0.0	0.0	3.5178585726	9.1515153887	5.90606952303	0.0	0.0	0.2739	0.0	0.0	0.5041	5.8704007331	0.0	0.0	0.0	4.58499198651	0.2739	0.0	0.702489288759	0.2739	0.0	0.2739	0.2739	3.37982069821	0.0	0.0	2.63863962131	0.0	2.82048672532	0.0	0.0	0.0	0.0	0.2739	3.32064386746	0.0	6.04958912657	0.0	0.0	13.6058579163	0.0	0.0	0.0	14.7103711103	7.68592349252	8.82223200785	9.27301631015	0.2739	0.0	0.0	1.03248777258	0.0	0.0	9.51114251017	0.0	1.89459676567	0.0	4.57239438265	4.35376095055	17.6053084726	4.4807996443	0.0	0.0	0.2739	0.0	0.0	0.0	3.86704231585	0.0	0.0	0.0	1.52694087873	0.0	0.0	0.0	0.7025	0.0	2.68625626819	0.0	0.702489288759	5.32559236024	0.2739	0.0	3.43666293819	0.0	0.0	0.2739	0.0	0.0	0.0	0.0	5.6951588479	9.76732371721	0.0	0.0	0.0	0.0	0.0	4.29350075186	15.7654462706	4.77327201363	3.82508740284	4.96897622338	0.2739	0.0	0.0	0.0	0.0	0.2739	0.0	5.74668095094	0.0	0.0	0.0	0.0	5.95066655646	0.0	0.2739	0.0	0.0	0.0	0.0	0.0	0.0	0.0	2.25212081685	0.0	0.0	6.16759429362	0.5041	9.65127485327	1.03245134752	0.0	0.702489288759	0.0	0.0	0.0	0.0	2.77707281103	0.0	0.0	0.0	0.0	1.0324	0.2739	0.0	0.5041	1.41826535692	0.0	0.0	0.0	0.702489288759	0.0	0.0	0.876866251075	0.0	0.0	0.0	0.702489288759	0.0	0.0	0.0	0.0	0.0	0.0	1.03242956972	0.0	0.0	0.0	0.5041	0.0	1.03235432059	0.0	0.0	0.0
TCGA-E9-A1NE	5.99353038916	8.06251674607	0.0	0.0	0.0	0.477129329038	0.0	0.0	0.0	1.12164191907	0.0	0.0	1.90449402361	0.0	1.12157761425	12.9524027976	9.12509596821	7.12063757701	1.24602317615	12.0988758876	0.0	0.2582	3.7171154097	0.0	0.0	0.2582	0.0	4.00812853275	8.05298697304	5.92067429463	0.0	0.6672	0.477129329038	0.0	0.0	0.667145912251	7.06894193365	0.0	0.0	0.0	4.63862337334	0.0	0.2582	0.477129329038	0.2582	0.2582	0.835046098	0.0	1.56554390676	0.0	0.0	1.6579727835	0.0	3.75943664906	0.0	0.2582	0.0	0.0	0.0	1.2460444198	0.0	4.23525277063	0.2582	0.0	12.8023863099	0.0	0.2582	0.0	12.9782309922	8.64670244233	8.95830085224	8.58179771746	0.0	0.0	0.0	0.0	0.0	0.0	9.40535223851	0.835	0.667171621468	0.0	5.16531127036	3.87956833785	17.6427277282	4.14229730031	0.0	0.0	0.0	0.0	0.0	0.0	0.835094243624	0.0	0.0	0.0	0.0	0.0	0.0	0.0	0.6672	0.0	2.69765381136	1.12154588981	0.0	5.97114813932	0.0	1.56552977615	5.01598649884	0.0	0.2582	0.0	0.0	0.0	0.0	0.0	7.18617616799	7.47229256567	0.0	0.0	0.0	0.0	1.36053271507	3.8207454953	14.9620742647	7.90510557456	3.07847708409	5.58014907208	0.0	0.0	1.56551008892	0.0	0.835	0.0	0.2582	4.53266873225	0.0	0.0	0.0	0.0	5.41759823419	0.0	1.1216	0.0	0.0	0.835046098	0.0	0.0	0.0	0.0	1.46661582595	0.0	0.0	6.60325439784	0.2582	9.34229952174	0.9854	0.0	0.0	0.0	0.0	0.0	0.0	1.9045	0.0	0.0	0.0	0.0	0.2582	0.0	0.0	0.0	1.12162315709	0.0	0.0	0.0	0.0	0.2582	0.0	1.12158368395	0.0	0.0	0.0	0.667145912251	0.0	0.0	0.0	0.0	0.0	0.0	0.985450051024	0.0	0.0	0.667145912251	0.0	0.0	1.24604263239	0.2582	0.2582	0.0
TCGA-A7-A3IZ	4.6573942965	11.3955639757	0.2654	0.0	0.0	0.0	0.0	0.0	0.0	0.0	0.0	0.0	2.59674977206	0.0	0.0	9.99077828293	6.76620902292	7.89058382511	1.49450556491	9.85333301665	0.0	0.2654	0.6834	0.0	0.0	0.2654	0.0	3.30546049777	7.02074641272	6.48647459138	0.0	0.2654	0.0	0.0	0.0	0.0	5.15942358491	0.0	0.0	0.0	2.68998293828	0.0	0.0	0.6834	0.0	0.0	0.683406742425	0.4895	2.27420308034	0.2654	0.0	1.93645585304	0.0	2.27422170911	0.0	0.0	0.0	0.0	0.0	0.4895	0.0	3.41876707183	0.2654	0.0	4.34971961847	0.0	0.0	0.0	13.6792625525	6.71163646007	8.31880250772	7.36096926889	0.0	0.0	0.0	0.0	0.0	0.0	7.77025701542	0.2654	0.683406742425	0.0	4.27644387038	2.54773058847	17.5236092947	4.59850117313	0.0	0.0	0.0	0.0	0.0	0.0	2.97580722506	0.0	0.0	0.0	0.0	0.0	0.0	0.0	0.0	0.2654	1.49453247582	0.2654	0.2654	4.08364667061	0.68338904773	0.2654	3.24532005821	0.0	0.0	0.0	0.0	0.0	0.0	0.0	7.08655844512	8.50833662311	0.0	0.0	0.0	0.0	0.0	1.00709392867	15.3482416752	4.2306205379	2.44448536183	5.64023304722	0.0	0.0	0.68338904773	0.0	0.0	0.0	0.0	5.38532000972	0.0	0.0	0.0	0.0	2.59670665233	0.0	0.0	0.0	0.0	0.0	0.2654	0.0	0.0	0.0	0.68338904773	0.0	0.0	6.39591246322	0.0	10.4986954126	0.85430628703	0.0	0.0	0.0	0.0	0.0	0.0	0.4895	0.0	0.0	0.0	0.0	0.4895	0.0	0.0	0.0	0.4895	0.0	0.0	0.0	0.0	0.0	0.0	1.77552062091	0.0	0.0	0.0	0.0	0.0	0.0	0.0	0.0	0.0	0.0	0.0	0.0	0.0	0.2654	0.0	0.0	1.49455637798	0.0	0.2654	0.0
TCGA-AC-A23C	5.41801242232	6.34776128405	0.2528	0.0	0.0	0.0	0.0	0.0	0.0	0.2528	0.0	0.0	1.22692874637	2.08954533134	0.467837424199	12.0644272559	9.03839856963	6.91083150515	3.47912259485	10.6900266031	0.0	0.96916759432	3.40284355918	0.0	0.0	0.0	0.0	4.06226480719	7.98004444181	5.19478282109	0.2528	0.655	0.0	0.0	0.0	0.0	7.38592050959	0.0	0.0	0.0	4.56081094137	0.0	0.0	0.2528	0.0	0.467837424199	0.2528	0.0	1.95346396384	0.0	0.0	0.654941542208	0.0	2.71249189181	0.0	0.0	0.0	0.0	0.0	0.4679	0.0	3.80987899136	0.0	0.0	11.933893346	0.0	0.0	0.0	12.198508065	8.37912295872	9.34583577863	8.93379966674	0.0	0.0	0.0	0.0	0.0	0.0	8.88786559437	0.2528	0.4679	0.0	3.11460140726	2.0895182239	17.5685006893	5.54772188782	0.0	0.0	0.0	0.0	0.0	0.0	1.63551611066	0.0	0.0	0.0	0.2528	0.0	0.0	0.0	0.820640153773	0.0	1.3404613484	0.0	0.2528	5.677577412	0.0	0.654996506877	5.28968642374	0.0	0.0	0.0	0.0	0.0	0.0	0.0	7.83149434752	9.12410722799	0.0	0.0	0.0	0.0	0.467837424199	3.29435776678	14.2369278932	6.20523543357	3.11460225487	4.59554008572	0.0	0.654996506877	1.54370038819	0.0	0.0	0.0	0.0	4.54902969295	0.0	0.0	0.655	0.0	5.63930056575	0.2528	0.2528	0.0	0.0	0.0	0.2528	0.0	0.0	0.0	1.63542663705	0.0	0.0	5.86464259842	0.655	10.0542777467	1.63548966105	0.0	0.0	0.0	0.0	0.0	0.0	1.34043334294	0.0	0.0	0.0	0.0	0.2528	0.0	0.0	0.0	1.72175389426	0.0	0.0	0.0	0.0	0.0	0.0	0.654941542208	0.0	0.0	0.0	0.654996506877	0.0	0.0	0.0	0.0	0.2528	0.0	0.4679	0.2528	0.0	0.467837424199	0.0	0.0	1.44557651705	0.0	0.0	0.0
TCGA-A1-A0SI	5.29863113779	6.13532149696	0.0	0.0	0.0	0.4982	0.0	0.0	0.0	1.79688518128	0.0	0.0	0.867817723086	0.867817723086	0.0	10.2771175122	9.3429841192	6.6136985407	2.46908974679	11.220303395	0.0	0.8678	2.66944796921	0.0	0.0	0.0	0.0	3.60126085947	7.39628902025	5.32854683015	0.0	0.0	0.0	0.0	0.0	0.0	6.60757840539	0.0	0.0	0.0	5.18871438066	1.1618	0.0	0.0	0.4982	0.4982	0.4982	0.0	2.66945150318	0.0	0.0	0.4982	0.0	2.57275843384	0.0	0.0	0.0	0.0	0.0	1.95870995596	0.0	2.5727529613	0.0	0.0	10.8639433025	0.0	0.0	0.0	11.780763871	7.12929909506	9.03228931718	8.28734042958	0.0	0.0	0.0	0.0	0.0	0.0	8.3937585301	0.4982	0.0	0.0	3.3325851547	1.61460646264	18.1253357184	4.95927914613	0.0	0.0	0.0	0.0	0.0	0.0	0.0	0.0	0.0	0.0	0.0	0.0	0.0	0.0	0.0	0.0	2.3573966489	0.4982	0.0	5.70447131117	0.0	1.16177688929	5.49613361738	0.0	0.0	0.0	0.0	0.0	0.0	0.0	6.76362366037	8.92008200674	0.0	0.0	0.0	0.0	0.0	1.4058594925	15.0088072677	4.83970725238	3.78521277988	3.60127909699	0.0	0.0	0.0	0.0	0.0	0.0	0.4982	3.49978664493	0.0	0.0	0.0	0.0	5.25253725154	0.0	0.0	0.0	0.0	0.0	0.0	0.0	0.4982	0.0	1.4058594925	0.0	0.0	5.85600265226	0.867817723086	9.80942440077	0.867817723086	0.0	0.0	0.0	0.0	0.0	0.0	1.4059	0.0	0.0	0.0	0.0	0.0	0.0	0.0	0.0	1.7968918832	0.0	0.0	0.0	0.0	0.4982	0.0	0.4982	0.0	0.0	0.0	0.0	0.0	0.0	0.0	0.0	0.0	0.0	0.4982	0.4982	0.0	0.0	0.0	0.4982	2.10419996227	0.867817723086	0.0	0.0
TCGA-E9-A1N8	6.05828368874	7.77781623174	0.0	0.0	0.0	0.0	0.3259	0.0	0.0	0.0	0.0	0.0	0.0	1.00985225496	2.77169802064	10.0447939774	6.59691724461	7.06121375163	2.60133813205	10.1245881315	0.0	0.0	3.10483194204	0.0	0.0	0.0	0.0	2.92399807073	9.21684328779	4.5579511923	0.0	0.0	0.0	0.0	0.0	0.81585279761	5.15864745054	0.0	0.0	0.0	2.71704100606	0.0	0.0	0.0	0.5915	1.0099	1.00986318178	0.0	1.92132869956	0.0	0.0	1.00985225496	0.0	3.92521992195	0.0	0.0	0.0	0.0	0.0	0.3259	0.0	4.12704870978	0.591576280493	0.0	10.4602571619	0.0	0.0	0.0	12.3754470755	8.61022311837	9.56505956994	7.55681803553	0.0	0.0	0.0	0.0	0.0	0.0	9.32173068661	1.00986318178	0.3259	0.0	7.4912570284	5.23830633385	17.2513591475	6.46236545236	0.0	0.0	0.0	0.0	0.0	0.0	1.3338	0.0	0.0	0.0	0.3259	0.0	0.0	0.0	0.3259	0.5915	0.591576280493	1.18092289234	2.18525144184	7.61762663149	0.0	0.3259	2.92392145129	0.0	0.0	0.0	0.0	0.3259	0.0	0.0	4.57341334163	9.88652670646	0.0	0.0	0.0	0.0	0.591576280493	3.50976971767	13.6512374117	3.85119349182	0.8158	4.04083469298	0.0	0.3259	1.82144406765	0.0	0.0	0.0	0.0	4.78717112919	0.0	0.0	0.0	0.0	6.62676595781	0.3259	1.33375809616	0.0	0.0	0.3259	0.0	0.0	0.3259	0.0	2.10253296325	0.0	0.0	6.70596477161	0.3259	10.4210696952	0.3259	0.0	0.3259	0.3259	0.0	0.0	0.0	2.47553809422	0.0	0.0	0.0	0.0	0.81578749991	0.0	0.0	0.0	0.0	0.0	0.0	0.0	0.5915	0.591576280493	0.0	0.591576280493	0.0	0.0	0.3259	1.00986318178	0.0	0.0	0.0	0.0	0.0	0.0	1.33380369734	0.0	0.0	0.3259	0.0	0.0	1.00985225496	0.0	0.0	0.0
TCGA-EW-A1OV	7.21515453884	6.43701149358	0.0	0.0	0.0	0.0	0.4671	0.0	0.0	0.4671	0.0	0.0	2.66735237474	1.10232215922	0.4671	12.2121242257	8.47961290444	7.67796520011	3.23438872601	11.1810454918	0.0	0.0	4.02624650871	0.0	0.0	0.0	0.0	4.4612972151	9.2491722793	5.51521689552	0.0	0.8194	0.0	0.0	0.0	0.4671	8.28288634153	0.0	0.0	0.0	3.72624825185	0.4671	0.0	0.819387004481	0.0	0.4671	0.4671	1.10231147789	3.17457425913	0.0	0.0	1.33874505284	0.0	4.18627763086	0.0	0.819387004481	0.0	0.0	0.0	0.819387004481	0.0	4.05967420559	0.819387004481	0.0	9.65913141315	0.0	0.0	0.0	11.0576059401	7.42227148073	9.83610748503	8.02570569645	0.4671	0.0	0.0	0.0	0.0	0.0	8.39857710091	0.4671	1.10231147789	0.0	4.38419050015	3.88405808204	16.9118912207	6.62758235808	0.0	0.0	0.0	0.0	0.0	0.0	3.80727664765	0.4671	0.0	0.0	0.0	0.4671	0.0	0.0	1.54182357259	0.0	1.87829078713	0.0	0.0	5.04950793614	0.0	0.4671	4.38417413164	0.0	0.0	0.0	0.819387004481	0.0	0.0	0.0	6.43065905967	8.03629342711	0.0	0.0	0.0	0.0	0.4671	5.23666938875	13.427662805	8.3821126246	2.66733044436	4.60420023243	0.0	0.4671	0.8194	0.0	0.0	0.0	0.0	4.2456695	0.0	0.0	0.0	0.4671	5.87609585524	0.0	0.0	0.0	0.0	0.0	0.0	0.0	0.0	0.0	1.10232215922	0.0	0.0	7.5065785241	0.4671	9.77383707505	0.4671	0.0	0.4671	0.0	0.0	0.0	0.0	2.1509	0.0	0.0	0.0	0.0	0.4671	0.0	0.0	0.0	0.4671	0.0	0.0	0.0	0.0	0.8194	0.0	1.10231147789	0.0	0.0	0.0	0.8194	0.0	0.0	0.0	0.0	0.0	0.0	1.10232215922	0.0	0.0	0.819387004481	0.0	0.0	2.38006167117	0.4671	0.0	0.0
